Tag,Restaurant,Terrasse,Datum,Monat,is_fr_sa,Ferien-Value,Special-Day-Value,Niederschlag Tagessumme 6 UTC,Sonnenscheindauer Tagessumme,Lufttemperatur 2m Tagesmittel,Durchschnittliche Anzahl Geburtstage (über 100 Jahre),Tagesumsatz Restaurant
Fr,1620.2,0.0,2021-01-01,Januar,1,1.0,1.0,0.6,0.0,1.7,6852.12,1620.2
Sa,872.9,0.0,2021-01-02,Januar,1,1.0,0.0,0.0,0.0,1.5,6852.12,872.9
So,0.0,0.0,2021-01-03,Januar,0,1.0,0.0,0.0,0.0,0.5,6852.12,0.0
Mo,636.2,0.0,2021-01-04,Januar,0,1.0,0.0,0.0,0.0,0.1,6852.12,636.2
Di,694.5,0.0,2021-01-05,Januar,0,1.0,0.0,0.0,0.0,-0.2,6852.12,694.5
Mi,378.3,0.0,2021-01-06,Januar,0,1.0,0.0,0.6,0.0,-0.3,6852.12,378.3
Do,388.4,0.0,2021-01-07,Januar,0,0.8571428571428571,0.0,0.1,284.0,0.3,6852.12,388.4
Fr,1768.3,0.0,2021-01-08,Januar,1,0.8571428571428571,0.0,0.0,280.0,-0.1,6852.12,1768.3
Sa,1673.1,0.0,2021-01-09,Januar,1,0.0,0.0,0.0,214.0,-2.4,6852.12,1673.1
So,0.0,0.0,2021-01-10,Januar,0,0.0,0.0,0.0,76.0,-1.7,6852.12,0.0
Mo,184.1,0.0,2021-01-11,Januar,0,0.0,0.0,0.0,218.0,-2.7,6852.12,184.1
Di,248.7,0.0,2021-01-12,Januar,0,0.0,0.0,4.4,0.0,-0.4,6852.12,248.7
Mi,824.0,0.0,2021-01-13,Januar,0,0.0,0.0,10.5,0.0,3.3,6852.12,824.0
Do,76.9,0.0,2021-01-14,Januar,0,0.0,0.0,28.9,0.0,3.1,6852.12,76.9
Fr,243.9,0.0,2021-01-15,Januar,1,0.0,0.0,8.4,0.0,-1.0,6852.12,243.9
Sa,1049.3,0.0,2021-01-16,Januar,1,0.0,0.0,0.8,0.0,-3.4,6852.12,1049.3
So,114.7,0.0,2021-01-17,Januar,0,0.0,0.0,6.0,0.0,0.5,6852.12,114.7
Mo,831.1,0.0,2021-01-18,Januar,0,0.0,0.0,0.0,0.0,0.8,6852.12,831.1
Di,464.1,0.0,2021-01-19,Januar,0,0.0,0.0,0.0,293.0,-1.4,6852.12,464.1
Mi,85.7,0.0,2021-01-20,Januar,0,0.0,0.0,0.0,106.0,-0.2,6852.12,85.7
Do,123.2,0.0,2021-01-21,Januar,0,0.0,0.0,0.0,73.0,3.7,6852.12,123.2
Fr,123.2,0.0,2021-01-22,Januar,1,0.0,0.0,5.2,221.0,5.8,6852.12,123.2
Sa,2673.2,0.0,2021-01-23,Januar,1,0.0,0.0,1.1,72.0,2.6,6852.12,2673.2
So,38.233333333333334,0.0,2021-01-24,Januar,0,0.0,0.0,3.4,405.0,1.6,6852.12,38.233333333333334
Mo,641.0,0.0,2021-01-25,Januar,0,0.0,0.0,2.5,61.0,0.7,6852.12,641.0
Di,200.3,0.0,2021-01-26,Januar,0,0.0,0.0,0.0,100.0,0.3,6852.12,200.3
Mi,712.1,0.0,2021-01-27,Januar,0,0.0,0.0,18.8,0.0,-0.8,6852.12,712.1
Do,670.0,0.0,2021-01-28,Januar,0,0.0,0.0,6.9,3.0,5.8,6852.12,670.0
Fr,774.0,0.0,2021-01-29,Januar,1,0.0,0.0,8.3,116.0,8.2,6852.12,774.0
Sa,1863.1,0.0,2021-01-30,Januar,1,0.0,0.0,11.0,0.0,5.3,6852.12,1863.1
So,38.233333333333334,0.0,2021-01-31,Januar,0,0.0,0.0,1.4,17.0,5.7,6852.12,38.233333333333334
Mo,93.8,0.0,2021-02-01,Februar,0,0.0,0.0,5.0,0.0,5.8,6590.24,93.8
Di,205.4,0.0,2021-02-02,Februar,0,0.0,0.0,1.0,0.0,6.8,6590.24,205.4
Mi,0.0,0.0,2021-02-03,Februar,0,0.0,0.0,15.9,7.0,8.5,6590.24,0.0
Do,1411.0,0.0,2021-02-04,Februar,0,0.0,0.0,0.0,68.0,6.1,6590.24,1411.0
Fr,1680.9,0.0,2021-02-05,Februar,1,0.0,0.0,0.0,288.0,6.1,6590.24,1680.9
Sa,2955.6,0.0,2021-02-06,Februar,1,0.5428571428571428,0.0,0.0,0.0,5.1,6590.24,2955.6
So,30.0,0.0,2021-02-07,Februar,0,0.5428571428571428,0.0,5.2,0.0,4.3,6590.24,30.0
Mo,0.0,0.0,2021-02-08,Februar,0,0.5428571428571428,0.0,1.3,338.0,2.9,6590.24,0.0
Di,0.0,0.0,2021-02-09,Februar,0,0.5428571428571428,0.0,2.0,0.0,0.7,6590.24,0.0
Mi,0.0,0.0,2021-02-10,Februar,0,0.5428571428571428,0.0,11.6,0.0,0.3,6590.24,0.0
Do,0.0,0.0,2021-02-11,Februar,0,0.5714285714285714,0.0,0.2,0.0,-5.5,6590.24,0.0
Fr,0.0,0.0,2021-02-12,Februar,1,0.5714285714285714,0.0,0.0,0.0,-6.0,6590.24,0.0
Sa,0.0,0.0,2021-02-13,Februar,1,0.5714285714285714,0.0,0.0,0.0,-6.3,6590.24,0.0
So,0.0,0.0,2021-02-14,Februar,0,0.5714285714285714,1.0,0.0,298.0,-5.6,6590.24,0.0
Mo,0.0,0.0,2021-02-15,Februar,0,0.5714285714285714,0.0,1.2,47.0,-1.2,6590.24,0.0
Di,0.0,0.0,2021-02-16,Februar,0,0.5714285714285714,0.0,6.2,224.0,4.0,6590.24,0.0
Mi,0.0,0.0,2021-02-17,Februar,0,0.5714285714285714,0.0,0.0,316.0,5.9,6590.24,0.0
Do,0.0,0.0,2021-02-18,Februar,0,0.5714285714285714,0.0,0.0,292.0,4.0,6590.24,0.0
Fr,0.0,0.0,2021-02-19,Februar,1,0.5714285714285714,0.0,0.0,376.0,6.9,6590.24,0.0
Sa,0.0,0.0,2021-02-20,Februar,1,0.5714285714285714,0.0,0.0,559.0,6.0,6590.24,0.0
So,0.0,0.0,2021-02-21,Februar,0,0.5714285714285714,0.0,0.0,567.0,5.8,6590.24,0.0
Mo,0.0,0.0,2021-02-22,Februar,0,0.0,0.0,0.0,286.0,5.8,6590.24,0.0
Di,0.0,0.0,2021-02-23,Februar,0,0.0,0.0,0.0,501.0,7.1,6590.24,0.0
Mi,0.0,0.0,2021-02-24,Februar,0,0.0,0.0,0.0,516.0,8.0,6590.24,0.0
Do,0.0,0.0,2021-02-25,Februar,0,0.0,0.0,0.0,576.0,7.9,6590.24,0.0
Fr,0.0,0.0,2021-02-26,Februar,1,0.0,0.0,0.0,344.0,9.2,6590.24,0.0
Sa,0.0,0.0,2021-02-27,Februar,1,0.14285714285714285,0.0,0.0,0.0,6.0,6590.24,0.0
So,0.0,0.0,2021-02-28,Februar,0,0.14285714285714285,0.0,0.0,66.0,3.1,6590.24,0.0
Mo,0.0,0.0,2021-03-01,März,0,0.14285714285714285,0.0,0.0,318.0,2.6,7288.88,0.0
Di,0.0,0.0,2021-03-02,März,0,0.14285714285714285,0.0,0.0,599.0,4.9,7288.88,0.0
Mi,0.0,0.0,2021-03-03,März,0,0.14285714285714285,0.0,0.0,0.0,5.0,7288.88,0.0
Do,0.0,0.0,2021-03-04,März,0,0.14285714285714285,0.0,6.4,94.0,7.9,7288.88,0.0
Fr,1655.5,0.0,2021-03-05,März,1,0.14285714285714285,0.0,4.3,0.0,4.9,7288.88,1655.5
Sa,3281.2,0.0,2021-03-06,März,1,0.14285714285714285,0.0,0.0,0.0,2.5,7288.88,3281.2
So,7.5,0.0,2021-03-07,März,0,0.14285714285714285,0.0,3.3,90.0,4.0,7288.88,7.5
Mo,416.7,0.0,2021-03-08,März,0,0.0,0.0,0.0,144.0,5.6,7288.88,416.7
Di,1371.0,0.0,2021-03-09,März,0,0.0,0.0,0.0,88.0,3.3,7288.88,1371.0
Mi,1484.0,0.0,2021-03-10,März,0,0.0,0.0,0.0,563.0,5.9,7288.88,1484.0
Do,502.1,0.0,2021-03-11,März,0,0.0,0.0,7.3,122.0,10.4,7288.88,502.1
Fr,2236.4,0.0,2021-03-12,März,1,0.0,0.0,0.0,401.0,8.3,7288.88,2236.4
Sa,3418.0,0.0,2021-03-13,März,1,0.0,0.0,13.6,425.0,8.7,7288.88,3418.0
So,645.8,0.0,2021-03-14,März,0,0.0,0.0,6.4,76.0,4.1,7288.88,645.8
Mo,707.4,0.0,2021-03-15,März,0,0.0,0.0,8.3,17.0,3.4,7288.88,707.4
Di,786.5,0.0,2021-03-16,März,0,0.0,0.0,5.0,4.0,3.3,7288.88,786.5
Mi,644.2,0.0,2021-03-17,März,0,0.0,0.0,9.6,11.0,1.7,7288.88,644.2
Do,117.1,0.0,2021-03-18,März,0,0.0,0.0,0.0,209.0,1.5,7288.88,117.1
Fr,2053.7,0.0,2021-03-19,März,1,0.0,0.0,0.8,518.0,1.7,7288.88,2053.7
Sa,3643.7,0.0,2021-03-20,März,1,0.0,0.0,0.0,175.0,0.8,7288.88,3643.7
So,288.8,0.0,2021-03-21,März,0,0.0,0.0,0.3,38.0,2.0,7288.88,288.8
Mo,1266.7,0.0,2021-03-22,März,0,0.0,0.0,0.0,7.0,3.4,7288.88,1266.7
Di,1362.3,22.7,2021-03-23,März,0,0.0,0.0,0.0,551.0,3.9,7288.88,1385.0
Mi,508.5,0.0,2021-03-24,März,0,0.0,0.0,0.0,689.0,6.3,7288.88,508.5
Do,1632.2,0.0,2021-03-25,März,0,0.0,0.0,0.0,593.0,8.5,7288.88,1632.2
Fr,2343.8,15.2,2021-03-26,März,1,0.0,0.0,3.2,573.0,9.8,7288.88,2359.0
Sa,4511.2,61.5,2021-03-27,März,1,0.0,0.0,0.9,261.0,8.7,7288.88,4572.7
So,1932.6,0.0,2021-03-28,März,0,0.0,0.1,0.0,698.0,7.9,7288.88,1932.6
Mo,1841.6,27.1,2021-03-29,März,0,0.0,0.0,0.0,700.0,10.6,7288.88,1868.6999999999998
Di,1556.0,26.8,2021-03-30,März,0,0.0,0.0,0.0,707.0,11.8,7288.88,1582.8
Mi,2210.1,0.0,2021-03-31,März,0,0.0,0.0,0.0,699.0,13.6,7288.88,2210.1
Do,2514.6,14.0,2021-04-01,April,0,0.0,0.0,0.0,700.0,14.6,7048.37,2528.6
Fr,3415.0,15.0,2021-04-02,April,1,0.4857142857142857,1.0,0.0,465.0,13.4,7048.37,3430.0
Sa,4237.8,0.0,2021-04-03,April,1,0.4857142857142857,0.0,0.0,2.0,6.9,7048.37,4237.8
So,2594.1,0.0,2021-04-04,April,0,0.4857142857142857,1.0,0.0,722.0,6.9,7048.37,2594.1
Mo,839.5,0.0,2021-04-05,April,0,0.4857142857142857,1.0,16.0,388.0,7.8,7048.37,839.5
Di,1141.0,0.0,2021-04-06,April,0,0.4857142857142857,0.0,1.8,318.0,0.1,7048.37,1141.0
Mi,2290.6,0.0,2021-04-07,April,0,0.4857142857142857,0.0,0.0,186.0,1.7,7048.37,2290.6
Do,2349.8,0.0,2021-04-08,April,0,0.4857142857142857,0.0,0.0,730.0,4.3,7048.37,2349.8
Fr,2336.8,0.0,2021-04-09,April,1,0.7142857142857143,0.0,0.0,618.0,8.7,7048.37,2336.8
Sa,4317.8,184.0,2021-04-10,April,1,0.7142857142857143,0.0,0.0,341.0,11.0,7048.37,4501.8
So,1135.8,0.0,2021-04-11,April,0,0.7142857142857143,0.0,24.8,375.0,11.8,7048.37,1135.8
Mo,968.8,0.0,2021-04-12,April,0,0.7142857142857143,0.0,4.9,0.0,3.2,7048.37,968.8
Di,1512.6,0.0,2021-04-13,April,0,0.7142857142857143,0.0,0.0,290.0,3.2,7048.37,1512.6
Mi,2695.8,0.0,2021-04-14,April,0,0.7142857142857143,0.0,0.0,339.0,3.9,7048.37,2695.8
Do,2551.5,0.0,2021-04-15,April,0,0.7142857142857143,0.0,0.0,58.0,4.0,7048.37,2551.5
Fr,3818.7,0.0,2021-04-16,April,1,0.8571428571428571,0.0,0.0,137.0,4.6,7048.37,3818.7
Sa,3990.1,0.0,2021-04-17,April,1,0.8571428571428571,0.75,0.0,147.0,5.3,7048.37,3990.1
So,425.0,0.0,2021-04-18,April,0,0.34285714285714286,0.75,0.2,51.0,6.4,7048.37,425.0
Mo,1810.4,1205.3,2021-04-19,April,0,0.34285714285714286,0.0,0.0,392.0,8.0,7048.37,3015.7
Di,1106.4,4474.3,2021-04-20,April,0,0.34285714285714286,0.0,0.0,708.0,9.3,7048.37,5580.700000000001
Mi,1791.8,3697.5,2021-04-21,April,0,0.34285714285714286,0.0,0.0,487.0,10.6,7048.37,5489.3
Do,2331.8,4333.7,2021-04-22,April,0,0.34285714285714286,0.0,0.0,486.0,11.2,7048.37,6665.5
Fr,2801.9,10392.7,2021-04-23,April,1,0.34285714285714286,0.0,0.0,769.0,11.4,7048.37,13194.6
Sa,2982.8,14734.1,2021-04-24,April,1,0.34285714285714286,0.0,0.0,714.0,13.0,7048.37,17716.9
So,1697.5,15650.6,2021-04-25,April,0,0.14285714285714285,0.0,0.0,687.0,14.0,7048.37,17348.1
Mo,1859.3,4711.7,2021-04-26,April,0,0.14285714285714285,0.0,0.0,579.0,12.1,7048.37,6571.0
Di,2104.8,7550.9,2021-04-27,April,0,0.14285714285714285,0.0,0.0,580.0,12.3,7048.37,9655.7
Mi,1100.4,3493.0,2021-04-28,April,0,0.14285714285714285,0.0,5.7,151.0,13.5,7048.37,4593.4
Do,1848.4,1240.9,2021-04-29,April,0,0.14285714285714285,0.0,5.7,0.0,10.8,7048.37,3089.3
Fr,2724.7,728.8,2021-04-30,April,1,0.2857142857142857,0.0,7.4,173.0,9.4,7048.37,3453.5
Sa,4661.0,440.0,2021-05-01,Mai,1,0.2857142857142857,0.0,23.4,0.0,6.9,7211.93,5101.0
So,1756.6,0.0,2021-05-02,Mai,0,0.14285714285714285,0.0,6.2,139.0,6.5,7211.93,1756.6
Mo,797.9,5067.6,2021-05-03,Mai,0,0.14285714285714285,0.0,0.0,718.0,8.5,7211.93,5865.5
Di,2218.5,831.7,2021-05-04,Mai,0,0.14285714285714285,0.0,4.0,343.0,12.2,7211.93,3050.2
Mi,2022.0,103.7,2021-05-05,Mai,0,0.14285714285714285,0.0,7.6,110.0,9.5,7211.93,2125.7
Do,2963.4,89.9,2021-05-06,Mai,0,0.14285714285714285,0.0,12.0,4.0,9.2,7211.93,3053.3
Fr,3631.3,1731.5,2021-05-07,Mai,1,0.14285714285714285,0.0,7.8,81.0,8.7,7211.93,5362.8
Sa,2271.2,14910.6,2021-05-08,Mai,1,0.14285714285714285,0.75,0.0,768.0,11.7,7211.93,17181.8
So,890.1,18189.7,2021-05-09,Mai,0,0.14285714285714285,0.75,0.0,812.0,17.9,7211.93,19079.8
Mo,1965.3,5091.2,2021-05-10,Mai,0,0.14285714285714285,0.0,0.0,223.0,17.3,7211.93,7056.5
Di,1486.5,177.8,2021-05-11,Mai,0,0.14285714285714285,0.0,8.8,38.0,11.7,7211.93,1664.3
Mi,1969.9,2688.0,2021-05-12,Mai,0,0.14285714285714285,0.0,0.2,141.0,10.3,7211.93,4657.9
Do,3045.8,2748.8,2021-05-13,Mai,0,0.14285714285714285,1.0,5.8,40.0,9.3,7211.93,5794.6
Fr,3530.9,5488.6,2021-05-14,Mai,1,0.14285714285714285,1.0,0.0,407.0,10.3,7211.93,9019.5
Sa,4532.6,3054.0,2021-05-15,Mai,1,0.14285714285714285,0.0,17.5,69.0,9.5,7211.93,7586.6
So,1464.6,743.2,2021-05-16,Mai,0,0.0,0.0,21.5,3.0,9.5,7211.93,2207.8
Mo,3068.7,1302.7,2021-05-17,Mai,0,0.0,0.0,0.5,409.0,12.0,7211.93,4371.4
Di,1712.2,1823.5,2021-05-18,Mai,0,0.0,0.0,12.4,187.0,11.4,7211.93,3535.7
Mi,2121.9,1219.5,2021-05-19,Mai,0,0.0,0.0,12.8,136.0,7.9,7211.93,3341.4
Do,1488.9,3913.8,2021-05-20,Mai,0,0.0,0.0,0.1,362.0,10.7,7211.93,5402.700000000001
Fr,1834.6,1507.3,2021-05-21,Mai,1,0.0,0.0,21.6,0.0,10.0,7211.93,3341.8999999999996
Sa,2808.7,7581.2,2021-05-22,Mai,1,0.0,0.0,7.0,493.0,12.0,7211.93,10389.9
So,3669.7,13185.8,2021-05-23,Mai,0,0.0,1.0,0.0,473.0,11.8,7211.93,16855.5
Mo,1347.5,3239.0,2021-05-24,Mai,0,0.0,1.0,1.6,4.0,11.7,7211.93,4586.5
Di,1648.1,2633.0,2021-05-25,Mai,0,0.0,0.0,0.0,468.0,11.9,7211.93,4281.1
Mi,1144.0,1948.6,2021-05-26,Mai,0,0.0,0.0,1.2,116.0,12.7,7211.93,3092.6
Do,1244.6,2565.0,2021-05-27,Mai,0,0.0,0.0,3.2,50.0,10.4,7211.93,3809.6
Fr,4436.1,10249.65,2021-05-28,Mai,1,0.0,0.0,0.0,867.0,14.1,7211.93,14685.75
Sa,2056.6,13024.2,2021-05-29,Mai,1,0.0,0.0,0.0,266.0,14.6,7211.93,15080.800000000001
So,664.2,15348.4,2021-05-30,Mai,0,0.0,0.0,0.0,869.0,14.8,7211.93,16012.6
Mo,1550.2,10350.05,2021-05-31,Mai,0,0.0,0.0,0.0,825.0,15.3,7211.93,11900.25
Di,3672.2,11755.5,2021-06-01,Juni,0,0.0,0.0,0.0,869.0,17.6,6877.36,15427.7
Mi,2861.9,4589.4,2021-06-02,Juni,0,0.0,0.0,3.6,326.0,17.1,6877.36,7451.299999999999
Do,1116.6,14412.0,2021-06-03,Juni,0,0.0,0.5,0.0,333.0,19.5,6877.36,15528.6
Fr,3058.4,12899.2,2021-06-04,Juni,1,0.0,0.0,10.0,273.0,18.9,6877.36,15957.6
Sa,5434.3,938.2,2021-06-05,Juni,1,0.0,0.0,7.4,78.0,15.3,6877.36,6372.5
So,5750.5,7329.8,2021-06-06,Juni,0,0.0,0.0,5.3,46.0,16.1,6877.36,13080.3
Mo,3624.5,450.3,2021-06-07,Juni,0,0.0,0.0,30.9,2.0,15.7,6877.36,4074.8
Di,3961.7,3141.9,2021-06-08,Juni,0,0.0,0.0,3.0,56.0,16.8,6877.36,7103.6
Mi,251.0,7061.4,2021-06-09,Juni,0,0.0,0.0,0.2,136.0,17.1,6877.36,7312.4
Do,1717.4,9249.0,2021-06-10,Juni,0,0.0,0.0,0.0,744.0,18.8,6877.36,10966.4
Fr,2270.0,12516.5,2021-06-11,Juni,1,0.0,0.0,0.0,847.0,20.0,6877.36,14786.5
Sa,3907.2,15967.5,2021-06-12,Juni,1,0.0,0.0,0.0,667.0,21.5,6877.36,19874.7
So,3742.6,17126.5,2021-06-13,Juni,0,0.0,0.0,0.0,483.0,21.1,6877.36,20869.1
Mo,413.6,10622.3,2021-06-14,Juni,0,0.0,0.0,0.0,887.0,20.4,6877.36,11035.9
Di,1720.7,11367.98,2021-06-15,Juni,0,0.0,0.0,0.0,883.0,22.3,6877.36,13088.68
Mi,1661.2,10939.22,2021-06-16,Juni,0,0.0,0.0,0.0,814.0,23.7,6877.36,12600.42
Do,1488.8,10986.5,2021-06-17,Juni,0,0.0,0.0,0.0,823.0,24.9,6877.36,12475.3
Fr,592.4,11927.8,2021-06-18,Juni,1,0.0,0.0,8.6,568.0,24.2,6877.36,12520.199999999999
Sa,1178.7,14715.4,2021-06-19,Juni,1,0.0,0.0,0.3,603.0,24.2,6877.36,15894.1
So,2401.3,12551.1,2021-06-20,Juni,0,0.0,0.0,0.7,226.0,21.8,6877.36,14952.400000000001
Mo,3344.0,4263.2,2021-06-21,Juni,0,0.0,0.0,11.2,400.0,19.7,6877.36,7607.2
Di,2396.5,8413.1,2021-06-22,Juni,0,0.0,0.0,4.0,140.0,17.5,6877.36,10809.6
Mi,1777.4,6375.3,2021-06-23,Juni,0,0.0,0.0,2.5,204.0,18.5,6877.36,8152.700000000001
Do,5996.2,3837.4,2021-06-24,Juni,0,0.0,0.0,26.0,179.0,15.9,6877.36,9833.6
Fr,2743.6,7334.3,2021-06-25,Juni,1,0.0,0.0,1.8,48.0,15.7,6877.36,10077.9
Sa,6090.4,15988.1,2021-06-26,Juni,1,0.0,0.0,0.0,600.0,18.9,6877.36,22078.5
So,3392.6,16205.3,2021-06-27,Juni,0,0.0,0.0,4.8,540.0,21.0,6877.36,19597.899999999998
Mo,2842.6,4475.7,2021-06-28,Juni,0,0.0,0.0,15.4,510.0,20.5,6877.36,7318.299999999999
Di,4713.6,2191.1,2021-06-29,Juni,0,0.0,0.0,19.6,185.0,16.2,6877.36,6904.700000000001
Mi,4607.8,1338.0,2021-06-30,Juni,0,0.0,0.0,17.8,291.0,15.8,6877.36,5945.8
Do,3300.5,5755.1,2021-07-01,Juli,0,0.0,0.0,0.0,57.0,16.0,7076.14,9055.6
Fr,739.5,12442.4,2021-07-02,Juli,1,0.028571428571428574,0.0,0.0,525.0,18.3,7076.14,13181.9
Sa,4538.9,8813.8,2021-07-03,Juli,1,0.31428571428571433,0.0,12.2,208.0,17.6,7076.14,13352.699999999999
So,5243.6,6382.8,2021-07-04,Juli,0,0.31428571428571433,0.0,3.9,54.0,16.8,7076.14,11626.400000000001
Mo,904.0,11343.7,2021-07-05,Juli,0,0.31428571428571433,0.0,0.0,297.0,18.0,7076.14,12247.7
Di,3294.2,3795.7,2021-07-06,Juli,0,0.31428571428571433,0.0,21.2,377.0,18.2,7076.14,7089.9
Mi,6598.4,2417.9,2021-07-07,Juli,0,0.31428571428571433,0.0,11.8,0.0,16.4,7076.14,9016.3
Do,6009.7,645.0,2021-07-08,Juli,0,0.31428571428571433,0.0,35.6,24.0,15.5,7076.14,6654.7
Fr,3056.5,10913.0,2021-07-09,Juli,1,1.0,0.0,0.0,401.0,16.8,7076.14,13969.5
Sa,3422.2,16379.1,2021-07-10,Juli,1,1.0,0.0,9.4,770.0,18.5,7076.14,19801.3
So,3331.0,16172.4,2021-07-11,Juli,0,1.0,0.0,0.0,458.0,17.7,7076.14,19503.4
Mo,1248.2,11664.4,2021-07-12,Juli,0,1.0,0.0,14.9,522.0,20.0,7076.14,12912.6
Di,6802.5,0.0,2021-07-13,Juli,0,1.0,0.0,48.9,0.0,13.0,7076.14,6802.5
Mi,4646.9,1944.3,2021-07-14,Juli,0,1.0,0.0,22.7,202.0,14.9,7076.14,6591.2
Do,6994.3,0.0,2021-07-15,Juli,0,1.0,0.0,9.2,7.0,15.4,7076.14,6994.3
Fr,7103.9,2889.2,2021-07-16,Juli,1,1.0,0.0,2.7,200.0,16.9,7076.14,9993.099999999999
Sa,6967.6,3093.7,2021-07-17,Juli,1,1.0,0.0,8.7,115.0,17.9,7076.14,10061.3
So,1746.6,14939.9,2021-07-18,Juli,0,1.0,0.0,0.0,187.0,19.9,7076.14,16686.5
Mo,1645.0,10568.1,2021-07-19,Juli,0,1.0,0.0,0.0,809.0,20.9,7076.14,12213.1
Di,1474.3,13204.1,2021-07-20,Juli,0,1.0,0.0,0.0,774.0,20.9,7076.14,14678.4
Mi,3288.0,11870.0,2021-07-21,Juli,0,1.0,0.0,0.0,821.0,21.0,7076.14,15158.0
Do,3028.1,14627.3,2021-07-22,Juli,0,1.0,0.0,0.0,670.0,21.4,7076.14,17655.399999999998
Fr,1860.2,15074.1,2021-07-23,Juli,1,1.0,0.0,0.0,709.0,22.2,7076.14,16934.3
Sa,4081.8,6395.6,2021-07-24,Juli,1,1.0,0.0,15.7,176.0,20.9,7076.14,10477.400000000001
So,5879.2,6587.7,2021-07-25,Juli,0,1.0,0.0,27.3,42.0,18.3,7076.14,12466.9
Mo,3135.4,5234.6,2021-07-26,Juli,0,1.0,0.0,8.9,159.0,17.9,7076.14,8370.0
Di,2822.3,6260.5,2021-07-27,Juli,0,1.0,0.0,4.2,298.0,18.9,7076.14,9082.8
Mi,2926.2,7377.9,2021-07-28,Juli,0,1.0,0.0,2.8,87.0,18.0,7076.14,10304.099999999999
Do,4027.3,13806.3,2021-07-29,Juli,0,1.0,0.0,0.0,562.0,20.0,7076.14,17833.6
Fr,3361.4,6776.7,2021-07-30,Juli,1,1.0,0.0,22.4,435.0,19.7,7076.14,10138.1
Sa,3420.6,6939.7,2021-07-31,Juli,1,1.0,0.0,37.0,83.0,17.9,7076.14,10360.3
So,7087.3,414.6,2021-08-01,August,0,1.0,1.0,10.7,3.0,14.1,6840.05,7501.900000000001
Mo,4304.8,8598.9,2021-08-02,August,0,1.0,0.0,0.0,304.0,15.2,6840.05,12903.7
Di,3814.9,3598.0,2021-08-03,August,0,1.0,0.0,4.5,220.0,15.5,6840.05,7412.9
Mi,5386.5,86.1,2021-08-04,August,0,1.0,0.0,8.5,0.0,14.5,6840.05,5472.6
Do,3310.3,6919.1,2021-08-05,August,0,1.0,0.0,2.1,212.0,16.6,6840.05,10229.400000000001
Fr,5267.7,9508.7,2021-08-06,August,1,1.0,0.0,0.0,335.0,18.5,6840.05,14776.400000000001
Sa,7389.3,1982.6,2021-08-07,August,1,1.0,0.0,23.8,76.0,16.0,6840.05,9371.9
So,7760.2,6651.3,2021-08-08,August,0,1.0,0.0,0.0,27.0,15.7,6840.05,14411.5
Mo,1363.1,10715.9,2021-08-09,August,0,0.7999999999999999,0.0,0.0,442.0,17.1,6840.05,12079.0
Di,2740.9,12061.7,2021-08-10,August,0,0.7999999999999999,0.0,0.0,770.0,19.5,6840.05,14802.6
Mi,3348.1,12817.6,2021-08-11,August,0,0.7999999999999999,0.0,0.0,652.0,21.4,6840.05,16165.7
Do,3401.9,14539.2,2021-08-12,August,0,0.7999999999999999,0.0,0.0,706.0,22.8,6840.05,17941.100000000002
Fr,1720.6,13774.0,2021-08-13,August,1,0.7999999999999999,0.0,0.0,649.0,23.4,6840.05,15494.6
Sa,3729.1,14694.8,2021-08-14,August,1,0.7999999999999999,0.0,0.0,762.0,24.3,6840.05,18423.899999999998
So,1788.6,16585.4,2021-08-15,August,0,0.6571428571428571,0.0,13.6,522.0,24.4,6840.05,18374.0
Mo,4974.7,1949.7,2021-08-16,August,0,0.5428571428571428,0.0,32.9,58.0,18.2,6840.05,6924.4
Di,2794.3,8455.7,2021-08-17,August,0,0.5428571428571428,0.0,0.1,145.0,16.5,6840.05,11250.0
Mi,1140.2,10176.3,2021-08-18,August,0,0.5428571428571428,0.0,0.0,315.0,17.7,6840.05,11316.5
Do,2233.0,12592.4,2021-08-19,August,0,0.5428571428571428,0.0,0.0,10.0,18.1,6840.05,14825.4
Fr,1791.45,14570.7,2021-08-20,August,1,0.5428571428571428,0.0,0.0,649.0,19.6,6840.05,16362.150000000001
Sa,4066.6,15246.4,2021-08-21,August,1,0.5428571428571428,0.0,3.0,725.0,20.9,6840.05,19313.0
So,3193.4,8953.4,2021-08-22,August,0,0.05714285714285715,0.0,21.8,59.0,17.9,6840.05,12146.8
Mo,1972.4,9447.3,2021-08-23,August,0,0.05714285714285715,0.0,0.2,264.0,17.3,6840.05,11419.699999999999
Di,4790.7,2885.8,2021-08-24,August,0,0.05714285714285715,0.0,0.0,14.0,15.9,6840.05,7676.5
Mi,3562.7,2359.3,2021-08-25,August,0,0.05714285714285715,0.0,0.0,0.0,15.6,6840.05,5922.0
Do,3841.2,6764.3,2021-08-26,August,0,0.05714285714285715,0.0,0.0,307.0,16.7,6840.05,10605.5
Fr,4125.1,8452.9,2021-08-27,August,1,0.05714285714285715,0.0,0.0,268.0,16.4,6840.05,12578.0
Sa,6753.8,2892.7,2021-08-28,August,1,0.05714285714285715,0.5,4.5,174.0,14.4,6840.05,9646.5
So,8685.9,1248.7,2021-08-29,August,0,0.0,0.0,5.9,2.0,13.6,6840.05,9934.6
Mo,5089.4,1277.7,2021-08-30,August,0,0.0,0.0,9.7,142.0,14.8,6840.05,6367.099999999999
Di,3758.9,4548.5,2021-08-31,August,0,0.0,0.0,0.0,71.0,15.6,6840.05,8307.4
Mi,2007.8,9213.6,2021-09-01,September,0,0.0,0.0,0.0,501.0,15.8,6763.88,11221.4
Do,1733.5,12101.5,2021-09-02,September,0,0.0,0.0,0.0,731.0,16.4,6763.88,13835.0
Fr,1919.6,12655.9,2021-09-03,September,1,0.0,0.0,0.0,712.0,17.8,6763.88,14575.5
Sa,2457.2,16269.3,2021-09-04,September,1,0.0,0.0,0.0,653.0,18.1,6763.88,18726.5
So,3582.4,16284.1,2021-09-05,September,0,0.0,0.0,0.0,705.0,18.6,6763.88,19866.5
Mo,739.9,10269.1,2021-09-06,September,0,0.0,0.0,0.0,716.0,18.7,6763.88,11009.0
Di,1186.7,11394.1,2021-09-07,September,0,0.0,0.0,0.0,608.0,18.2,6763.88,12580.800000000001
Mi,3112.1,13848.7,2021-09-08,September,0,0.0,0.0,0.1,711.0,19.1,6763.88,16960.8
Do,3395.2,5916.2,2021-09-09,September,0,0.0,0.0,0.2,19.0,18.3,6763.88,9311.4
Fr,5604.3,2966.8,2021-09-10,September,1,0.0,0.0,6.2,12.0,17.2,6763.88,8571.1
Sa,6564.7,13752.1,2021-09-11,September,1,0.0,0.0,1.2,384.0,17.7,6763.88,20316.8
So,2813.3,15598.4,2021-09-12,September,0,0.0,0.0,0.0,195.0,17.0,6763.88,18411.7
Mo,279.1,9810.9,2021-09-13,September,0,0.0,0.0,0.0,564.0,18.5,6763.88,10090.0
Di,803.0,10071.9,2021-09-14,September,0,0.0,0.0,0.0,451.0,19.7,6763.88,10874.9
Mi,2800.9,749.0,2021-09-15,September,0,0.0,0.0,0.6,80.0,19.3,6763.88,3549.9
Do,4039.5,1201.8,2021-09-16,September,0,0.0,0.0,30.2,90.0,17.6,6763.88,5241.3
Fr,4976.6,7857.1,2021-09-17,September,1,0.0,0.0,0.0,181.0,16.2,6763.88,12833.7
Sa,3462.1,9730.1,2021-09-18,September,1,0.0,0.0,1.9,377.0,15.1,6763.88,13192.2
So,6748.1,0.0,2021-09-19,September,0,0.0,0.0,20.0,0.0,11.7,6763.88,6748.1
Mo,3650.6,826.0,2021-09-20,September,0,0.0,0.0,1.3,1.0,13.0,6763.88,4476.6
Di,4407.5,2483.7,2021-09-21,September,0,0.0,0.0,0.0,198.0,14.2,6763.88,6891.2
Mi,3701.6,862.8,2021-09-22,September,0,0.0,0.0,0.0,28.0,12.5,6763.88,4564.4
Do,3026.7,5266.3,2021-09-23,September,0,0.0,0.0,0.0,523.0,14.0,6763.88,8293.0
Fr,3458.6,9808.7,2021-09-24,September,1,0.05714285714285715,0.0,0.0,666.0,15.5,6763.88,13267.300000000001
Sa,5335.8,12859.9,2021-09-25,September,1,0.05714285714285715,0.0,2.3,463.0,16.7,6763.88,18195.7
So,6437.3,2913.5,2021-09-26,September,0,0.05714285714285715,0.0,0.0,52.0,16.0,6763.88,9350.8
Mo,2475.4,5362.6,2021-09-27,September,0,0.05714285714285715,0.0,0.0,462.0,16.7,6763.88,7838.0
Di,4629.9,1289.9,2021-09-28,September,0,0.05714285714285715,0.0,1.3,2.0,14.8,6763.88,5919.799999999999
Mi,3979.5,1674.7,2021-09-29,September,0,0.05714285714285715,0.0,4.7,278.0,14.7,6763.88,5654.2
Do,3699.5,3428.6,2021-09-30,September,0,0.05714285714285715,0.0,0.0,560.0,11.6,6763.88,7128.1
Fr,4611.1,6119.2,2021-10-01,Oktober,1,0.7428571428571429,0.0,0.3,570.0,12.6,6589.36,10730.3
Sa,3675.2,6888.3,2021-10-02,Oktober,1,0.7428571428571429,0.0,0.0,453.0,15.8,6589.36,10563.5
So,4560.8,6273.9,2021-10-03,Oktober,0,0.7428571428571429,0.0,2.3,179.0,15.6,6589.36,10834.7
Mo,3698.2,65.5,2021-10-04,Oktober,0,0.7428571428571429,0.0,7.8,0.0,11.8,6589.36,3763.7
Di,5021.7,223.5,2021-10-05,Oktober,0,0.7428571428571429,0.0,4.2,36.0,12.2,6589.36,5245.2
Mi,3643.3,81.6,2021-10-06,Oktober,0,0.7428571428571429,0.0,5.3,75.0,9.6,6589.36,3724.9
Do,3901.1,312.0,2021-10-07,Oktober,0,0.7428571428571429,0.0,0.0,118.0,10.2,6589.36,4213.1
Fr,6360.0,143.4,2021-10-08,Oktober,1,1.0,0.0,0.0,85.0,10.9,6589.36,6503.4
Sa,7273.1,227.1,2021-10-09,Oktober,1,1.0,0.0,0.0,0.0,9.9,6589.36,7500.200000000001
So,7004.8,2056.8,2021-10-10,Oktober,0,1.0,0.0,0.0,257.0,8.2,6589.36,9061.6
Mo,4190.4,1580.1,2021-10-11,Oktober,0,1.0,0.0,0.0,518.0,7.1,6589.36,5770.5
Di,6121.0,21.7,2021-10-12,Oktober,0,1.0,0.0,14.0,2.0,8.1,6589.36,6142.7
Mi,5358.2,135.8,2021-10-13,Oktober,0,1.0,0.0,2.8,99.0,7.4,6589.36,5494.0
Do,4945.6,1755.5,2021-10-14,Oktober,0,1.0,0.0,0.0,525.0,6.4,6589.36,6701.1
Fr,5397.0,2631.2,2021-10-15,Oktober,1,1.0,0.0,0.0,457.0,8.1,6589.36,8028.2
Sa,6945.2,2699.9,2021-10-16,Oktober,1,1.0,0.0,0.0,328.0,8.1,6589.36,9645.1
So,6803.9,4824.7,2021-10-17,Oktober,0,0.2571428571428572,0.0,0.0,488.0,7.9,6589.36,11628.599999999999
Mo,3967.1,3634.3,2021-10-18,Oktober,0,0.2571428571428572,0.0,0.0,523.0,9.4,6589.36,7601.4
Di,6487.1,901.4,2021-10-19,Oktober,0,0.2571428571428572,0.0,0.0,73.0,10.3,6589.36,7388.5
Mi,4035.3,3257.8,2021-10-20,Oktober,0,0.2571428571428572,0.0,7.2,362.0,11.2,6589.36,7293.1
Do,4101.0,202.6,2021-10-21,Oktober,0,0.2571428571428572,0.0,0.5,356.0,13.1,6589.36,4303.6
Fr,5129.8,165.3,2021-10-22,Oktober,1,0.2571428571428572,0.0,1.1,7.0,8.0,6589.36,5295.1
Sa,5361.8,2671.9,2021-10-23,Oktober,1,0.2571428571428572,0.0,0.0,505.0,7.0,6589.36,8033.700000000001
So,6961.0,3254.2,2021-10-24,Oktober,0,0.028571428571428574,0.0,0.0,505.0,6.4,6589.36,10215.2
Mo,4646.5,1720.7,2021-10-25,Oktober,0,0.028571428571428574,0.0,0.7,408.0,8.1,6589.36,6367.2
Di,4770.4,154.4,2021-10-26,Oktober,0,0.028571428571428574,0.0,0.0,116.0,9.4,6589.36,4924.799999999999
Mi,5750.4,263.6,2021-10-27,Oktober,0,0.028571428571428574,0.0,0.0,0.0,7.2,6589.36,6014.0
Do,4162.4,424.5,2021-10-28,Oktober,0,0.028571428571428574,0.0,0.0,310.0,6.8,6589.36,4586.9
Fr,5143.6,955.3,2021-10-29,Oktober,1,0.028571428571428574,0.0,0.0,307.0,6.3,6589.36,6098.900000000001
Sa,6923.9,10.6,2021-10-30,Oktober,1,0.028571428571428574,0.0,0.3,0.0,6.7,6589.36,6934.5
So,8936.0,3823.2,2021-10-31,Oktober,0,0.0,0.0,0.4,451.0,10.4,6589.36,12759.2
Mo,4462.7,20.2,2021-11-01,November,0,0.0,0.0,8.5,0.0,8.8,6225.59,4482.9
Di,3533.8,79.7,2021-11-02,November,0,0.0,0.0,2.8,217.0,6.5,6225.59,3613.5
Mi,3874.0,0.0,2021-11-03,November,0,0.0,0.0,3.0,99.0,5.9,6225.59,3874.0
Do,2688.9,0.0,2021-11-04,November,0,0.0,0.0,0.0,164.0,6.1,6225.59,2688.9
Fr,4390.4,43.5,2021-11-05,November,1,0.0,0.0,0.0,200.0,5.8,6225.59,4433.9
Sa,7931.6,92.5,2021-11-06,November,1,0.0,0.0,0.0,293.0,3.6,6225.59,8024.1
So,6907.4,3084.3,2021-11-07,November,0,0.0,0.0,2.0,485.0,3.9,6225.59,9991.7
Mo,2248.9,0.0,2021-11-08,November,0,0.0,0.0,0.2,4.0,6.3,6225.59,2248.9
Di,3694.0,0.0,2021-11-09,November,0,0.0,0.0,0.0,0.0,4.3,6225.59,3694.0
Mi,3759.0,9.2,2021-11-10,November,0,0.0,0.0,0.0,0.0,3.5,6225.59,3768.2
Do,4236.1,402.5,2021-11-11,November,0,0.0,0.0,0.0,266.0,4.4,6225.59,4638.6
Fr,5175.2,0.0,2021-11-12,November,1,0.0,0.0,0.0,0.0,4.8,6225.59,5175.2
Sa,5973.8,0.0,2021-11-13,November,1,0.0,0.0,5.9,0.0,6.0,6225.59,5973.8
So,6051.2,0.0,2021-11-14,November,0,0.0,0.0,0.8,0.0,7.5,6225.59,6051.2
Mo,1665.9,0.0,2021-11-15,November,0,0.0,0.0,0.0,0.0,6.2,6225.59,1665.9
Di,2680.5,0.0,2021-11-16,November,0,0.0,0.0,0.3,0.0,5.9,6225.59,2680.5
Mi,4887.9,0.0,2021-11-17,November,0,0.0,0.0,0.4,0.0,4.6,6225.59,4887.9
Do,4199.8,0.0,2021-11-18,November,0,0.0,0.0,0.0,122.0,5.5,6225.59,4199.8
Fr,5449.5,0.0,2021-11-19,November,1,0.0,0.0,0.0,52.0,4.6,6225.59,5449.5
Sa,6244.7,0.0,2021-11-20,November,1,0.0,0.0,0.0,0.0,3.6,6225.59,6244.7
So,7352.7,0.0,2021-11-21,November,0,0.0,0.0,0.9,277.0,2.8,6225.59,7352.7
Mo,2416.3,0.0,2021-11-22,November,0,0.0,0.0,0.7,0.0,4.4,6225.59,2416.3
Di,6043.1,0.0,2021-11-23,November,0,0.0,0.0,0.0,0.0,4.1,6225.59,6043.1
Mi,5963.0,0.0,2021-11-24,November,0,0.0,0.0,0.0,0.0,3.3,6225.59,5963.0
Do,2965.5,0.0,2021-11-25,November,0,0.0,0.0,1.4,0.0,2.2,6225.59,2965.5
Fr,6465.0,0.0,2021-11-26,November,1,0.0,0.0,1.1,0.0,0.8,6225.59,6465.0
Sa,6971.4,0.0,2021-11-27,November,1,0.0,0.0,1.6,34.0,1.6,6225.59,6971.4
So,4825.0,0.0,2021-11-28,November,0,0.0,0.0,2.5,12.0,1.6,6225.59,4825.0
Mo,2180.3,0.0,2021-11-29,November,0,0.0,0.0,1.1,19.0,0.9,6225.59,2180.3
Di,3879.1,0.0,2021-11-30,November,0,0.0,0.0,0.7,0.0,1.3,6225.59,3879.1
Mi,5453.8,0.0,2021-12-01,Dezember,0,0.0,0.0,3.5,129.0,4.3,6455.11,5453.8
Do,4078.7,0.0,2021-12-02,Dezember,0,0.0,0.0,10.0,5.0,2.8,6455.11,4078.7
Fr,4835.6,0.0,2021-12-03,Dezember,1,0.0,0.0,3.7,337.0,0.2,6455.11,4835.6
Sa,5424.2,0.0,2021-12-04,Dezember,1,0.0,0.0,10.1,0.0,3.3,6455.11,5424.2
So,6016.5,0.0,2021-12-05,Dezember,0,0.0,0.0,3.8,81.0,2.2,6455.11,6016.5
Mo,2375.8,33.0,2021-12-06,Dezember,0,0.0,0.0,0.0,0.0,0.9,6455.11,2408.8
Di,5900.8,44.1,2021-12-07,Dezember,0,0.0,0.0,4.2,360.0,2.4,6455.11,5944.900000000001
Mi,2582.2,0.0,2021-12-08,Dezember,0,0.0,0.0,30.2,0.0,0.7,6455.11,2582.2
Do,2898.9,33.0,2021-12-09,Dezember,0,0.0,0.0,0.0,50.0,0.8,6455.11,2931.9
Fr,5521.4,9.2,2021-12-10,Dezember,1,0.0,0.0,3.2,0.0,0.5,6455.11,5530.599999999999
Sa,5760.9,0.0,2021-12-11,Dezember,1,0.0,0.0,0.3,1.0,3.2,6455.11,5760.9
So,2828.1,0.0,2021-12-12,Dezember,0,0.0,0.0,0.0,107.0,1.1,6455.11,2828.1
Mo,3528.1,88.1,2021-12-13,Dezember,0,0.0,0.0,0.0,374.0,1.4,6455.11,3616.2
Di,2652.6,33.0,2021-12-14,Dezember,0,0.0,0.0,0.0,0.0,1.3,6455.11,2685.6
Mi,6168.2,0.0,2021-12-15,Dezember,0,0.0,0.0,0.0,0.0,1.1,6455.11,6168.2
Do,3419.4,0.0,2021-12-16,Dezember,0,0.0,0.0,0.0,0.0,1.7,6455.11,3419.4
Fr,5575.6,0.0,2021-12-17,Dezember,1,0.0,0.0,0.0,0.0,2.1,6455.11,5575.6
Sa,5262.1,0.0,2021-12-18,Dezember,1,0.0,0.0,0.0,30.0,1.7,6455.11,5262.1
So,5757.6,0.0,2021-12-19,Dezember,0,0.0,0.0,0.0,0.0,0.6,6455.11,5757.6
Mo,3447.4,0.0,2021-12-20,Dezember,0,0.0,0.0,0.0,0.0,-0.2,6455.11,3447.4
Di,3173.3,0.0,2021-12-21,Dezember,0,0.0,0.0,0.0,0.0,0.0,6455.11,3173.3
Mi,3691.0,0.0,2021-12-22,Dezember,0,0.14285714285714285,0.0,0.0,0.0,-1.2,6455.11,3691.0
Do,4187.0,21.0,2021-12-23,Dezember,0,0.14285714285714285,0.0,0.0,247.0,0.1,6455.11,4208.0
Fr,4.6,0.0,2021-12-24,Dezember,1,1.0,1.0,0.7,1.0,3.1,6455.11,4.6
Sa,7349.15,0.0,2021-12-25,Dezember,1,1.0,1.0,6.9,2.0,4.4,6455.11,7349.15
So,3453.4,0.0,2021-12-26,Dezember,0,1.0,1.0,6.2,23.0,5.7,6455.11,3453.4
Mo,2173.4,0.0,2021-12-27,Dezember,0,1.0,0.0,1.5,34.0,4.1,6455.11,2173.4
Di,5036.8,0.0,2021-12-28,Dezember,0,1.0,0.0,3.8,3.0,6.7,6455.11,5036.8
Mi,3676.0,0.0,2021-12-29,Dezember,0,1.0,0.0,16.9,0.0,7.2,6455.11,3676.0
Do,5566.3,123.5,2021-12-30,Dezember,0,1.0,0.0,0.1,148.0,9.5,6455.11,5689.8
Fr,12956.2,1367.9,2021-12-31,Dezember,1,1.0,1.0,0.0,390.0,5.4,6455.11,14324.1
Sa,5675.8,1793.6,2022-01-01,Januar,1,1.0,1.0,0.0,386.0,3.6,6852.12,7469.4
So,4336.6,34.6,2022-01-02,Januar,0,1.0,0.0,0.0,144.0,4.9,6852.12,4371.200000000001
Mo,1757.7,0.0,2022-01-03,Januar,0,0.7142857142857143,0.0,0.5,8.0,9.6,6852.12,1757.7
Di,1929.3,0.0,2022-01-04,Januar,0,0.7142857142857143,0.0,18.7,63.0,9.0,6852.12,1929.3
Mi,1901.1,0.0,2022-01-05,Januar,0,0.7142857142857143,0.0,5.3,19.0,1.3,6852.12,1901.1
Do,2142.1,0.0,2022-01-06,Januar,0,0.5714285714285714,0.0,0.0,0.0,0.7,6852.12,2142.1
Fr,3547.2,0.0,2022-01-07,Januar,1,0.2857142857142857,0.0,0.9,95.0,-0.2,6852.12,3547.2
Sa,4447.5,0.0,2022-01-08,Januar,1,0.2857142857142857,0.0,1.6,10.0,2.7,6852.12,4447.5
So,5743.1,0.0,2022-01-09,Januar,0,0.2857142857142857,0.0,5.8,68.0,3.3,6852.12,5743.1
Mo,2036.6,33.0,2022-01-10,Januar,0,0.0,0.0,0.1,4.0,1.6,6852.12,2069.6
Di,3490.4,0.0,2022-01-11,Januar,0,0.0,0.0,0.0,225.0,1.5,6852.12,3490.4
Mi,2537.6,97.1,2022-01-12,Januar,0,0.0,0.0,0.0,180.0,-0.8,6852.12,2634.7
Do,2515.8,0.0,2022-01-13,Januar,0,0.0,0.0,0.0,0.0,-2.4,6852.12,2515.8
Fr,4667.5,0.0,2022-01-14,Januar,1,0.0,0.0,0.0,318.0,-1.9,6852.12,4667.5
Sa,6598.5,0.0,2022-01-15,Januar,1,0.0,0.0,0.0,0.0,-1.3,6852.12,6598.5
So,6427.8,32.6,2022-01-16,Januar,0,0.0,0.0,0.0,32.0,-1.4,6852.12,6460.400000000001
Mo,2116.6,126.3,2022-01-17,Januar,0,0.0,0.0,0.0,323.0,2.5,6852.12,2242.9
Di,2343.6,0.0,2022-01-18,Januar,0,0.0,0.0,0.0,135.0,1.7,6852.12,2343.6
Mi,2087.2,28.4,2022-01-19,Januar,0,0.0,0.0,0.1,223.0,0.9,6852.12,2115.6
Do,926.6,28.4,2022-01-20,Januar,0,0.0,0.0,0.7,0.0,1.8,6852.12,955.0
Fr,3886.3,38.1,2022-01-21,Januar,1,0.0,0.0,0.0,153.0,-0.1,6852.12,3924.4
Sa,5765.1,167.2,2022-01-22,Januar,1,0.0,0.0,0.0,143.0,-0.6,6852.12,5932.3
So,4212.0,50.2,2022-01-23,Januar,0,0.0,0.0,0.0,372.0,-0.7,6852.12,4262.2
Mo,3382.6,33.0,2022-01-24,Januar,0,0.0,0.0,0.0,0.0,0.7,6852.12,3415.6
Di,707.0,99.9,2022-01-25,Januar,0,0.0,0.0,0.0,175.0,-0.6,6852.12,806.9
Mi,1460.6,16.5,2022-01-26,Januar,0,0.0,0.0,0.0,165.0,-1.4,6852.12,1477.1
Do,4097.7,84.0,2022-01-27,Januar,0,0.0,0.0,3.3,313.0,-1.1,6852.12,4181.7
Fr,3983.3,130.6,2022-01-28,Januar,1,0.0,0.0,0.0,275.0,2.1,6852.12,4113.900000000001
Sa,3804.5,679.3,2022-01-29,Januar,1,0.0,0.0,0.0,288.0,2.7,6852.12,4483.8
So,4893.6,226.9,2022-01-30,Januar,0,0.0,0.0,0.0,27.0,5.6,6852.12,5120.5
Mo,0.0,0.0,2022-01-31,Januar,0,0.0,0.0,2.7,18.0,3.4,6852.12,0.0
Di,0.0,0.0,2022-02-01,Februar,0,0.0,0.0,1.3,0.0,3.1,6590.24,0.0
Mi,0.0,0.0,2022-02-02,Februar,0,0.0,0.0,1.9,0.0,6.8,6590.24,0.0
Do,0.0,0.0,2022-02-03,Februar,0,0.0,0.0,0.0,60.0,4.9,6590.24,0.0
Fr,0.0,0.0,2022-02-04,Februar,1,0.0,0.0,5.5,154.0,4.1,6590.24,0.0
Sa,0.0,0.0,2022-02-05,Februar,1,0.14285714285714285,0.0,0.1,320.0,3.1,6590.24,0.0
So,0.0,0.0,2022-02-06,Februar,0,0.14285714285714285,0.0,6.3,191.0,3.9,6590.24,0.0
Mo,0.0,0.0,2022-02-07,Februar,0,0.14285714285714285,0.0,0.0,467.0,4.3,6590.24,0.0
Di,0.0,0.0,2022-02-08,Februar,0,0.14285714285714285,0.0,0.0,484.0,2.2,6590.24,0.0
Mi,0.0,0.0,2022-02-09,Februar,0,0.14285714285714285,0.0,0.0,519.0,2.5,6590.24,0.0
Do,0.0,0.0,2022-02-10,Februar,0,0.14285714285714285,0.0,12.0,523.0,5.5,6590.24,0.0
Fr,0.0,0.0,2022-02-11,Februar,1,0.14285714285714285,0.0,7.7,254.0,3.3,6590.24,0.0
Sa,0.0,0.0,2022-02-12,Februar,1,0.14285714285714285,0.0,0.0,512.0,-0.1,6590.24,0.0
So,0.0,0.0,2022-02-13,Februar,0,0.14285714285714285,0.0,0.0,538.0,2.2,6590.24,0.0
Mo,0.0,0.0,2022-02-14,Februar,0,0.14285714285714285,1.0,2.7,146.0,4.2,6590.24,0.0
Di,0.0,0.0,2022-02-15,Februar,0,0.14285714285714285,0.0,2.9,14.0,3.8,6590.24,0.0
Mi,0.0,0.0,2022-02-16,Februar,0,0.14285714285714285,0.0,2.4,0.0,3.6,6590.24,0.0
Do,0.0,0.0,2022-02-17,Februar,0,0.14285714285714285,0.0,0.0,213.0,13.0,6590.24,0.0
Fr,0.0,0.0,2022-02-18,Februar,1,0.14285714285714285,0.0,15.8,150.0,9.4,6590.24,0.0
Sa,0.0,0.0,2022-02-19,Februar,1,0.5428571428571428,0.0,0.0,137.0,5.7,6590.24,0.0
So,0.0,0.0,2022-02-20,Februar,0,0.5428571428571428,0.0,0.1,330.0,7.0,6590.24,0.0
Mo,0.0,0.0,2022-02-21,Februar,0,0.39999999999999997,0.0,4.1,119.0,6.8,6590.24,0.0
Di,0.0,0.0,2022-02-22,Februar,0,0.39999999999999997,0.0,0.4,153.0,7.1,6590.24,0.0
Mi,0.0,0.0,2022-02-23,Februar,0,0.39999999999999997,0.0,0.0,317.0,7.3,6590.24,0.0
Do,0.0,0.0,2022-02-24,Februar,0,0.42857142857142855,0.0,7.7,295.0,7.0,6590.24,0.0
Fr,0.0,0.0,2022-02-25,Februar,1,0.42857142857142855,0.0,2.0,217.0,3.4,6590.24,0.0
Sa,0.0,0.0,2022-02-26,Februar,1,0.5714285714285714,0.0,0.0,171.0,2.6,6590.24,0.0
So,0.0,0.0,2022-02-27,Februar,0,0.5714285714285714,0.0,0.0,432.0,0.7,6590.24,0.0
So,0.0,0.0,2022-02-28,Februar,0,0.5714285714285714,0.0,0.0,589.0,1.8,6590.24,0.0
Di,0.0,0.0,2022-03-01,März,0,0.5714285714285714,0.0,0.0,568.0,1.9,7288.88,0.0
Mi,0.0,0.0,2022-03-02,März,0,0.5714285714285714,0.0,0.0,445.0,4.1,7288.88,0.0
Do,0.0,0.0,2022-03-03,März,0,0.5714285714285714,0.0,0.0,598.0,5.7,7288.88,0.0
Fr,0.0,0.0,2022-03-04,März,1,0.5714285714285714,0.0,0.0,607.0,3.7,7288.88,0.0
Sa,0.0,0.0,2022-03-05,März,1,0.5714285714285714,0.0,0.0,612.0,1.8,7288.88,0.0
So,0.0,0.0,2022-03-06,März,0,0.5714285714285714,0.0,0.0,540.0,1.1,7288.88,0.0
Mo,0.0,0.0,2022-03-07,März,0,0.0,0.0,0.0,540.0,1.3,7288.88,0.0
Di,0.0,0.0,2022-03-08,März,0,0.0,0.0,0.0,578.0,0.9,7288.88,0.0
Mi,0.0,0.0,2022-03-09,März,0,0.0,0.0,0.0,629.0,3.6,7288.88,0.0
Do,0.0,0.0,2022-03-10,März,0,0.0,0.0,0.0,627.0,4.7,7288.88,0.0
Fr,4864.3,0.0,2022-03-11,März,1,0.0,0.0,0.0,459.0,5.8,7288.88,4864.3
Sa,6615.4,688.1,2022-03-12,März,1,0.0,0.0,0.0,604.0,8.0,7288.88,7303.5
So,7683.8,5167.7,2022-03-13,März,0,0.0,0.0,0.0,606.0,8.5,7288.88,12851.5
Mo,3890.2,417.6,2022-03-14,März,0,0.0,0.0,0.0,625.0,9.5,7288.88,4307.8
Di,3512.1,0.0,2022-03-15,März,0,0.0,0.0,0.0,0.0,8.2,7288.88,3512.1
Mi,3855.3,635.0,2022-03-16,März,0,0.0,0.0,0.0,70.0,10.0,7288.88,4490.3
Do,5326.5,97.5,2022-03-17,März,0,0.0,0.0,0.0,229.0,10.5,7288.88,5424.0
Fr,4905.7,0.0,2022-03-18,März,1,0.0,0.0,0.0,0.0,8.5,7288.88,4905.7
Sa,5407.5,361.0,2022-03-19,März,1,0.0,0.0,0.0,55.0,7.4,7288.88,5768.5
So,5775.1,5248.7,2022-03-20,März,0,0.0,0.0,0.0,664.0,7.5,7288.88,11023.8
Mo,2626.3,748.8,2022-03-21,März,0,0.0,0.0,0.0,561.0,8.2,7288.88,3375.1000000000004
Di,4726.2,2011.0,2022-03-22,März,0,0.0,0.0,0.0,679.0,8.1,7288.88,6737.2
Mi,4498.9,2995.2,2022-03-23,März,0,0.0,0.0,0.0,682.0,8.7,7288.88,7494.099999999999
Do,3989.4,1615.4,2022-03-24,März,0,0.0,0.0,0.0,685.0,9.6,7288.88,5604.8
Fr,5606.4,3633.9,2022-03-25,März,1,0.0,0.0,0.0,679.0,10.6,7288.88,9240.3
Sa,7382.0,6179.5,2022-03-26,März,1,0.0,0.0,0.0,678.0,10.8,7288.88,13561.5
So,6886.7,10386.6,2022-03-27,März,0,0.0,0.0,0.0,694.0,10.7,7288.88,17273.3
Mo,2960.6,3826.4,2022-03-28,März,0,0.0,0.0,0.0,660.0,11.4,7288.88,6787.0
Di,3240.5,1457.7,2022-03-29,März,0,0.0,0.0,0.0,327.0,12.3,7288.88,4698.2
Mi,3146.3,20.8,2022-03-30,März,0,0.0,0.0,5.2,59.0,10.3,7288.88,3167.1000000000004
Do,4391.2,0.0,2022-03-31,März,0,0.0,0.0,22.0,17.0,7.3,7288.88,4391.2
Fr,5721.2,0.0,2022-04-01,April,1,0.0,0.0,18.3,0.0,2.0,7048.37,5721.2
Sa,8844.8,0.0,2022-04-02,April,1,0.0,0.0,5.4,0.0,0.1,7048.37,8844.8
So,8688.4,0.0,2022-04-03,April,0,0.0,0.0,0.0,31.0,1.0,7048.37,8688.4
Mo,3380.6,0.0,2022-04-04,April,0,0.0,0.0,0.0,414.0,3.1,7048.37,3380.6
Di,4103.8,0.0,2022-04-05,April,0,0.0,0.0,0.0,47.0,7.5,7048.37,4103.8
Mi,4878.9,9.8,2022-04-06,April,0,0.0,0.0,0.0,265.0,10.4,7048.37,4888.7
Do,2857.7,0.0,2022-04-07,April,0,0.0,0.0,2.9,98.0,11.8,7048.37,2857.7
Fr,5736.1,0.0,2022-04-08,April,1,0.0,0.0,4.0,102.0,13.2,7048.37,5736.1
Sa,6441.3,47.2,2022-04-09,April,1,0.2857142857142857,0.0,2.0,250.0,5.1,7048.37,6488.5
So,7217.4,1849.0,2022-04-10,April,0,0.2857142857142857,0.1,0.0,436.0,5.9,7048.37,9066.4
Mo,3798.9,737.8,2022-04-11,April,0,0.2857142857142857,0.0,0.0,630.0,8.6,7048.37,4536.7
Di,4242.2,1796.2,2022-04-12,April,0,0.2857142857142857,0.0,0.0,551.0,12.2,7048.37,6038.4
Mi,3282.5,4568.5,2022-04-13,April,0,0.2857142857142857,0.0,0.0,684.0,15.2,7048.37,7851.0
Do,4782.5,3972.6,2022-04-14,April,0,0.2857142857142857,0.0,0.0,705.0,16.0,7048.37,8755.1
Fr,6682.4,8108.3,2022-04-15,April,1,0.8571428571428571,1.0,0.0,315.0,15.7,7048.37,14790.7
Sa,7779.9,1195.1,2022-04-16,April,1,0.8571428571428571,0.0,0.0,180.0,10.8,7048.37,8975.0
So,8826.4,7067.9,2022-04-17,April,0,0.8571428571428571,1.0,0.0,623.0,9.2,7048.37,15894.3
Mo,6729.3,11959.9,2022-04-18,April,0,0.8571428571428571,1.0,0.0,764.0,9.6,7048.37,18689.2
Di,3541.0,3420.3,2022-04-19,April,0,0.8571428571428571,0.0,0.0,748.0,11.7,7048.37,6961.3
Mi,3465.7,2729.3,2022-04-20,April,0,0.8571428571428571,0.0,0.0,662.0,11.5,7048.37,6195.0
Do,2449.6,4599.7,2022-04-21,April,0,0.8571428571428571,0.0,0.0,724.0,11.5,7048.37,7049.299999999999
Fr,5631.8,4924.0,2022-04-22,April,1,0.8571428571428571,0.0,0.0,682.0,11.8,7048.37,10555.8
Sa,7316.5,1069.4,2022-04-23,April,1,0.8571428571428571,0.75,0.0,76.0,11.6,7048.37,8385.9
So,7882.4,0.0,2022-04-24,April,0,0.8571428571428571,0.75,19.0,0.0,9.3,7048.37,7882.4
Mo,5437.2,197.5,2022-04-25,April,0,0.5714285714285714,0.0,6.0,6.0,9.8,7048.37,5634.7
Di,5564.5,4.8,2022-04-26,April,0,0.5714285714285714,0.0,13.0,109.0,8.8,7048.37,5569.3
Mi,5217.7,1951.0,2022-04-27,April,0,0.5714285714285714,0.0,0.0,469.0,11.3,7048.37,7168.7
Do,4153.7,7937.6,2022-04-28,April,0,0.5714285714285714,0.0,0.0,788.0,12.3,7048.37,12091.3
Fr,4157.3,4163.1,2022-04-29,April,1,0.5714285714285714,0.0,1.5,635.0,13.7,7048.37,8320.400000000001
Sa,6759.7,2477.7,2022-04-30,April,1,0.7142857142857143,0.0,5.1,278.0,10.7,7048.37,9237.4
So,7708.4,4619.5,2022-05-01,Mai,0,0.7142857142857143,0.0,0.0,259.0,10.3,7211.93,12327.9
Mo,1826.7,2752.5,2022-05-02,Mai,0,0.14285714285714285,0.0,0.0,737.0,12.7,7211.93,4579.2
Di,4973.8,1579.1,2022-05-03,Mai,0,0.14285714285714285,0.0,0.0,204.0,13.6,7211.93,6552.9
Mi,4779.5,1125.1,2022-05-04,Mai,0,0.14285714285714285,0.0,0.2,184.0,13.3,7211.93,5904.6
Do,4150.9,0.0,2022-05-05,Mai,0,0.14285714285714285,0.0,16.7,0.0,11.2,7211.93,4150.9
Fr,6448.6,187.4,2022-05-06,Mai,1,0.14285714285714285,0.0,0.6,0.0,11.8,7211.93,6636.0
Sa,11008.5,325.7,2022-05-07,Mai,1,0.14285714285714285,0.75,1.6,38.0,12.8,7211.93,11334.2
So,18314.8,1889.7,2022-05-08,Mai,0,0.14285714285714285,1.0,0.0,17.0,13.4,7211.93,20204.5
Mo,2654.5,5141.6,2022-05-09,Mai,0,0.14285714285714285,0.0,0.0,391.0,15.6,7211.93,7796.1
Di,2660.0,6834.9,2022-05-10,Mai,0,0.14285714285714285,0.0,0.0,631.0,17.5,7211.93,9494.9
Mi,679.5,10241.0,2022-05-11,Mai,0,0.14285714285714285,0.0,0.0,784.0,19.9,7211.93,10920.5
Do,2936.1,5912.2,2022-05-12,Mai,0,0.14285714285714285,0.0,2.0,532.0,20.1,7211.93,8848.3
Fr,7230.7,4108.0,2022-05-13,Mai,1,0.14285714285714285,0.0,0.0,179.0,17.9,7211.93,11338.7
Sa,2194.8,13805.2,2022-05-14,Mai,1,0.14285714285714285,0.0,0.0,478.0,18.9,7211.93,16000.0
So,2354.6,18726.6,2022-05-15,Mai,0,0.14285714285714285,0.0,5.1,788.0,19.2,7211.93,21081.199999999997
Mo,1504.4,8292.0,2022-05-16,Mai,0,0.0,0.0,0.0,273.0,18.7,7211.93,9796.4
Di,743.0,11543.1,2022-05-17,Mai,0,0.0,0.0,0.0,811.0,19.8,7211.93,12286.1
Mi,4298.3,13084.8,2022-05-18,Mai,0,0.0,0.0,0.0,813.0,20.9,7211.93,17383.1
Do,4847.9,8521.3,2022-05-19,Mai,0,0.0,0.0,4.2,389.0,19.6,7211.93,13369.199999999999
Fr,2158.6,12950.5,2022-05-20,Mai,1,0.0,0.0,3.8,734.0,23.5,7211.93,15109.1
Sa,4994.2,12911.5,2022-05-21,Mai,1,0.0,0.0,0.0,355.0,19.8,7211.93,17905.7
So,2119.7,14745.2,2022-05-22,Mai,0,0.0,0.0,0.3,360.0,19.3,7211.93,16864.9
Mo,5140.2,3583.2,2022-05-23,Mai,0,0.0,0.0,41.7,256.0,19.1,7211.93,8723.4
Di,5489.6,0.0,2022-05-24,Mai,0,0.0,0.0,6.4,0.0,13.8,7211.93,5489.6
Mi,3191.0,5992.6,2022-05-25,Mai,0,0.0,0.0,0.0,249.0,15.4,7211.93,9183.6
Do,1876.4,19529.5,2022-05-26,Mai,0,0.0,1.0,0.0,448.0,17.1,7211.93,21405.9
Fr,3542.4,13957.7,2022-05-27,Mai,1,0.0,1.0,0.0,628.0,17.6,7211.93,17500.100000000002
Sa,7014.5,6178.2,2022-05-28,Mai,1,0.0,0.0,0.0,146.0,15.5,7211.93,13192.7
So,9651.7,2812.1,2022-05-29,Mai,0,0.0,0.0,0.1,278.0,12.8,7211.93,12463.800000000001
Mo,2572.3,8110.2,2022-05-30,Mai,0,0.0,0.0,0.0,754.0,13.7,7211.93,10682.5
DI,8733.8,991.9,2022-05-31,Mai,0,0.0,0.0,2.0,152.0,14.7,7211.93,9725.699999999999
Mi,7185.6,2036.5,2022-06-01,Juni,0,0.0,0.0,6.3,168.0,15.1,6877.36,9222.1
Do,988.8,8998.0,2022-06-02,Juni,0,0.0,0.0,0.0,366.0,18.3,6877.36,9986.8
Fr,6842.8,7216.6,2022-06-03,Juni,1,0.0,0.0,2.9,419.0,18.5,6877.36,14059.400000000001
Sa,926.9,19438.3,2022-06-04,Juni,1,0.0,0.0,0.0,640.0,21.4,6877.36,20365.2
So,12211.0,1275.6,2022-06-05,Juni,0,0.0,1.0,20.2,125.0,17.9,6877.36,13486.6
Mo,4116.5,17288.3,2022-06-06,Juni,0,0.0,1.0,14.0,216.0,18.1,6877.36,21404.8
Di,6638.7,1632.5,2022-06-07,Juni,0,0.0,0.0,10.2,167.0,15.9,6877.36,8271.2
Mi,4004.1,3077.3,2022-06-08,Juni,0,0.0,0.0,5.0,437.0,15.5,6877.36,7081.4
Do,8878.7,547.1,2022-06-09,Juni,0,0.0,0.0,8.3,278.0,13.6,6877.36,9425.800000000001
Fr,1850.7,18241.2,2022-06-10,Juni,1,0.0,0.0,0.0,730.0,16.1,6877.36,20091.9
Sa,346.5,16168.9,2022-06-11,Juni,1,0.0,0.0,0.0,885.0,18.9,6877.36,16515.4
So,1944.4,17482.0,2022-06-12,Juni,0,0.0,0.0,5.0,838.0,21.6,6877.36,19426.4
Mo,2324.0,10108.5,2022-06-13,Juni,0,0.0,0.0,1.3,275.0,18.9,6877.36,12432.5
Di,1545.3,12420.9,2022-06-14,Juni,0,0.0,0.0,0.1,872.0,19.7,6877.36,13966.199999999999
Mi,976.7,15096.3,2022-06-15,Juni,0,0.0,0.0,0.7,547.0,22.3,6877.36,16073.0
Do,368.1,17247.5,2022-06-16,Juni,0,0.0,0.5,0.0,263.0,23.2,6877.36,17615.6
Fr,1058.5,16158.2,2022-06-17,Juni,1,0.0,0.0,0.0,733.0,22.7,6877.36,17216.7
Sa,1290.0,19339.3,2022-06-18,Juni,1,0.0,0.0,0.0,833.0,24.7,6877.36,20629.3
So,145.9,16648.9,2022-06-19,Juni,0,0.0,0.0,0.0,761.0,27.1,6877.36,16794.800000000003
Mo,713.2,11756.1,2022-06-20,Juni,0,0.0,0.0,0.0,642.0,25.9,6877.36,12469.300000000001
Di,5781.1,10510.2,2022-06-21,Juni,0,0.0,0.0,0.0,585.0,23.9,6877.36,16291.300000000001
Mi,6422.9,2512.4,2022-06-22,Juni,0,0.0,0.0,29.6,218.0,20.2,6877.36,8935.3
Do,7935.4,4961.3,2022-06-23,Juni,0,0.0,0.0,5.2,623.0,21.0,6877.36,12896.7
Fr,12797.5,1067.1,2022-06-24,Juni,1,0.0,0.0,22.3,132.0,16.7,6877.36,13864.6
Sa,3716.6,16759.3,2022-06-25,Juni,1,0.0,0.0,4.1,832.0,19.7,6877.36,20475.899999999998
So,485.5,19156.2,2022-06-26,Juni,0,0.0,0.0,0.0,685.0,21.6,6877.36,19641.7
Mo,6024.5,2167.9,2022-06-27,Juni,0,0.0,0.0,4.6,42.0,18.6,6877.36,8192.4
Di,12127.8,1335.0,2022-06-28,Juni,0,0.0,0.0,0.3,40.0,16.8,6877.36,13462.8
Mi,570.6,15125.4,2022-06-29,Juni,0,0.0,0.0,0.0,560.0,20.2,6877.36,15696.0
Do,6392.9,5428.6,2022-06-30,Juni,0,0.0,0.0,29.1,454.0,20.2,6877.36,11821.5
Fr,6623.5,6186.2,2022-07-01,Juli,1,0.0,0.0,2.0,36.0,14.8,7076.14,12809.7
Sa,1316.1,19508.2,2022-07-02,Juli,1,0.028571428571428574,0.0,0.0,750.0,18.4,7076.14,20824.3
So,3344.3,21318.0,2022-07-03,Juli,0,0.028571428571428574,0.0,5.5,861.0,22.9,7076.14,24662.3
Mo,5214.5,6621.5,2022-07-04,Juli,0,0.028571428571428574,0.0,24.1,214.0,19.7,7076.14,11836.0
Di,491.0,13363.7,2022-07-05,Juli,0,0.028571428571428574,0.0,0.0,330.0,20.4,7076.14,13854.7
Mi,1840.4,15077.7,2022-07-06,Juli,0,0.028571428571428574,0.0,0.0,658.0,20.3,7076.14,16918.100000000002
Do,2198.1,13984.6,2022-07-07,Juli,0,0.028571428571428574,0.0,0.0,404.0,19.4,7076.14,16182.7
Fr,2267.0,17617.8,2022-07-08,Juli,1,0.028571428571428574,0.0,0.0,732.0,19.2,7076.14,19884.8
Sa,753.7,18862.9,2022-07-09,Juli,1,0.8571428571428571,0.0,0.0,861.0,19.3,7076.14,19616.600000000002
So,2029.1,22400.8,2022-07-10,Juli,0,0.8571428571428571,0.0,0.0,719.0,20.2,7076.14,24429.899999999998
Mo,1186.0,14833.0,2022-07-11,Juli,0,0.8571428571428571,0.0,0.0,874.0,19.4,7076.14,16019.0
Di,862.1,18713.8,2022-07-12,Juli,0,0.8571428571428571,0.0,0.0,826.0,20.8,7076.14,19575.899999999998
Mi,838.0,17037.6,2022-07-13,Juli,0,0.8571428571428571,0.0,0.0,784.0,22.2,7076.14,17875.6
Do,906.2,18393.9,2022-07-14,Juli,0,0.8571428571428571,0.0,0.0,759.0,26.1,7076.14,19300.100000000002
Fr,1924.7,17287.7,2022-07-15,Juli,1,0.8571428571428571,0.0,0.0,495.0,23.4,7076.14,19212.4
Sa,948.5,21331.3,2022-07-16,Juli,1,1.0,0.0,0.0,855.0,22.2,7076.14,22279.8
So,876.9,18679.7,2022-07-17,Juli,0,1.0,0.0,0.0,861.0,22.4,7076.14,19556.600000000002
Mo,1001.8,15276.0,2022-07-18,Juli,0,1.0,0.0,0.0,857.0,24.1,7076.14,16277.8
Di,1845.4,15547.1,2022-07-19,Juli,0,1.0,0.0,0.0,834.0,25.2,7076.14,17392.5
Mi,8331.0,7202.7,2022-07-20,Juli,0,1.0,0.0,21.3,405.0,23.8,7076.14,15533.7
Do,1327.5,16825.9,2022-07-21,Juli,0,1.0,0.0,0.0,404.0,22.2,7076.14,18153.4
Fr,1031.7,18179.0,2022-07-22,Juli,1,1.0,0.0,12.4,769.0,24.0,7076.14,19210.7
Sa,3546.5,15756.0,2022-07-23,Juli,1,1.0,0.0,1.6,262.0,22.3,7076.14,19302.5
So,813.0,17228.5,2022-07-24,Juli,0,1.0,0.0,0.0,818.0,23.8,7076.14,18041.5
Mo,1627.6,15341.0,2022-07-25,Juli,0,1.0,0.0,4.2,696.0,25.8,7076.14,16968.6
Di,3495.9,13970.8,2022-07-26,Juli,0,1.0,0.0,3.0,110.0,20.5,7076.14,17466.7
Mi,1382.0,16748.5,2022-07-27,Juli,0,1.0,0.0,0.0,134.0,20.2,7076.14,18130.5
Do,7277.5,9580.3,2022-07-28,Juli,0,1.0,0.0,11.7,626.0,20.2,7076.14,16857.8
Fr,9106.7,4443.9,2022-07-29,Juli,1,1.0,0.0,9.8,70.0,18.1,7076.14,13550.6
Sa,778.2,16583.5,2022-07-30,Juli,1,1.0,0.0,0.0,473.0,20.0,7076.14,17361.7
So,1579.9,21766.4,2022-07-31,Juli,0,1.0,0.0,0.0,790.0,21.9,7076.14,23346.300000000003
Mo,1985.95,18475.3,2022-08-01,August,0,1.0,1.0,17.0,613.0,23.2,6840.05,20461.25
Di,966.4,14687.0,2022-08-02,August,0,1.0,0.0,0.0,813.0,22.0,6840.05,15653.4
Mi,797.1,16729.1,2022-08-03,August,0,1.0,0.0,0.0,822.0,24.0,6840.05,17526.199999999997
Do,742.8,15237.7,2022-08-04,August,0,1.0,0.0,0.3,805.0,26.3,6840.05,15980.5
Fr,8848.2,10132.6,2022-08-05,August,1,1.0,0.0,3.8,167.0,23.6,6840.05,18980.800000000003
Sa,18198.0,3631.6,2022-08-06,August,1,1.0,0.0,0.0,0.0,18.1,6840.05,21829.6
So,5238.7,18127.0,2022-08-07,August,0,1.0,0.0,0.0,0.0,18.0,6840.05,23365.7
Mo,1482.6,16493.3,2022-08-08,August,0,0.8571428571428571,0.0,0.0,512.0,20.7,6840.05,17975.899999999998
Di,1406.2,17894.2,2022-08-09,August,0,0.8571428571428571,0.0,0.0,808.0,21.2,6840.05,19300.4
Mi,1666.1,16026.0,2022-08-10,August,0,0.8571428571428571,0.0,0.0,799.0,21.3,6840.05,17692.1
Do,1657.4,16465.0,2022-08-11,August,0,0.8571428571428571,0.0,0.0,797.0,21.7,6840.05,18122.4
Fr,5227.825000000001,19144.0,2022-08-12,August,1,0.8571428571428571,0.0,0.0,799.0,21.5,6840.05,24371.825
Sa,920.3,21083.7,2022-08-13,August,1,0.8571428571428571,0.0,0.0,800.0,20.4,6840.05,22004.0
So,2776.9,18214.1,2022-08-14,August,0,0.8571428571428571,0.0,0.5,406.0,20.5,6840.05,20991.0
Mo,9900.0,8358.2,2022-08-15,August,0,0.6571428571428571,0.0,11.5,422.0,18.5,6840.05,18258.2
Di,2841.4,16615.7,2022-08-16,August,0,0.6285714285714287,0.0,0.0,767.0,20.8,6840.05,19457.100000000002
Mi,5244.5,8451.9,2022-08-17,August,0,0.6285714285714287,0.0,9.1,364.0,21.8,6840.05,13696.4
Do,7363.3,3216.4,2022-08-18,August,0,0.6285714285714287,0.0,48.0,150.0,17.7,6840.05,10579.7
Fr,12796.4,83.8,2022-08-19,August,1,0.6285714285714287,0.0,20.9,0.0,16.6,6840.05,12880.199999999999
Sa,8868.0,6191.9,2022-08-20,August,1,0.6285714285714287,0.0,18.5,147.0,17.4,6840.05,15059.9
So,1639.5,19467.85,2022-08-21,August,0,0.6285714285714287,0.0,0.0,502.0,18.9,6840.05,21107.35
Mo,1193.8,10884.9,2022-08-22,August,0,0.05714285714285715,0.0,0.0,744.0,19.3,6840.05,12078.699999999999
Di,1394.5,15838.9,2022-08-23,August,0,0.05714285714285715,0.0,0.0,769.0,19.7,6840.05,17233.4
Mi,1782.9,15817.9,2022-08-24,August,0,0.05714285714285715,0.0,0.0,697.0,19.5,6840.05,17600.8
Do,1340.4,14380.0,2022-08-25,August,0,0.05714285714285715,0.0,0.0,762.0,20.7,6840.05,15720.4
Fr,8039.0,6076.1,2022-08-26,August,1,0.05714285714285715,0.0,54.2,373.0,20.3,6840.05,14115.1
Sa,3963.4,14476.2,2022-08-27,August,1,0.05714285714285715,0.0,0.0,212.0,19.2,6840.05,18439.600000000002
So,1900.5,15900.6,2022-08-28,August,0,0.05714285714285715,0.5,0.0,222.0,19.1,6840.05,17801.1
Mo,1209.7,8793.7,2022-08-29,August,0,0.0,0.0,0.0,592.0,20.2,6840.05,10003.400000000001
Di,5789.3,5525.6,2022-08-30,August,0,0.0,0.0,3.2,471.0,19.9,6840.05,11314.900000000001
Mi,8708.6,851.4,2022-08-31,August,0,0.0,0.0,2.2,16.0,17.0,6840.05,9560.0
Do,4649.0,5889.8,2022-09-01,September,0,0.0,0.0,0.0,207.0,16.7,6763.88,10538.8
Fr,7729.9,8456.0,2022-09-02,September,1,0.0,0.0,4.7,391.0,16.3,6763.88,16185.9
Sa,12258.6,3271.1,2022-09-03,September,1,0.0,0.0,1.8,274.0,17.0,6763.88,15529.7
So,1397.5,20359.8,2022-09-04,September,0,0.0,0.0,0.0,546.0,18.6,6763.88,21757.3
Mo,571.1,9964.9,2022-09-05,September,0,0.0,0.0,0.0,474.0,19.7,6763.88,10536.0
Di,1471.1,7934.0,2022-09-06,September,0,0.0,0.0,2.7,278.0,19.5,6763.88,9405.1
Mi,5068.3,3568.6,2022-09-07,September,0,0.0,0.0,31.7,177.0,19.5,6763.88,8636.9
Do,6964.3,3616.2,2022-09-08,September,0,0.0,0.0,0.1,516.0,18.3,6763.88,10580.5
Fr,10567.5,1441.2,2022-09-09,September,1,0.0,0.0,0.3,403.0,17.3,6763.88,12008.7
Sa,11731.2,1658.6,2022-09-10,September,1,0.0,0.0,0.3,212.0,16.3,6763.88,13389.800000000001
So,1288.7,18805.6,2022-09-11,September,0,0.0,0.0,0.0,630.0,16.4,6763.88,20094.3
Mo,2818.6,11718.3,2022-09-12,September,0,0.0,0.0,0.0,703.0,16.5,6763.88,14536.9
Di,1344.7,10704.7,2022-09-13,September,0,0.0,0.0,0.1,506.0,19.1,6763.88,12049.400000000001
Mi,5130.9,2027.4,2022-09-14,September,0,0.0,0.0,3.9,63.0,19.7,6763.88,7158.299999999999
Do,6039.05,241.25,2022-09-15,September,0,0.0,0.0,55.2,39.0,16.6,6763.88,6280.3
Fr,10005.8,132.0,2022-09-16,September,1,0.0,0.0,7.4,126.0,14.5,6763.88,10137.8
Sa,13289.0,71.0,2022-09-17,September,1,0.0,0.0,1.3,110.0,10.3,6763.88,13360.0
So,13157.2,2987.1,2022-09-18,September,0,0.0,0.0,0.0,459.0,11.8,6763.88,16144.300000000001
Mo,6231.95,396.45,2022-09-19,September,0,0.0,0.0,0.0,361.0,12.6,6763.88,6628.4
Di,9612.65,1260.35,2022-09-20,September,0,0.0,0.0,0.0,423.0,11.6,6763.88,10873.0
Mi,6810.85,1330.7,2022-09-21,September,0,0.0,0.0,0.0,389.0,11.5,6763.88,8141.55
Do,4311.5,4811.4,2022-09-22,September,0,0.0,0.0,0.0,623.0,11.3,6763.88,9122.9
Fr,9100.6,1265.35,2022-09-23,September,1,0.0,0.0,6.1,515.0,13.5,6763.88,10365.95
Sa,13323.55,589.45,2022-09-24,September,1,0.05714285714285715,0.0,6.4,29.0,13.4,6763.88,13913.0
So,15216.0,80.0,2022-09-25,September,0,0.05714285714285715,0.0,11.3,0.0,11.7,6763.88,15296.0
Mo,4928.7,0.0,2022-09-26,September,0,0.05714285714285715,0.0,3.4,37.0,11.9,6763.88,4928.7
Di,5890.6,0.0,2022-09-27,September,0,0.05714285714285715,0.0,5.0,67.0,11.1,6763.88,5890.6
Mi,5116.1,0.0,2022-09-28,September,0,0.05714285714285715,0.0,51.3,0.0,9.3,6763.88,5116.1
Do,10488.1,0.0,2022-09-29,September,0,0.05714285714285715,0.0,7.3,0.0,9.2,6763.88,10488.1
Fr.,10265.75,46.75,2022-09-30,September,0,0.05714285714285715,0.0,0.0,0.0,10.0,6763.88,10312.5
Sa,12774.95,0.0,2022-10-01,Oktober,1,0.7428571428571429,0.0,7.1,0.0,10.5,6589.36,12774.95
So,11969.85,300.3,2022-10-02,Oktober,0,0.7428571428571429,0.0,3.9,312.0,16.0,6589.36,12270.15
Mo,10046.2,0.0,2022-10-03,Oktober,0,0.7428571428571429,0.0,1.2,0.0,13.4,6589.36,10046.2
Di,8472.25,1330.05,2022-10-04,Oktober,0,0.7428571428571429,0.0,0.0,376.0,12.6,6589.36,9802.3
Mi,8352.5,7023.85,2022-10-05,Oktober,0,0.7428571428571429,0.0,0.0,626.0,13.1,6589.36,15376.35
Do,5816.5,4329.7,2022-10-06,Oktober,0,0.7428571428571429,0.0,0.0,482.0,14.7,6589.36,10146.2
Fr,10996.25,2777.7,2022-10-07,Oktober,1,0.7428571428571429,0.0,0.0,364.0,15.4,6589.36,13773.95
Sa,13823.0,149.4,2022-10-08,Oktober,1,1.0,0.0,6.9,0.0,13.9,6589.36,13972.4
So,13043.1,0.0,2022-10-09,Oktober,0,1.0,0.0,0.0,0.0,11.8,6589.36,13043.1
Mo,7095.05,1794.9,2022-10-10,Oktober,0,1.0,0.0,0.1,209.0,13.4,6589.36,8889.95
Di,7143.6,1895.1,2022-10-11,Oktober,0,1.0,0.0,0.0,358.0,15.0,6589.36,9038.7
Mi,9011.8,312.6,2022-10-12,Oktober,0,1.0,0.0,0.0,3.0,13.7,6589.36,9324.4
Do,9495.1,461.1,2022-10-13,Oktober,0,1.0,0.0,2.3,101.0,13.3,6589.36,9956.2
Fr,10412.7,191.6,2022-10-14,Oktober,1,1.0,0.0,7.5,101.0,13.9,6589.36,10604.300000000001
Sa,13694.05,543.85,2022-10-15,Oktober,1,1.0,0.0,0.0,139.0,14.7,6589.36,14237.9
So,12681.15,6804.35,2022-10-16,Oktober,0,1.0,0.0,0.0,383.0,14.8,6589.36,19485.5
Mo,5165.1,4047.6,2022-10-17,Oktober,0,0.2571428571428572,0.0,0.0,562.0,14.5,6589.36,9212.7
Di,6904.95,7378.5,2022-10-18,Oktober,0,0.2571428571428572,0.0,0.0,543.0,15.6,6589.36,14283.45
Mi,7258.2,626.5,2022-10-19,Oktober,0,0.2571428571428572,0.0,0.0,20.0,12.8,6589.36,7884.7
Do,6649.35,285.7,2022-10-20,Oktober,0,0.2571428571428572,0.0,0.8,12.0,14.4,6589.36,6935.05
Fr,12887.3,0.0,2022-10-21,Oktober,1,0.2571428571428572,0.0,9.9,0.0,14.5,6589.36,12887.3
Sa,14609.8,4000.5,2022-10-22,Oktober,1,0.2571428571428572,0.0,0.8,456.0,14.3,6589.36,18610.3
So,9956.0,3105.1,2022-10-23,Oktober,0,0.2571428571428572,0.0,0.7,235.0,13.8,6589.36,13061.1
Mo,5227.2,0.0,2022-10-24,Oktober,0,0.028571428571428574,0.0,5.0,0.0,13.6,6589.36,5227.2
Di,6568.45,977.65,2022-10-25,Oktober,0,0.028571428571428574,0.0,1.8,493.0,13.3,6589.36,7546.099999999999
Mi,7154.2,870.85,2022-10-26,Oktober,0,0.028571428571428574,0.0,0.1,343.0,14.2,6589.36,8025.05
Do,5477.15,3200.8,2022-10-27,Oktober,0,0.028571428571428574,0.0,0.0,507.0,13.4,6589.36,8677.95
Fr,11293.65,869.0,2022-10-28,Oktober,1,0.028571428571428574,0.0,0.0,133.0,13.6,6589.36,12162.65
Sa,9492.45,1928.35,2022-10-29,Oktober,1,0.028571428571428574,0.0,0.0,415.0,13.7,6589.36,11420.800000000001
So,10815.05,6576.2,2022-10-30,Oktober,0,0.028571428571428574,0.0,0.0,289.0,12.3,6589.36,17391.25
Mo,7153.3,1047.3,2022-10-31,Oktober,0,0.0,0.0,0.0,326.0,11.5,6589.36,8200.6
Di,9559.05,987.5,2022-11-01,November,0,0.0,0.0,0.0,76.0,12.6,6225.59,10546.55
Mi,6134.6,109.3,2022-11-02,November,0,0.0,0.0,0.0,114.0,11.2,6225.59,6243.900000000001
Do,4988.8,393.35,2022-11-03,November,0,0.0,0.0,8.0,123.0,9.2,6225.59,5382.150000000001
Fr,8952.25,0.0,2022-11-04,November,1,0.0,0.0,0.9,80.0,8.8,6225.59,8952.25
Sa,12010.4,24.15,2022-11-05,November,1,0.0,0.0,1.5,2.0,6.6,6225.59,12034.55
So,12928.55,10.3,2022-11-06,November,0,0.0,0.0,0.0,167.0,5.6,6225.59,12938.849999999999
Mo,6173.15,1201.5,2022-11-07,November,0,0.0,0.0,0.0,453.0,8.0,6225.59,7374.65
Di,5822.6,194.55,2022-11-08,November,0,0.0,0.0,0.1,266.0,7.8,6225.59,6017.150000000001
Mi,6150.35,35.0,2022-11-09,November,0,0.0,0.0,9.7,0.0,9.4,6225.59,6185.35
Do,5876.45,148.7,2022-11-10,November,0,0.0,0.0,0.0,261.0,10.5,6225.59,6025.15
Fr,10148.15,0.0,2022-11-11,November,1,0.0,0.0,0.0,192.0,8.7,6225.59,10148.15
Sa,11760.05,0.0,2022-11-12,November,1,0.0,0.0,0.0,0.0,8.0,6225.59,11760.05
So,10808.05,0.0,2022-11-13,November,0,0.0,0.0,0.1,0.0,7.0,6225.59,10808.05
Mo,4426.35,0.0,2022-11-14,November,0,0.0,0.0,1.1,0.0,8.1,6225.59,4426.35
Di,8379.35,0.0,2022-11-15,November,0,0.0,0.0,2.1,0.0,8.5,6225.59,8379.35
Mi,4997.25,41.65,2022-11-16,November,0,0.0,0.0,0.3,226.0,9.1,6225.59,5038.9
Do,7223.1,9.25,2022-11-17,November,0,0.0,0.0,7.0,181.0,10.4,6225.59,7232.35
Fr,6789.8,0.0,2022-11-18,November,1,0.0,0.0,0.4,71.0,7.8,6225.59,6789.8
Sa,13383.0,0.0,2022-11-19,November,1,0.0,0.0,0.0,106.0,6.4,6225.59,13383.0
So,13228.5,232.9,2022-11-20,November,0,0.0,0.0,0.3,94.0,6.2,6225.59,13461.4
Mo,4559.75,5.15,2022-11-21,November,0,0.0,0.0,4.0,228.0,7.4,6225.59,4564.9
Di,8164.3,0.0,2022-11-22,November,0,0.0,0.0,0.0,24.0,6.3,6225.59,8164.3
Mi,3705.5,41.7,2022-11-23,November,0,0.0,0.0,2.4,366.0,4.8,6225.59,3747.2
Do,3388.75,0.0,2022-11-24,November,0,0.0,0.0,0.1,24.0,5.7,6225.59,3388.75
Fr,8421.3,0.0,2022-11-25,November,1,0.0,0.0,3.3,2.0,6.0,6225.59,8421.3
Sa,11317.7,0.0,2022-11-26,November,1,0.0,0.0,0.0,315.0,4.7,6225.59,11317.7
So,9522.05,0.0,2022-11-27,November,0,0.0,0.0,0.0,196.0,3.7,6225.59,9522.05
Mo,5323.35,0.0,2022-11-28,November,0,0.0,0.0,1.8,0.0,6.2,6225.59,5323.35
Di,8342.2,0.0,2022-11-29,November,0,0.0,0.0,4.3,0.0,6.2,6225.59,8342.2
Mi,5932.75,0.0,2022-11-30,November,0,0.0,0.0,1.1,0.0,4.8,6225.59,5932.75
Do,9140.75,0.0,2022-12-01,Dezember,0,0.0,0.0,0.7,0.0,2.8,6455.11,9140.75
Fr,9696.05,0.0,2022-12-02,Dezember,1,0.0,0.0,0.0,87.0,2.9,6455.11,9696.05
Sa,8796.65,0.0,2022-12-03,Dezember,1,0.0,0.0,0.0,0.0,2.1,6455.11,8796.65
So,7603.1,0.0,2022-12-04,Dezember,0,0.0,0.0,1.3,0.0,2.4,6455.11,7603.1
Mo,5913.5,0.0,2022-12-05,Dezember,0,0.0,0.0,0.8,22.0,3.4,6455.11,5913.5
Di,3884.8,0.0,2022-12-06,Dezember,0,0.0,0.0,0.0,385.0,0.6,6455.11,3884.8
Mi,6914.7,0.0,2022-12-07,Dezember,0,0.0,0.0,0.0,0.0,2.5,6455.11,6914.7
Do,6531.25,0.0,2022-12-08,Dezember,0,0.0,0.0,1.3,210.0,1.8,6455.11,6531.25
Fr,11090.3,0.0,2022-12-09,Dezember,1,0.0,0.0,6.6,0.0,0.9,6455.11,11090.3
Sa,10682.75,0.0,2022-12-10,Dezember,1,0.0,0.0,2.7,0.0,0.3,6455.11,10682.75
So,7346.85,0.0,2022-12-11,Dezember,0,0.0,0.0,0.0,65.0,-2.8,6455.11,7346.85
Mo,6510.65,0.0,2022-12-12,Dezember,0,0.0,0.0,0.0,0.0,-4.3,6455.11,6510.65
Di,7914.1,0.0,2022-12-13,Dezember,0,0.0,0.0,2.6,0.0,-4.2,6455.11,7914.1
Mi,7114.75,0.0,2022-12-14,Dezember,0,0.0,0.0,0.6,82.0,0.1,6455.11,7114.75
Do,7986.2,0.0,2022-12-15,Dezember,0,0.0,0.0,4.5,0.0,1.8,6455.11,7986.2
Fr,12971.75,0.0,2022-12-16,Dezember,1,0.0,0.0,3.3,0.0,-0.3,6455.11,12971.75
Sa,9243.5,0.0,2022-12-17,Dezember,1,0.0,0.0,0.0,0.0,-1.8,6455.11,9243.5
So,5637.05,0.0,2022-12-18,Dezember,0,0.0,0.0,0.0,0.0,-1.5,6455.11,5637.05
Mo,4204.85,0.0,2022-12-19,Dezember,0,0.0,0.0,0.0,92.0,1.1,6455.11,4204.85
Di,7869.3,0.0,2022-12-20,Dezember,0,0.0,0.0,0.3,67.0,2.7,6455.11,7869.3
Mi,6300.8,0.0,2022-12-21,Dezember,0,0.0,0.0,0.7,0.0,5.4,6455.11,6300.8
Do,5585.0,0.0,2022-12-22,Dezember,0,0.14285714285714285,0.0,0.7,100.0,9.1,6455.11,5585.0
Fr,4358.6,0.0,2022-12-23,Dezember,1,0.14285714285714285,0.0,27.7,0.0,10.5,6455.11,4358.6
Sa,0.0,0.0,2022-12-24,Dezember,1,1.0,1.0,7.2,0.0,8.3,6455.11,0.0
So,13269.5,0.0,2022-12-25,Dezember,0,1.0,1.0,0.0,0.0,6.9,6455.11,13269.5
Mo,13859.95,0.0,2022-12-26,Dezember,0,1.0,1.0,14.8,73.0,7.5,6455.11,13859.95
Di,8055.1,0.0,2022-12-27,Dezember,0,1.0,0.0,2.1,9.0,5.6,6455.11,8055.1
Mi,8946.8,27.3,2022-12-28,Dezember,0,1.0,0.0,0.0,375.0,3.6,6455.11,8974.099999999999
Do,7821.1,0.0,2022-12-29,Dezember,0,1.0,0.0,10.3,24.0,6.0,6455.11,7821.1
Fr,8338.8,0.0,2022-12-30,Dezember,1,1.0,0.0,0.5,132.0,6.3,6455.11,8338.8
Sa,37123.7,40.5,2022-12-31,Dezember,1,1.0,1.0,0.0,172.0,8.2,6455.11,28342.100000000002
So,10468.0,2002.0,2023-01-01,Januar,0,1.0,1.0,0.0,363.0,6.9,6852.12,12470.0
Mo,9440.6,76.7,2023-01-02,Januar,0,1.0,0.0,1.8,66.0,6.9,6852.12,9517.300000000001
Di,2919.1,0.0,2023-01-03,Januar,0,1.0,0.0,3.9,0.0,7.1,6852.12,2919.1
Mi,4070.3,0.0,2023-01-04,Januar,0,1.0,0.0,1.1,6.0,6.4,6852.12,4070.3
Do,5371.7,0.0,2023-01-05,Januar,0,1.0,0.0,0.0,1.0,7.4,6852.12,5371.7
Fr,7603.2,0.0,2023-01-06,Januar,1,1.0,0.0,0.0,58.0,5.6,6852.12,7603.2
Sa,13336.0,226.0,2023-01-07,Januar,1,0.8571428571428571,0.0,0.0,273.0,5.2,6852.12,13562.0
So,5025.8,0.0,2023-01-08,Januar,0,0.8571428571428571,0.0,17.8,2.0,5.0,6852.12,5025.8
Mo,5560.7,0.0,2023-01-09,Januar,0,0.0,0.0,1.5,178.0,5.9,6852.12,5560.7
Di,2287.2,0.0,2023-01-10,Januar,0,0.0,0.0,0.0,232.0,4.8,6852.12,2287.2
Mi,5738.8,0.0,2023-01-11,Januar,0,0.0,0.0,4.3,4.0,4.8,6852.12,5738.8
Do,4954.8,0.0,2023-01-12,Januar,0,0.0,0.0,0.0,3.0,4.9,6852.12,4954.8
Fr,6164.0,0.0,2023-01-13,Januar,1,0.0,0.0,1.2,55.0,6.6,6852.12,6164.0
Sa,11289.9,0.0,2023-01-14,Januar,1,0.0,0.0,0.7,54.0,5.5,6852.12,11289.9
So,7346.6,0.0,2023-01-15,Januar,0,0.0,0.0,7.9,0.0,4.0,6852.12,7346.6
Mo,5932.5,0.0,2023-01-16,Januar,0,0.0,0.0,1.9,9.0,1.2,6852.12,5932.5
Di,4476.4,0.0,2023-01-17,Januar,0,0.0,0.0,0.6,0.0,0.7,6852.12,4476.4
Mi,4486.6,0.0,2023-01-18,Januar,0,0.0,0.0,5.0,0.0,-0.1,6852.12,4486.6
Do,4113.4,0.0,2023-01-19,Januar,0,0.0,0.0,0.0,436.0,-4.1,6852.12,4113.4
Fr,9020.1,0.0,2023-01-20,Januar,1,0.0,0.0,0.0,74.0,-5.4,6852.12,9020.1
Sa,10713.0,0.0,2023-01-21,Januar,1,0.0,0.0,0.1,12.0,-3.9,6852.12,10713.0
So,6541.7,0.0,2023-01-22,Januar,0,0.0,0.0,0.0,6.0,-1.2,6852.12,6541.7
Mo,5875.1,0.0,2023-01-23,Januar,0,0.0,0.0,0.0,0.0,-1.0,6852.12,5875.1
Di,3346.1,0.0,2023-01-24,Januar,0,0.0,0.0,0.0,99.0,-0.7,6852.12,3346.1
Mi,5612.4,0.0,2023-01-25,Januar,0,0.0,0.0,0.0,0.0,0.6,6852.12,5612.4
Do,3191.0,0.0,2023-01-26,Januar,0,0.0,0.0,0.0,0.0,-0.1,6852.12,3191.0
Fr,6370.2,0.0,2023-01-27,Januar,1,0.0,0.0,0.0,0.0,-0.2,6852.12,6370.2
Sa,10223.4,0.0,2023-01-28,Januar,1,0.0,0.0,0.0,0.0,0.2,6852.12,10223.4
So,6056.3,0.0,2023-01-29,Januar,0,0.0,0.0,0.0,0.0,-0.2,6852.12,6056.3
Mo,4215.2,0.0,2023-01-30,Januar,0,0.0,0.0,0.0,291.0,0.0,6852.12,4215.2
Di,5874.0,0.0,2023-01-31,Januar,0,0.0,0.0,0.0,336.0,3.0,6852.12,5874.0
Mi,3024.7,0.0,2023-02-01,Februar,0,0.0,0.0,0.0,167.0,3.9,6590.24,3024.7
Do,5466.8,0.0,2023-02-02,Februar,0,0.0,0.0,0.0,0.0,6.0,6590.24,5466.8
Fr,12900.9,0.0,2023-02-03,Februar,1,0.0,0.0,2.8,314.0,5.3,6590.24,12900.9
Sa,12493.6,0.0,2023-02-04,Februar,1,0.14285714285714285,0.0,2.9,0.0,4.9,6590.24,12493.6
So,8255.1,0.0,2023-02-05,Februar,0,0.14285714285714285,0.0,8.2,40.0,3.2,6590.24,8255.1
Mo,5038.8,0.0,2023-02-06,Februar,0,0.14285714285714285,0.0,0.0,0.0,2.0,6590.24,5038.8
Di,4986.3,0.0,2023-02-07,Februar,0,0.14285714285714285,0.0,0.0,503.0,-0.2,6590.24,4986.3
Mi,2499.9,0.0,2023-02-08,Februar,0,0.14285714285714285,0.0,0.0,0.0,-1.6,6590.24,2499.9
Do,4906.6,93.3,2023-02-09,Februar,0,0.14285714285714285,0.0,0.0,517.0,-1.1,6590.24,4999.900000000001
Fr,6361.3,114.7,2023-02-10,Februar,1,0.14285714285714285,0.0,0.0,521.0,-0.3,6590.24,6476.0
Sa,9368.3,628.7,2023-02-11,Februar,1,0.5428571428571428,0.0,0.0,363.0,0.5,6590.24,9997.0
So,12198.9,2066.5,2023-02-12,Februar,0,0.5428571428571428,0.0,0.0,530.0,1.5,6590.24,14265.4
Mo,3211.4,13.0,2023-02-13,Februar,0,0.5428571428571428,0.0,0.0,222.0,0.9,6590.24,3224.4
Di,15682.0,395.4,2023-02-14,Februar,0,0.5428571428571428,1.0,0.0,238.0,0.2,6590.24,16077.4
Mi,5791.2,568.5,2023-02-15,Februar,0,0.5428571428571428,0.0,0.0,341.0,1.3,6590.24,6359.7
Do,6554.5,1169.2,2023-02-16,Februar,0,0.5714285714285714,0.0,0.0,495.0,5.1,6590.24,7723.7
Fr,10783.3,0.0,2023-02-17,Februar,1,0.5714285714285714,0.0,0.0,28.0,7.9,6590.24,10783.3
Sa,8761.5,1114.3,2023-02-18,Februar,1,0.5714285714285714,0.0,0.0,527.0,7.8,6590.24,9875.8
So,8841.5,427.0,2023-02-19,Februar,0,0.5714285714285714,0.0,0.0,207.0,7.9,6590.24,9268.5
Mo,4309.8,1644.2,2023-02-20,Februar,0,0.42857142857142855,0.0,0.0,550.0,7.7,6590.24,5954.0
Di,6787.15,3364.2,2023-02-21,Februar,0,0.42857142857142855,0.0,0.0,557.0,6.7,6590.24,10151.349999999999
Mi,9379.9,308.8,2023-02-22,Februar,0,0.42857142857142855,0.0,3.2,427.0,8.2,6590.24,9688.699999999999
Do,7121.9,809.6,2023-02-23,Februar,0,0.42857142857142855,0.0,0.0,231.0,9.1,6590.24,7931.5
Fr,7362.9,919.6,2023-02-24,Februar,1,0.42857142857142855,0.0,6.4,438.0,8.7,6590.24,8282.5
Sa,12490.6,0.0,2023-02-25,Februar,1,0.5714285714285714,0.0,1.0,0.0,4.9,6590.24,12490.6
So,13094.6,0.0,2023-02-26,Februar,0,0.5714285714285714,0.0,0.0,11.0,0.1,6590.24,13094.6
Mo,7102.1,0.0,2023-02-27,Februar,0,0.14285714285714285,0.0,0.0,0.0,0.2,6590.24,7102.1
Di,5914.4,0.0,2023-02-28,Februar,0,0.14285714285714285,0.0,0.0,0.0,0.0,6590.24,5914.4
Mi,5871.1,0.0,2023-03-01,März,0,0.14285714285714285,0.0,0.0,0.0,1.1,7288.88,5871.1
Do,7766.9,128.5,2023-03-02,März,0,0.14285714285714285,0.0,0.0,307.0,2.4,7288.88,7895.4
Fr,5311.5,0.0,2023-03-03,März,1,0.14285714285714285,0.0,0.0,0.0,2.5,7288.88,5311.5
Sa,11972.7,645.2,2023-03-04,März,1,0.14285714285714285,0.0,0.0,459.0,5.0,7288.88,12617.900000000001
So,11661.6,264.3,2023-03-05,März,0,0.14285714285714285,0.0,0.0,0.0,2.6,7288.88,11925.9
Mo,2104.6,117.8,2023-03-06,März,0,0.0,0.0,0.0,14.0,2.5,7288.88,2222.4
Di,3878.1,0.0,2023-03-07,März,0,0.0,0.0,0.0,247.0,4.3,7288.88,3878.1
Mi,7827.15,13.0,2023-03-08,März,0,0.0,0.0,6.1,1.0,7.2,7288.88,7840.15
Do,5037.3,100.5,2023-03-09,März,0,0.0,0.0,0.3,414.0,12.0,7288.88,5137.8
Fr,8057.8,0.0,2023-03-10,März,1,0.0,0.0,16.7,109.0,8.4,7288.88,8057.8
Sa,11455.6,0.0,2023-03-11,März,1,0.0,0.0,12.9,0.0,1.1,7288.88,11455.6
So,13329.1,17.7,2023-03-12,März,0,0.0,0.0,3.5,185.0,5.0,7288.88,13346.800000000001
Mo,5071.4,743.6,2023-03-13,März,0,0.0,0.0,22.7,519.0,10.3,7288.88,5815.0
Di,5115.6,0.0,2023-03-14,März,0,0.0,0.0,10.0,14.0,7.2,7288.88,5115.6
Mi,4807.3,7.0,2023-03-15,März,0,0.0,0.0,0.0,548.0,4.7,7288.88,4814.3
Do,5713.450000000001,465.1,2023-03-16,März,0,0.0,0.0,0.0,605.0,5.1,7288.88,6178.550000000001
Fr,10407.0,488.6,2023-03-17,März,1,0.0,0.0,0.0,530.0,8.6,7288.88,10895.6
Sa,13775.2,5549.5,2023-03-18,März,1,0.0,0.0,0.0,469.0,11.1,7288.88,19324.7
So,12494.9,11.3,2023-03-19,März,0,0.0,0.0,10.5,124.0,10.2,7288.88,12506.199999999999
Mo,6177.2,365.0,2023-03-20,März,0,0.0,0.0,0.0,155.0,9.4,7288.88,6542.2
Di,6835.0,430.7,2023-03-21,März,0,0.0,0.0,0.0,387.0,9.6,7288.88,7265.7
Mi,6288.5,3829.7,2023-03-22,März,0,0.0,0.0,0.0,649.0,11.7,7288.88,10118.2
Do,5932.8,37.0,2023-03-23,März,0,0.0,0.0,0.0,14.0,13.0,7288.88,5969.8
Fr,8752.9,10.4,2023-03-24,März,1,0.0,0.0,11.0,0.0,11.1,7288.88,8763.3
Sa,13218.7,0.0,2023-03-25,März,1,0.0,0.0,1.2,121.0,8.3,7288.88,13218.7
So,13502.1,0.0,2023-03-26,März,0,0.0,0.0,13.3,89.0,7.1,7288.88,13502.1
Mo,3672.6,0.0,2023-03-27,März,0,0.0,0.0,5.6,44.0,4.3,7288.88,3672.6
Di,6079.9,63.5,2023-03-28,März,0,0.0,0.0,0.0,466.0,5.4,7288.88,6143.4
Mi,5560.5,17.8,2023-03-29,März,0,0.0,0.0,0.3,67.0,11.3,7288.88,5578.3
Do,5075.0,27.2,2023-03-30,März,0,0.0,0.0,3.0,191.0,12.8,7288.88,5102.2
Fr,8517.6,0.0,2023-03-31,März,1,0.0,0.0,7.0,158.0,11.0,7288.88,8517.6
Sa,9737.2,0.0,2023-04-01,April,1,0.0,0.0,0.2,91.0,9.8,7048.37,9737.2
So,11726.5,478.5,2023-04-02,April,0,0.0,0.1,8.8,297.0,8.5,7048.37,12205.0
Mo,5695.700000000001,0.0,2023-04-03,April,0,0.0,0.0,0.0,0.0,4.8,7048.37,5695.700000000001
Di,6373.4,53.8,2023-04-04,April,0,0.0,0.0,0.0,190.0,3.2,7048.37,6427.2
Mi,5715.8,302.0,2023-04-05,April,0,0.0,0.0,0.0,716.0,4.2,7048.37,6017.8
Do,6371.0,0.0,2023-04-06,April,0,0.0,0.0,0.0,505.0,7.0,7048.37,6371.0
Fr,16490.4,0.0,2023-04-07,April,1,0.7142857142857143,1.0,3.2,24.0,5.9,7048.37,16490.4
Sa,17023.3,77.4,2023-04-08,April,1,0.7142857142857143,0.0,0.3,124.0,7.3,7048.37,17100.7
So,20628.2,2062.3,2023-04-09,April,0,0.7142857142857143,1.0,0.0,425.0,8.0,7048.37,22690.5
Mo,13572.0,4225.8,2023-04-10,April,0,0.7142857142857143,1.0,0.8,490.0,10.4,7048.37,17797.8
Di,6530.6,0.0,2023-04-11,April,0,0.7142857142857143,0.0,11.0,0.0,9.5,7048.37,6530.6
Mi,5186.9,10.2,2023-04-12,April,0,0.7142857142857143,0.0,3.8,111.0,10.6,7048.37,5197.099999999999
Do,8008.9,0.0,2023-04-13,April,0,0.7142857142857143,0.0,6.5,163.0,6.1,7048.37,8008.9
Fr,8369.8,358.0,2023-04-14,April,1,0.7142857142857143,0.0,0.2,589.0,7.3,7048.37,8727.8
Sa,12740.7,0.0,2023-04-15,April,1,0.8571428571428571,0.75,22.5,0.0,6.8,7048.37,12740.7
So,12742.8,0.0,2023-04-16,April,0,0.8571428571428571,0.75,13.4,0.0,6.7,7048.37,12742.8
Mo,4347.2,227.5,2023-04-17,April,0,0.8571428571428571,0.0,0.5,219.0,9.3,7048.37,4574.7
Di,5728.9,352.6,2023-04-18,April,0,0.8571428571428571,0.0,0.0,178.0,11.1,7048.37,6081.5
Mi,9713.8,0.0,2023-04-19,April,0,0.8571428571428571,0.0,0.0,0.0,9.8,7048.37,9713.8
Do,4743.5,0.0,2023-04-20,April,0,0.8571428571428571,0.0,4.3,0.0,5.1,7048.37,4743.5
Fr,11122.1,201.7,2023-04-21,April,1,0.8571428571428571,0.0,0.0,62.0,7.6,7048.37,11323.800000000001
Sa,13439.7,3602.3,2023-04-22,April,1,0.8571428571428571,0.0,2.2,363.0,11.8,7048.37,17042.0
So,13882.8,1821.9,2023-04-23,April,0,0.8571428571428571,0.0,11.4,197.0,12.2,7048.37,15704.699999999999
Mo,7123.1,5.2,2023-04-24,April,0,0.14285714285714285,0.0,0.8,218.0,11.4,7048.37,7128.3
Di,6344.6,17.4,2023-04-25,April,0,0.14285714285714285,0.0,3.8,107.0,8.6,7048.37,6362.0
Mi,5178.3,2090.2,2023-04-26,April,0,0.14285714285714285,0.0,0.0,459.0,9.9,7048.37,7268.5
Do,5666.0,2598.701,2023-04-27,April,0,0.14285714285714285,0.0,2.3,595.0,13.3,7048.37,8264.701000000001
Fr,9299.0,0.0,2023-04-28,April,1,0.14285714285714285,0.0,22.6,10.0,13.2,7048.37,9299.0
Sa,10680.2,3342.7,2023-04-29,April,1,0.2857142857142857,0.0,2.8,240.0,14.7,7048.37,14022.900000000001
So,15682.6,307.0,2023-04-30,April,0,0.2857142857142857,0.0,6.5,0.0,12.8,7048.37,15989.6
Mo,8048.3,16.6,2023-05-01,Mai,0,0.14285714285714285,0.0,6.6,1.0,11.3,7211.93,8064.900000000001
Di,7006.2,347.5,2023-05-02,Mai,0,0.14285714285714285,0.0,1.8,188.0,11.3,7211.93,7353.7
Mi,8310.7,1958.9,2023-05-03,Mai,0,0.14285714285714285,0.0,0.0,215.0,12.3,7211.93,10269.6
Do,4000.6,8567.9,2023-05-04,Mai,0,0.14285714285714285,0.0,0.0,760.0,15.4,7211.93,12568.5
Fr,8525.4,3928.6,2023-05-05,Mai,1,0.14285714285714285,0.0,24.4,456.0,16.2,7211.93,12454.0
Sa,8848.4,8342.0,2023-05-06,Mai,1,0.14285714285714285,0.75,0.5,369.0,16.0,7211.93,17190.4
So,15394.9,2992.1,2023-05-07,Mai,0,0.14285714285714285,0.0,22.4,97.0,13.9,7211.93,18387.0
Mo,5417.5,235.4,2023-05-08,Mai,0,0.14285714285714285,0.0,9.8,107.0,14.3,7211.93,5652.9
Di,4981.1,2474.4,2023-05-09,Mai,0,0.14285714285714285,0.0,22.8,218.0,14.9,7211.93,7455.5
Mi,4069.1000000000004,46.8,2023-05-10,Mai,0,0.14285714285714285,0.0,10.3,55.0,11.8,7211.93,4115.900000000001
Do,7694.5,0.0,2023-05-11,Mai,0,0.14285714285714285,0.0,9.7,59.0,10.8,7211.93,7694.5
Fr,10586.6,365.8,2023-05-12,Mai,1,0.14285714285714285,0.0,4.4,84.0,12.7,7211.93,10952.4
Sa,14713.65,0.0,2023-05-13,Mai,1,0.14285714285714285,0.0,11.6,0.0,11.8,7211.93,14713.65
So,31984.7,409.6,2023-05-14,Mai,0,0.14285714285714285,1.0,18.4,23.0,11.2,7211.93,28342.100000000002
Mo,5685.1,103.2,2023-05-15,Mai,0,0.0,0.0,2.6,208.0,12.1,7211.93,5788.3
Di,5930.0,0.0,2023-05-16,Mai,0,0.0,0.0,18.0,0.0,10.5,7211.93,5930.0
Mi,10195.6,0.0,2023-05-17,Mai,0,0.0,0.0,0.0,1.0,9.6,7211.93,10195.6
Do,19714.68,670.6,2023-05-18,Mai,0,0.0,1.0,0.0,0.0,10.0,7211.93,20385.28
Fr,12377.9,74.7,2023-05-19,Mai,1,0.0,1.0,0.0,0.0,11.2,7211.93,12452.6
Sa,12620.4,101.6,2023-05-20,Mai,1,0.0,0.0,0.0,14.0,12.7,7211.93,12722.0
So,5102.4,17268.5,2023-05-21,Mai,0,0.0,0.0,0.0,445.0,16.6,7211.93,22370.9
Mo,1601.9,11152.3,2023-05-22,Mai,0,0.0,0.0,5.9,675.0,18.8,7211.93,12754.199999999999
Di,6300.7,-666.1,2023-05-23,Mai,0,0.0,0.0,0.4,262.0,17.3,7211.93,5634.599999999999
Mi,9664.3,72.6,2023-05-24,Mai,0,0.0,0.0,2.2,0.0,12.7,7211.93,9736.9
Do,6614.2,331.9,2023-05-25,Mai,0,0.0,0.0,0.0,1.0,13.2,7211.93,6946.099999999999
Fr,1056.6,15907.3,2023-05-26,Mai,1,0.0,0.0,0.0,480.0,17.8,7211.93,16963.899999999998
Sa,3366.7,18222.8,2023-05-27,Mai,1,0.0,0.0,0.0,762.0,18.2,7211.93,21589.5
So,3959.1,27010.3,2023-05-28,Mai,0,0.0,1.0,0.0,815.0,18.4,7211.93,28342.100000000002
Mo,2637.3,24853.1,2023-05-29,Mai,0,0.0,1.0,0.0,829.0,18.8,7211.93,27490.399999999998
Di,6054.5,11894.9,2023-05-30,Mai,0,0.0,0.0,0.0,706.0,18.7,7211.93,17949.4
Mi,222.5,14287.45,2023-05-31,Mai,0,0.0,0.0,0.0,735.0,18.3,7211.93,14509.95
Do,622.4,16325.0,2023-06-01,Juni,0,0.0,0.0,0.1,774.0,19.3,6877.36,16947.4
Fr,708.8,18605.5,2023-06-02,Juni,1,0.0,0.0,0.0,814.0,20.6,6877.36,19314.3
Sa,5350.0,20013.1,2023-06-03,Juni,1,0.0,0.0,0.0,623.0,19.2,6877.36,25363.1
So,2496.3,17935.2,2023-06-04,Juni,0,0.0,0.0,0.0,445.0,18.4,6877.36,20431.5
Mo,623.9,16949.5,2023-06-05,Juni,0,0.0,0.0,0.0,721.0,18.7,6877.36,17573.4
Di,99.4,13448.6,2023-06-06,Juni,0,0.0,0.0,0.0,752.0,19.1,6877.36,13548.0
Mi,6037.875,15465.9,2023-06-07,Juni,0,0.0,0.0,0.0,719.0,19.5,6877.36,21503.775
Do,9677.45,11638.8,2023-06-08,Juni,0,0.0,0.5,1.5,513.0,18.4,6877.36,21316.25
Fr,2479.3,15461.6,2023-06-09,Juni,1,0.0,0.0,0.0,739.0,20.6,6877.36,17940.9
Sa,2071.7,17168.4,2023-06-10,Juni,1,0.0,0.0,0.0,497.0,21.5,6877.36,19240.100000000002
So,781.8,22445.1,2023-06-11,Juni,0,0.0,0.0,0.0,685.0,21.3,6877.36,23226.899999999998
Mo,338.1,10827.6,2023-06-12,Juni,0,0.0,0.0,0.0,836.0,21.3,6877.36,11165.7
Di,1028.3,17417.9,2023-06-13,Juni,0,0.0,0.0,0.0,779.0,20.3,6877.36,18446.2
Mi,363.4,14158.2,2023-06-14,Juni,0,0.0,0.0,0.0,862.0,20.0,6877.36,14521.6
Do,712.45,16692.8,2023-06-15,Juni,0,0.0,0.0,0.0,603.0,19.9,6877.36,17405.25
Fr,2446.8,14303.7,2023-06-16,Juni,1,0.0,0.0,0.0,467.0,20.4,6877.36,16750.5
Sa,2086.8,17971.4,2023-06-17,Juni,1,0.0,0.0,0.0,784.0,21.3,6877.36,20058.2
So,4135.2,20896.8,2023-06-18,Juni,0,0.0,0.0,7.1,612.0,22.2,6877.36,25032.0
Mo,329.0,13280.7,2023-06-19,Juni,0,0.0,0.0,6.6,534.0,21.9,6877.36,13609.7
Di,2728.5,9701.6,2023-06-20,Juni,0,0.0,0.0,0.2,625.0,23.3,6877.36,12430.1
Mi,226.1,13612.9,2023-06-21,Juni,0,0.0,0.0,0.0,364.0,23.2,6877.36,13839.0
Do,9561.1,3517.9,2023-06-22,Juni,0,0.0,0.0,16.7,194.0,21.1,6877.36,13079.0
Fr,1682.7,16920.5,2023-06-23,Juni,1,0.0,0.0,0.0,398.0,19.6,6877.36,18603.2
Sa,3429.2,18486.1,2023-06-24,Juni,1,0.0,0.0,0.0,874.0,20.8,6877.36,21915.3
So,1640.4,23268.3,2023-06-25,Juni,0,0.0,0.0,0.0,885.0,22.2,6877.36,24908.7
Mo,296.0,14095.7,2023-06-26,Juni,0,0.0,0.0,0.0,539.0,24.0,6877.36,14391.7
Di,3284.2,16130.7,2023-06-27,Juni,0,0.0,0.0,0.0,431.0,20.9,6877.36,19414.9
Mi,639.0,11598.0,2023-06-28,Juni,0,0.0,0.0,0.0,465.0,19.6,6877.36,12237.0
Do,5654.4,10260.6,2023-06-29,Juni,0,0.0,0.0,2.0,448.0,20.4,6877.36,15915.0
Fr,7163.2,1670.5,2023-06-30,Juni,1,0.0,0.0,7.5,2.0,17.2,6877.36,8833.7
Sa,11164.3,6029.7,2023-07-01,Juli,1,0.028571428571428574,0.0,0.7,211.0,18.3,7076.14,17194.0
So,11121.8,4981.0,2023-07-02,Juli,0,0.028571428571428574,0.0,0.0,58.0,19.1,7076.14,16102.8
Mo,433.1,15718.1,2023-07-03,Juli,0,0.028571428571428574,0.0,0.4,119.0,20.5,7076.14,16151.2
Di,236.9,16050.6,2023-07-04,Juli,0,0.028571428571428574,0.0,0.8,350.0,21.0,7076.14,16287.5
Mi,9069.8,1549.3,2023-07-05,Juli,0,0.028571428571428574,0.0,2.7,240.0,18.6,7076.14,10619.099999999999
Do,1547.1,17912.4,2023-07-06,Juli,0,0.028571428571428574,0.0,0.0,622.0,19.1,7076.14,19459.5
Fr,2124.9,19663.8,2023-07-07,Juli,1,0.028571428571428574,0.0,0.0,768.0,22.7,7076.14,21788.7
Sa,2675.8,17081.0,2023-07-08,Juli,1,0.8571428571428571,0.0,0.1,433.0,23.8,7076.14,19756.8
So,3533.6,24814.95,2023-07-09,Juli,0,0.8571428571428571,0.0,0.0,670.0,25.6,7076.14,28342.100000000002
Mo,482.3,14413.9,2023-07-10,Juli,0,0.8571428571428571,0.0,0.0,547.0,25.4,7076.14,14896.199999999999
Di,5620.3,9726.3,2023-07-11,Juli,0,0.8571428571428571,0.0,10.4,770.0,26.4,7076.14,15346.599999999999
Mi,11025.1,2486.9,2023-07-12,Juli,0,0.8571428571428571,0.0,52.2,110.0,20.2,7076.14,13512.0
Do,2642.5,13277.3,2023-07-13,Juli,0,0.8571428571428571,0.0,4.9,197.0,18.7,7076.14,15919.8
Fr,2219.7,19400.8,2023-07-14,Juli,1,0.8571428571428571,0.0,0.0,860.0,21.2,7076.14,21620.5
Sa,626.1,19555.7,2023-07-15,Juli,1,0.8571428571428571,0.0,7.8,651.0,25.1,7076.14,20181.8
So,1493.7,21170.5,2023-07-16,Juli,0,0.8571428571428571,0.0,0.3,90.0,20.1,7076.14,22664.2
Mo,880.8,16719.4,2023-07-17,Juli,0,0.8571428571428571,0.0,0.0,239.0,21.8,7076.14,17600.2
Di,1043.4,15480.0,2023-07-18,Juli,0,0.8571428571428571,0.0,2.6,555.0,21.9,7076.14,16523.4
Mi,616.2,15534.8,2023-07-19,Juli,0,0.8571428571428571,0.0,0.0,388.0,24.3,7076.14,16151.0
Do,1519.9,17597.5,2023-07-20,Juli,0,0.8571428571428571,0.0,2.6,525.0,21.8,7076.14,19117.4
Fr,14431.9,1990.2,2023-07-21,Juli,1,0.8571428571428571,0.0,5.7,126.0,18.2,7076.14,16422.1
Sa,2384.9,20207.15,2023-07-22,Juli,1,1.0,0.0,0.0,401.0,19.2,7076.14,22592.050000000003
So,1514.1,18336.5,2023-07-23,Juli,0,1.0,0.0,2.9,719.0,21.6,7076.14,19850.6
Mo,8378.8,1849.1,2023-07-24,Juli,0,1.0,0.0,26.6,142.0,20.1,7076.14,10227.9
Di,10294.6,593.5,2023-07-25,Juli,0,1.0,0.0,12.3,238.0,17.1,7076.14,10888.1
Mi,13403.3,676.1,2023-07-26,Juli,0,1.0,0.0,4.4,70.0,13.6,7076.14,14079.4
Do,1881.6,15811.95,2023-07-27,Juli,0,1.0,0.0,0.0,411.0,17.4,7076.14,17693.55
Fr,10964.6,7257.2,2023-07-28,Juli,1,1.0,0.0,3.7,347.0,20.6,7076.14,18221.8
Sa,10348.6,3753.8,2023-07-29,Juli,1,1.0,0.0,5.3,299.0,19.8,7076.14,14102.400000000001
So,6149.1,13918.0,2023-07-30,Juli,0,1.0,0.0,1.0,352.0,19.8,7076.14,20067.1
Mo,1766.4,17750.4,2023-07-31,Juli,0,1.0,0.0,0.7,612.0,19.4,7076.14,19516.800000000003
Di,19076.7,0.0,2023-08-01,August,0,1.0,1.0,9.6,30.0,18.0,6840.05,19076.7
Mi,7204.4,7404.8,2023-08-02,August,0,1.0,0.0,5.4,431.0,20.6,6840.05,14609.2
Do,10612.8,4630.5,2023-08-03,August,0,1.0,0.0,0.0,386.0,20.5,6840.05,15243.3
Fr,13653.6,184.2,2023-08-04,August,1,1.0,0.0,9.8,121.0,16.3,6840.05,13837.800000000001
Sa,7467.1,9972.8,2023-08-05,August,1,1.0,0.0,0.6,175.0,16.3,6840.05,17439.9
So,20782.1,31.3,2023-08-06,August,0,1.0,0.0,4.6,227.0,14.9,6840.05,20813.399999999998
Mo,10168.5,90.6,2023-08-07,August,0,1.0,0.0,1.9,159.0,13.4,6840.05,10259.1
Di,3794.2,14571.4,2023-08-08,August,0,1.0,0.0,0.0,345.0,15.6,6840.05,18365.6
Mi,4757.4,12229.7,2023-08-09,August,0,1.0,0.0,0.0,32.0,18.1,6840.05,16987.1
Do,3148.8,18124.5,2023-08-10,August,0,1.0,0.0,0.0,734.0,20.3,6840.05,21273.3
Fr,3620.2,20646.9,2023-08-11,August,1,1.0,0.0,0.0,791.0,22.6,6840.05,24267.100000000002
Sa,3198.8,14113.7,2023-08-12,August,1,1.0,0.0,0.4,359.0,22.5,6840.05,17312.5
So,2878.0,20817.0,2023-08-13,August,0,1.0,0.0,5.3,597.0,22.1,6840.05,23695.0
Mo,1638.5,16479.2,2023-08-14,August,0,0.6285714285714287,0.0,0.0,620.0,24.6,6840.05,18117.7
Di,1528.9,21408.9,2023-08-15,August,0,0.6285714285714287,0.0,0.0,506.0,24.1,6840.05,22937.800000000003
Mi,1519.1,14572.8,2023-08-16,August,0,0.6285714285714287,0.0,0.0,734.0,23.8,6840.05,16091.9
Do,1660.3,13787.4,2023-08-17,August,0,0.6285714285714287,0.0,2.5,213.0,21.0,6840.05,15447.699999999999
Fr,760.7,15648.4,2023-08-18,August,1,0.6285714285714287,0.0,0.0,755.0,22.6,6840.05,16409.1
Sa,863.6,14869.3,2023-08-19,August,1,0.6285714285714287,0.0,0.0,673.0,24.7,6840.05,15732.9
So,5336.7,15430.9,2023-08-20,August,0,0.6285714285714287,0.75,0.0,704.0,25.2,6840.05,20767.6
Mo,486.8,11991.4,2023-08-21,August,0,0.05714285714285715,0.0,0.0,744.0,26.0,6840.05,12478.199999999999
Di,947.7,14304.2,2023-08-22,August,0,0.05714285714285715,0.0,0.0,739.0,26.4,6840.05,15251.900000000001
Mi,1165.1,13210.7,2023-08-23,August,0,0.05714285714285715,0.0,0.0,735.0,26.3,6840.05,14375.800000000001
Do,5367.2,10046.5,2023-08-24,August,0,0.05714285714285715,0.0,0.3,519.0,25.7,6840.05,15413.7
Fr,1493.5,11503.3,2023-08-25,August,1,0.05714285714285715,0.0,0.1,362.0,23.8,6840.05,12996.8
Sa,11552.5,1919.6,2023-08-26,August,1,0.05714285714285715,0.0,23.1,30.0,19.1,6840.05,13472.1
So,13758.2,1219.0,2023-08-27,August,0,0.05714285714285715,0.0,28.5,1.0,15.8,6840.05,14977.2
Mo,7250.3,175.3,2023-08-28,August,0,0.0,0.5,36.6,0.0,12.8,6840.05,7425.6
Di,10109.8,0.0,2023-08-29,August,0,0.0,0.0,3.1,0.0,12.2,6840.05,10109.8
Mi,4963.0,2257.5,2023-08-30,August,0,0.0,0.0,0.1,236.0,14.7,6840.05,7220.5
Do,8438.2,738.1,2023-08-31,August,0,0.0,0.0,0.0,101.0,15.7,6840.05,9176.300000000001
Fr,1479.7,15591.6,2023-09-01,September,1,0.0,0.0,0.0,641.0,18.8,6763.88,17071.3
Sa,2738.2,16851.8,2023-09-02,September,1,0.0,0.0,0.0,725.0,19.8,6763.88,19590.0
So,390.5,19491.4,2023-09-03,September,0,0.0,0.0,0.0,581.0,20.2,6763.88,19881.9
Mo,654.2,11561.0,2023-09-04,September,0,0.0,0.0,0.0,728.0,20.4,6763.88,12215.2
Di,506.3,15153.2,2023-09-05,September,0,0.0,0.0,0.0,726.0,20.4,6763.88,15659.5
Mi,145.4,11844.9,2023-09-06,September,0,0.0,0.0,0.0,724.0,20.8,6763.88,11990.3
Do,460.2,15221.4,2023-09-07,September,0,0.0,0.0,0.0,721.0,22.3,6763.88,15681.6
Fr,1689.4,15671.7,2023-09-08,September,1,0.0,0.0,0.0,618.0,23.0,6763.88,17361.100000000002
Sa,3358.0,18383.9,2023-09-09,September,1,0.0,0.0,0.0,603.0,22.9,6763.88,21741.9
So,5876.1,20365.3,2023-09-10,September,0,0.0,0.0,0.0,707.0,23.0,6763.88,26241.4
Mo,968.8,12105.5,2023-09-11,September,0,0.0,0.0,0.0,716.0,22.7,6763.88,13074.3
Di,1231.8,11985.9,2023-09-12,September,0,0.0,0.0,2.9,379.0,21.2,6763.88,13217.699999999999
Mi,8462.9,1045.3,2023-09-13,September,0,0.0,0.0,13.6,6.0,17.9,6763.88,9508.199999999999
Do,7226.2,1066.6,2023-09-14,September,0,0.0,0.0,0.0,7.0,17.7,6763.88,8292.8
Fr,931.1999999999999,12738.5,2023-09-15,September,1,0.0,0.0,0.0,329.0,18.9,6763.88,13669.7
Sa,7202.4,8126.5,2023-09-16,September,1,0.0,0.0,0.0,371.0,19.7,6763.88,15328.9
So,1141.0,20704.8,2023-09-17,September,0,0.0,0.0,0.0,541.0,20.8,6763.88,21845.8
Mo,8012.0,0.0,2023-09-18,September,0,0.0,0.0,4.3,10.0,18.0,6763.88,8012.0
Di,9523.3,1204.9,2023-09-19,September,0,0.0,0.0,0.4,266.0,17.5,6763.88,10728.199999999999
Mi,700.6,9683.2,2023-09-20,September,0,0.0,0.0,0.0,645.0,18.0,6763.88,10383.800000000001
Do,3705.3,4331.3,2023-09-21,September,0,0.0,0.0,24.0,272.0,18.7,6763.88,8036.6
Fr,10491.6,35.2,2023-09-22,September,1,0.0,0.0,4.7,18.0,14.4,6763.88,10526.800000000001
Sa,13073.5,1678.1,2023-09-23,September,1,0.05714285714285715,0.0,3.4,106.0,12.6,6763.88,14751.6
So,13315.0,5600.9,2023-09-24,September,0,0.05714285714285715,0.0,0.0,379.0,12.5,6763.88,18915.9
Mo,4953.1,4568.1,2023-09-25,September,0,0.05714285714285715,0.0,0.0,654.0,12.9,6763.88,9521.2
Di,2721.1,6661.3,2023-09-26,September,0,0.05714285714285715,0.0,0.0,660.0,14.4,6763.88,9382.4
Mi,2825.3,8704.7,2023-09-27,September,0,0.05714285714285715,0.0,0.0,643.0,15.2,6763.88,11530.0
Do,1079.6,9108.5,2023-09-28,September,0,0.05714285714285715,0.0,0.0,576.0,16.8,6763.88,10188.1
Fr,6329.0,7557.5,2023-09-29,September,1,0.05714285714285715,0.0,0.0,464.0,18.1,6763.88,13886.5
Sa,9783.0,7326.6,2023-09-30,September,1,0.7428571428571429,0.0,0.0,245.0,18.2,6763.88,17109.6
So,4351.5,16053.7,2023-10-01,Oktober,0,0.7428571428571429,0.0,0.0,583.0,16.0,6589.36,20405.2
Mo,1660.8,12230.4,2023-10-02,Oktober,0,0.7428571428571429,0.0,0.0,630.0,16.3,6589.36,13891.199999999999
Di,6043.6,6548.2,2023-10-03,Oktober,0,0.7428571428571429,0.0,1.7,450.0,17.7,6589.36,12591.8
Mi,8251.3,3239.4,2023-10-04,Oktober,0,0.7428571428571429,0.0,0.0,343.0,15.2,6589.36,11490.699999999999
Do,5981.2,3087.3,2023-10-05,Oktober,0,0.7428571428571429,0.0,0.0,411.0,13.8,6589.36,9068.5
Fr,8353.5,5881.6,2023-10-06,Oktober,1,0.7428571428571429,0.0,0.0,510.0,13.8,6589.36,14235.1
Sa,8244.6,5729.0,2023-10-07,Oktober,1,1.0,0.0,0.0,568.0,14.1,6589.36,13973.6
So,5467.0,14520.0,2023-10-08,Oktober,0,1.0,0.0,0.0,591.0,15.8,6589.36,19987.0
Mo,6295.3,4161.8,2023-10-09,Oktober,0,1.0,0.0,0.0,517.0,17.0,6589.36,10457.1
Di,5301.4,6627.2,2023-10-10,Oktober,0,1.0,0.0,0.0,448.0,16.1,6589.36,11928.599999999999
Mi,5130.4,10258.6,2023-10-11,Oktober,0,1.0,0.0,0.0,599.0,16.0,6589.36,15389.0
Do,6335.0,7433.8,2023-10-12,Oktober,0,1.0,0.0,0.0,458.0,15.9,6589.36,13768.8
Fr,10292.9,10967.1,2023-10-13,Oktober,1,1.0,0.0,0.0,588.0,15.9,6589.36,21260.0
Sa,11577.9,236.6,2023-10-14,Oktober,1,1.0,0.0,16.2,131.0,14.6,6589.36,11814.5
So,13236.8,0.0,2023-10-15,Oktober,0,1.0,0.0,0.3,32.0,9.4,6589.36,13236.8
Mo,5951.4,477.7,2023-10-16,Oktober,0,0.2571428571428572,0.0,0.0,250.0,7.7,6589.36,6429.099999999999
Di,6037.8,143.7,2023-10-17,Oktober,0,0.2571428571428572,0.0,0.0,344.0,8.4,6589.36,6181.5
Mi,4958.4,0.0,2023-10-18,Oktober,0,0.2571428571428572,0.0,0.0,95.0,10.2,6589.36,4958.4
Do,7882.3,216.2,2023-10-19,Oktober,0,0.2571428571428572,0.0,0.0,265.0,14.4,6589.36,8098.5
Fr,8365.1,0.0,2023-10-20,Oktober,1,0.2571428571428572,0.0,3.6,0.0,13.4,6589.36,8365.1
Sa,13330.2,0.0,2023-10-21,Oktober,1,0.2571428571428572,0.0,7.4,0.0,11.7,6589.36,13330.2
So,12174.55,1832.0,2023-10-22,Oktober,0,0.2571428571428572,0.0,0.0,210.0,10.8,6589.36,14006.55
Mo,6491.1,210.9,2023-10-23,Oktober,0,0.028571428571428574,0.0,0.0,206.0,11.6,6589.36,6702.0
Di,5409.0,0.0,2023-10-24,Oktober,0,0.028571428571428574,0.0,9.7,0.0,11.2,6589.36,5409.0
Mi,8458.5,12.0,2023-10-25,Oktober,0,0.028571428571428574,0.0,4.1,160.0,11.4,6589.36,8470.5
Do,8305.0,0.0,2023-10-26,Oktober,0,0.028571428571428574,0.0,13.4,26.0,12.0,6589.36,8305.0
Fr,8317.1,21.8,2023-10-27,Oktober,1,0.028571428571428574,0.0,2.8,295.0,11.6,6589.36,8338.9
Sa,15713.2,929.6,2023-10-28,Oktober,1,0.028571428571428574,0.0,0.0,448.0,9.5,6589.36,16642.8
So,12409.1,1786.9,2023-10-29,Oktober,0,0.028571428571428574,0.0,0.0,298.0,10.5,6589.36,14196.0
Mo,5631.8,0.0,2023-10-30,Oktober,0,0.0,0.0,9.1,31.0,10.0,6589.36,5631.8
Di,7072.4,0.0,2023-10-31,Oktober,0,0.0,0.0,0.0,10.0,9.8,6589.36,7072.4
Mi,8670.9,0.0,2023-11-01,November,0,0.0,0.0,0.0,153.0,7.4,6225.59,8670.9
Do,4152.0,0.0,2023-11-02,November,0,0.0,0.0,8.9,0.0,7.7,6225.59,4152.0
Fr,7976.2,4.3,2023-11-03,November,1,0.0,0.0,1.0,126.0,6.3,6225.59,7980.5
Sa,12624.5,0.0,2023-11-04,November,1,0.0,0.0,15.8,108.0,5.8,6225.59,12624.5
So,10243.5,0.0,2023-11-05,November,0,0.0,0.0,0.1,119.0,10.0,6225.59,10243.5
Mo,5403.5,0.0,2023-11-06,November,0,0.0,0.0,0.9,321.0,8.6,6225.59,5403.5
Di,5592.8,0.0,2023-11-07,November,0,0.0,0.0,0.8,207.0,7.0,6225.59,5592.8
Mi,5943.9,369.1,2023-11-08,November,0,0.0,0.0,0.0,491.0,4.9,6225.59,6313.0
Do,7230.1,0.0,2023-11-09,November,0,0.0,0.0,2.0,7.0,5.0,6225.59,7230.1
Fr,8350.1,0.0,2023-11-10,November,1,0.0,0.0,2.2,110.0,6.4,6225.59,8350.1
Sa,13528.1,0.0,2023-11-11,November,1,0.0,0.0,4.0,62.0,5.7,6225.59,13528.1
So,4171.2,0.0,2023-11-12,November,0,0.0,0.0,11.4,0.0,5.4,6225.59,4171.2
Mo,4325.0,0.0,2023-11-13,November,0,0.0,0.0,22.3,0.0,11.0,6225.59,4325.0
Di,8336.1,0.0,2023-11-14,November,0,0.0,0.0,50.2,0.0,11.0,6225.59,8336.1
Mi,5207.7,0.0,2023-11-15,November,0,0.0,0.0,0.1,200.0,8.6,6225.59,5207.7
Do,5707.7,0.0,2023-11-16,November,0,0.0,0.0,1.5,15.0,7.2,6225.59,5707.7
Fr,8000.4,0.0,2023-11-17,November,1,0.0,0.0,3.2,1.0,7.2,6225.59,8000.4
Sa,11624.7,0.0,2023-11-18,November,1,0.0,0.0,13.0,48.0,5.0,6225.59,11624.7
So,12448.3,0.0,2023-11-19,November,0,0.0,0.0,2.9,60.0,9.6,6225.59,12448.3
Mo,5799.5,0.0,2023-11-20,November,0,0.0,0.0,1.5,18.0,9.1,6225.59,5799.5
Di,7363.9,0.0,2023-11-21,November,0,0.0,0.0,16.6,0.0,7.0,6225.59,7363.9
Mi,7659.0,0.0,2023-11-22,November,0,0.0,0.0,1.2,0.0,4.9,6225.59,7659.0
Do,6138.9,0.0,2023-11-23,November,0,0.0,0.0,0.0,194.0,3.4,6225.59,6138.9
Fr,11748.3,0.0,2023-11-24,November,1,0.0,0.0,3.8,103.0,5.0,6225.59,11748.3
Sa,11566.3,0.0,2023-11-25,November,1,0.0,0.0,0.3,38.0,2.7,6225.59,11566.3
So,9296.0,0.0,2023-11-26,November,0,0.0,0.0,0.0,55.0,2.7,6225.59,9296.0
Mo,4342.3,0.0,2023-11-27,November,0,0.0,0.0,6.4,5.0,2.7,6225.59,4342.3
Di,3838.0,0.0,2023-11-28,November,0,0.0,0.0,2.9,9.0,3.6,6225.59,3838.0
Mi,6690.9,0.0,2023-11-29,November,0,0.0,0.0,0.6,362.0,1.0,6225.59,6690.9
Do,4923.7,0.0,2023-11-30,November,0,0.0,0.0,32.8,0.0,1.3,6225.59,4923.7
Fr,11068.3,0.0,2023-12-01,Dezember,1,0.0,0.0,32.5,0.0,2.5,6455.11,11068.3
Sa,9649.2,0.0,2023-12-02,Dezember,1,0.0,0.0,6.3,0.0,-0.6,6455.11,9649.2
So,7851.1,11.1,2023-12-03,Dezember,0,0.0,0.0,0.0,397.0,-3.8,6455.11,7862.200000000001
Mo,4899.2,0.0,2023-12-04,Dezember,0,0.0,0.0,0.0,11.0,-2.3,6455.11,4899.2
Di,4711.0,0.0,2023-12-05,Dezember,0,0.0,0.0,0.1,87.0,1.8,6455.11,4711.0
Mi,6385.3,0.0,2023-12-06,Dezember,0,0.0,0.0,0.6,14.0,2.9,6455.11,6385.3
Do,11705.3,0.0,2023-12-07,Dezember,0,0.0,0.0,0.0,0.0,0.4,6455.11,11705.3
Fr,6208.2,0.0,2023-12-08,Dezember,1,0.0,0.0,5.9,0.0,2.9,6455.11,6208.2
Sa,5579.5,0.0,2023-12-09,Dezember,1,0.0,0.0,16.5,56.0,5.1,6455.11,5579.5
So,6107.4,0.0,2023-12-10,Dezember,0,0.0,0.0,0.5,0.0,7.6,6455.11,6107.4
Mo,5428.3,0.0,2023-12-11,Dezember,0,0.0,0.0,39.1,0.0,7.6,6455.11,5428.3
Di,7206.7,0.0,2023-12-12,Dezember,0,0.0,0.0,10.0,0.0,8.8,6455.11,7206.7
Mi,6518.6,0.0,2023-12-13,Dezember,0,0.0,0.0,11.9,48.0,6.8,6455.11,6518.6
Do,8590.3,0.0,2023-12-14,Dezember,0,0.0,0.0,1.2,0.0,5.9,6455.11,8590.3
Fr,9660.5,19.5,2023-12-15,Dezember,1,0.0,0.0,0.0,56.0,4.1,6455.11,9680.0
Sa,11816.4,0.0,2023-12-16,Dezember,1,0.0,0.0,0.0,0.0,0.9,6455.11,11816.4
So,9554.2,0.0,2023-12-17,Dezember,0,0.0,0.0,0.0,0.0,1.4,6455.11,9554.2
Mo,8413.4,0.0,2023-12-18,Dezember,0,0.0,0.0,0.0,55.0,0.2,6455.11,8413.4
Di,10087.3,63.0,2023-12-19,Dezember,0,0.0,0.0,3.9,308.0,1.8,6455.11,10150.3
Mi,4308.2,0.0,2023-12-20,Dezember,0,0.0,0.0,2.8,3.0,4.0,6455.11,4308.2
Do,7136.2,0.0,2023-12-21,Dezember,0,0.0,0.0,2.2,0.0,6.8,6455.11,7136.2
Fr,6407.3,0.0,2023-12-22,Dezember,1,0.0,0.0,0.0,0.0,8.7,6455.11,6407.3
Sa,6222.8,0.0,2023-12-23,Dezember,1,1.0,0.0,0.0,90.0,8.3,6455.11,6222.8
So,70.0,0.0,2023-12-24,Dezember,0,1.0,1.0,1.7,165.0,4.2,6455.11,70.0
Mo,16921.1,421.5,2023-12-25,Dezember,0,1.0,1.0,0.0,325.0,5.8,6455.11,17342.6
Di,13773.2,354.3,2023-12-26,Dezember,0,1.0,1.0,0.0,202.0,2.9,6455.11,14127.5
Mi,8083.6,189.4,2023-12-27,Dezember,0,1.0,0.0,0.0,362.0,2.0,6455.11,8273.0
Do,8207.2,0.0,2023-12-28,Dezember,0,1.0,0.0,0.0,0.0,2.8,6455.11,8207.2
Fr,7449.1,0.0,2023-12-29,Dezember,1,1.0,0.0,0.0,14.0,6.3,6455.11,7449.1
Sa,6674.7,269.3,2023-12-30,Dezember,1,1.0,0.0,0.0,381.0,4.9,6455.11,6944.0
So,39045.0,0.0,2023-12-31,Dezember,0,1.0,1.0,2.9,50.0,3.0,6455.11,28342.100000000002
Mo,9138.9,0.0,2024-01-01,Januar,0,1.0,1.0,0.0,251.0,3.5,6852.12,9138.9
Di,11308.66,0.0,2024-01-02,Januar,0,1.0,0.0,2.1,31.0,4.7,6852.12,11308.66
Mi,4284.8,30.0,2024-01-03,Januar,0,1.0,0.0,7.5,298.0,9.8,6852.12,4314.8
Do,6025.0,177.9,2024-01-04,Januar,0,1.0,0.0,0.0,305.0,7.1,6852.12,6202.9
Fr,6459.9,0.0,2024-01-05,Januar,1,1.0,0.0,14.3,0.0,4.8,6852.12,6459.9
Sa,10408.6,0.0,2024-01-06,Januar,1,1.0,0.0,14.7,0.0,3.1,6852.12,10408.6
So,3362.0,0.0,2024-01-07,Januar,0,1.0,0.0,3.3,0.0,1.7,6852.12,3362.0
Mo,2627.5,0.0,2024-01-08,Januar,0,0.0,0.0,0.0,0.0,-1.9,6852.12,2627.5
Di,4714.4,0.0,2024-01-09,Januar,0,0.0,0.0,0.5,0.0,-2.5,6852.12,4714.4
Mi,1590.0,0.0,2024-01-10,Januar,0,0.0,0.0,0.0,0.0,-1.9,6852.12,1590.0
Do,2525.0,0.0,2024-01-11,Januar,0,0.0,0.0,0.0,0.0,-1.4,6852.12,2525.0
Fr,7664.2,0.0,2024-01-12,Januar,1,0.0,0.0,0.0,0.0,-1.5,6852.12,7664.2
Sa,9747.5,0.0,2024-01-13,Januar,1,0.0,0.0,0.0,0.0,-2.2,6852.12,9747.5
So,11725.2,0.0,2024-01-14,Januar,0,0.0,0.0,0.8,192.0,-2.6,6852.12,11725.2
Mo,3748.1,0.0,2024-01-15,Januar,0,0.0,0.0,0.0,0.0,0.7,6852.12,3748.1
Di,2709.1,0.0,2024-01-16,Januar,0,0.0,0.0,3.6,171.0,-0.4,6852.12,2709.1
Mi,3009.0,0.0,2024-01-17,Januar,0,0.0,0.0,9.5,5.0,3.6,6852.12,3009.0
Do,4199.0,0.0,2024-01-18,Januar,0,0.0,0.0,20.1,4.0,5.1,6852.12,4199.0
Fr,5441.1,71.0,2024-01-19,Januar,1,0.0,0.0,0.0,123.0,-2.0,6852.12,5512.1
Sa,9412.1,67.0,2024-01-20,Januar,1,0.0,0.0,0.0,64.0,-5.7,6852.12,9479.1
So,9349.3,238.3,2024-01-21,Januar,0,0.0,0.0,0.0,158.0,-3.7,6852.12,9587.599999999999
Mo,4548.3,0.0,2024-01-22,Januar,0,0.0,0.0,6.6,26.0,0.7,6852.12,4548.3
Di,5567.5,0.0,2024-01-23,Januar,0,0.0,0.0,0.3,138.0,6.8,6852.12,5567.5
Mi,4937.9,0.0,2024-01-24,Januar,0,0.0,0.0,0.3,11.0,11.1,6852.12,4937.9
Do,5924.2,0.0,2024-01-25,Januar,0,0.0,0.0,0.0,52.0,12.1,6852.12,5924.2
Fr,8017.6,0.0,2024-01-26,Januar,1,0.0,0.0,6.2,76.0,8.3,6852.12,8017.6
Sa,13013.6,543.9,2024-01-27,Januar,1,0.0,0.0,0.0,238.0,5.9,6852.12,13557.5
So,7672.1,757.5,2024-01-28,Januar,0,0.0,0.0,0.0,198.0,3.0,6852.12,8429.6
Mo,6192.5,140.4,2024-01-29,Januar,0,0.0,0.0,0.0,308.0,2.0,6852.12,6332.9
Di,5645.1,20.0,2024-01-30,Januar,0,0.0,0.0,0.0,343.0,4.1,6852.12,5665.1
Mi,5460.4,120.9,2024-01-31,Januar,0,0.0,0.0,0.0,332.0,4.0,6852.12,5581.299999999999
Do,3848.2,0.0,2024-02-01,Februar,0,0.0,0.0,5.7,0.0,4.8,6590.24,3848.2
Fr,6229.0,0.0,2024-02-02,Februar,1,0.0,0.0,0.0,14.0,6.1,6590.24,6229.0
Sa,10263.2,1810.9,2024-02-03,Februar,1,0.5428571428571428,0.0,0.0,490.0,5.2,6590.24,12074.1
So,9293.1,606.2,2024-02-04,Februar,0,0.5428571428571428,0.0,0.0,130.0,3.6,6590.24,9899.300000000001
Mo,4527.1,349.9,2024-02-05,Februar,0,0.5428571428571428,0.0,0.0,29.0,2.0,6590.24,4877.0
Di,7518.95,765.7,2024-02-06,Februar,0,0.5428571428571428,0.0,0.0,346.0,1.8,6590.24,8284.65
Mi,6631.0,154.3,2024-02-07,Februar,0,0.5428571428571428,0.0,3.4,151.0,5.2,6590.24,6785.3
Do,6494.3,0.0,2024-02-08,Februar,0,0.5714285714285714,0.0,0.4,116.0,8.1,6590.24,6494.3
Fr,8614.8,7.0,2024-02-09,Februar,1,0.5714285714285714,0.0,0.1,0.0,8.5,6590.24,8621.8
Sa,10635.1,0.0,2024-02-10,Februar,1,0.5714285714285714,0.0,0.1,95.0,8.0,6590.24,10635.1
So,8745.9,0.0,2024-02-11,Februar,0,0.5714285714285714,0.0,0.0,141.0,7.4,6590.24,8745.9
Mo,6132.1,9.5,2024-02-12,Februar,0,0.5714285714285714,0.0,0.9,56.0,6.3,6590.24,6141.6
Di,10156.5,1018.8,2024-02-13,Februar,0,0.5714285714285714,0.0,0.0,533.0,5.7,6590.24,11175.3
Mi,15532.7,29.0,2024-02-14,Februar,0,0.5714285714285714,1.0,0.0,247.0,7.3,6590.24,15561.7
Do,8861.0,0.0,2024-02-15,Februar,0,0.5714285714285714,0.0,0.0,256.0,7.0,6590.24,8861.0
Fr,11537.95,159.4,2024-02-16,Februar,1,0.5714285714285714,0.0,0.0,317.0,10.3,6590.24,11697.35
Sa,14138.5,0.0,2024-02-17,Februar,1,0.5714285714285714,0.0,0.3,0.0,10.1,6590.24,14138.5
So,14312.0,280.1,2024-02-18,Februar,0,0.5714285714285714,0.0,2.2,3.0,9.7,6590.24,14592.1
Mo,7152.1,0.0,2024-02-19,Februar,0,0.0,0.0,8.2,58.0,8.6,6590.24,7152.1
Di,4628.9,29.5,2024-02-20,Februar,0,0.0,0.0,1.3,103.0,6.4,6590.24,4658.4
Mi,4970.6,12.0,2024-02-21,Februar,0,0.0,0.0,0.4,354.0,6.9,6590.24,4982.6
Do,7805.2,0.0,2024-02-22,Februar,0,0.0,0.0,15.0,0.0,8.0,6590.24,7805.2
Fr,9963.3,73.5,2024-02-23,Februar,1,0.0,0.0,0.0,122.0,5.5,6590.24,10036.8
Sa,12923.6,48.1,2024-02-24,Februar,1,0.14285714285714285,0.0,0.0,187.0,4.7,6590.24,12971.7
So,10113.6,3458.7,2024-02-25,Februar,0,0.14285714285714285,0.0,0.0,492.0,5.0,6590.24,13572.3
Mo,4841.7,0.0,2024-02-26,Februar,0,0.14285714285714285,0.0,0.0,69.0,6.8,6590.24,4841.7
Di.,4364.3,0.0,2024-02-27,Februar,0,0.14285714285714285,0.0,0.0,0.0,6.9,6590.24,4364.3
Mi.,3779.7,0.0,2024-02-28,Februar,0,0.14285714285714285,0.0,0.0,0.0,7.0,6590.24,3779.7
Do.,5340.0,24.5,2024-02-29,Februar,0,0.0,0.0,1.8,219.0,6.7,6590.24,5364.5
Fr,9673.9,0.0,2024-03-01,März,1,0.14285714285714285,0.0,5.4,0.0,6.3,7288.88,9673.9
Sa,11755.6,1211.2,2024-03-02,März,1,0.14285714285714285,0.0,0.0,445.0,6.7,7288.88,12966.800000000001
So,9719.7,1746.2,2024-03-03,März,0,0.14285714285714285,0.0,0.0,251.0,9.8,7288.88,11465.900000000001
Mo,3732.3,0.0,2024-03-04,März,0,0.0,0.0,0.0,0.0,7.7,7288.88,3732.3
Di,6198.5,0.0,2024-03-05,März,0,0.0,0.0,36.6,0.0,5.7,7288.88,6198.5
Mi,3697.2,0.0,2024-03-06,März,0,0.0,0.0,11.5,0.0,1.8,7288.88,3697.2
Do,6109.6,0.0,2024-03-07,März,0,0.0,0.0,0.0,37.0,3.3,7288.88,6109.6
Fr,9738.3,0.0,2024-03-08,März,1,0.0,0.0,0.0,153.0,2.9,7288.88,9738.3
Sa,10815.2,556.9,2024-03-09,März,1,0.0,0.0,0.0,329.0,8.5,7288.88,11372.1
So,12581.2,0.0,2024-03-10,März,0,0.0,0.0,10.8,16.0,9.2,7288.88,12581.2
Mo,7727.6,24.0,2024-03-11,März,0,0.0,0.0,0.4,171.0,6.4,7288.88,7751.6
Di,2757.8,0.0,2024-03-12,März,0,0.0,0.0,6.7,25.0,6.8,7288.88,2757.8
Mi,5438.8,0.0,2024-03-13,März,0,0.0,0.0,6.1,36.0,7.0,7288.88,5438.8
Do,8425.9,1019.2,2024-03-14,März,0,0.0,0.0,0.1,427.0,8.2,7288.88,9445.1
Fr,8266.0,0.0,2024-03-15,März,1,0.0,0.0,14.8,184.0,10.5,7288.88,8266.0
Sa,14353.6,24.0,2024-03-16,März,1,0.0,0.0,0.0,351.0,10.5,7288.88,14377.6
So,12780.6,0.0,2024-03-17,März,0,0.0,0.0,3.6,66.0,8.9,7288.88,12780.6
Mo,5532.6,0.0,2024-03-18,März,0,0.0,0.0,23.1,0.0,8.8,7288.88,5532.6
Di,5510.2,520.0,2024-03-19,März,0,0.0,0.0,0.0,402.0,9.2,7288.88,6030.2
Mi,5881.2,1955.1,2024-03-20,März,0,0.0,0.0,1.6,655.0,10.6,7288.88,7836.299999999999
Do,6205.1,200.5,2024-03-21,März,0,0.0,0.0,8.0,121.0,10.7,7288.88,6405.6
Fr,9918.2,3193.6,2024-03-22,März,1,0.0,0.0,0.0,537.0,11.6,7288.88,13111.800000000001
Sa,10442.7,0.0,2024-03-23,März,1,0.0,0.0,10.2,127.0,7.6,7288.88,10442.7
So,12537.6,0.0,2024-03-24,März,0,0.0,0.1,0.7,171.0,5.9,7288.88,12537.6
Mo,5773.4,509.7,2024-03-25,März,0,0.0,0.0,0.0,604.0,7.3,7288.88,6283.099999999999
Di,5609.3,926.9,2024-03-26,März,0,0.0,0.0,0.0,429.0,10.4,7288.88,6536.2
Mi,4074.2,0.0,2024-03-27,März,0,0.0,0.0,0.5,107.0,7.1,7288.88,4074.2
Do,8647.3,0.0,2024-03-28,März,0,0.0,0.0,3.4,310.0,5.6,7288.88,8647.3
Fr,26778.2,1555.3,2024-03-29,März,1,0.4857142857142857,1.0,0.0,250.0,12.3,7288.88,28333.5
Sa,15624.0,284.7,2024-03-30,März,1,0.4857142857142857,0.0,6.4,115.0,14.5,7288.88,15908.7
So,24421.6,1299.4,2024-03-31,März,0,0.4857142857142857,1.0,3.6,320.0,12.1,7288.88,25721.0
Mo,13236.15,0.0,2024-04-01,April,0,0.4857142857142857,1.0,0.5,63.0,9.3,7048.37,13236.15
Di,5509.7,64.1,2024-04-02,April,0,0.4857142857142857,0.0,0.0,505.0,10.0,7048.37,5573.8
Mi,5206.5,9.5,2024-04-03,April,0,0.4857142857142857,0.0,0.1,14.0,9.8,7048.37,5216.0
Do,6812.1,7.5,2024-04-04,April,0,0.6285714285714287,0.0,0.0,95.0,12.6,7048.37,6819.6
Fr,11358.3,3702.2,2024-04-05,April,1,0.6285714285714287,0.0,0.0,545.0,14.9,7048.37,15060.5
Sa,7388.3,12281.9,2024-04-06,April,1,0.7142857142857143,0.0,0.0,645.0,15.4,7048.37,19670.2
So,8195.3,7862.1,2024-04-07,April,0,0.7142857142857143,0.0,0.0,114.0,16.4,7048.37,16057.4
Mo,3041.0,4745.3,2024-04-08,April,0,0.7142857142857143,0.0,0.0,336.0,19.6,7048.37,7786.3
Di,5740.1,0.0,2024-04-09,April,0,0.7142857142857143,0.0,5.3,0.0,10.8,7048.37,5740.1
Mi,10145.0,0.0,2024-04-10,April,0,0.7142857142857143,0.0,0.0,34.0,8.2,7048.37,10145.0
Do,9262.6,3583.2,2024-04-11,April,0,0.7142857142857143,0.0,0.0,637.0,10.1,7048.37,12845.8
Fr,8276.3,9564.1,2024-04-12,April,1,0.7142857142857143,0.0,0.0,683.0,13.2,7048.37,17840.4
Sa,8200.4,12053.0,2024-04-13,April,1,0.8571428571428571,0.75,0.0,700.0,15.7,7048.37,20253.4
So,2104.2,22289.0,2024-04-14,April,0,0.8571428571428571,0.75,0.0,727.0,18.0,7048.37,24393.2
Mo,6701.7,0.0,2024-04-15,April,0,0.34285714285714286,0.0,10.4,172.0,15.8,7048.37,6701.7
Di,6397.2,0.0,2024-04-16,April,0,0.34285714285714286,0.0,4.3,396.0,8.5,7048.37,6397.2
Mi,5245.1,0.0,2024-04-17,April,0,0.34285714285714286,0.0,12.9,33.0,4.7,7048.37,5245.1
Do,5984.3,0.0,2024-04-18,April,0,0.34285714285714286,0.0,7.6,109.0,3.6,7048.37,5984.3
Fr,10494.3,0.0,2024-04-19,April,1,0.34285714285714286,0.0,2.8,4.0,5.8,7048.37,10494.3
Sa,14499.3,0.0,2024-04-20,April,1,0.34285714285714286,0.0,10.0,104.0,4.4,7048.37,14499.3
So,16232.2,0.0,2024-04-21,April,0,0.34285714285714286,0.0,11.8,9.0,2.8,7048.37,16232.2
Mo,5031.0,0.0,2024-04-22,April,0,0.14285714285714285,0.0,3.1,0.0,2.4,7048.37,5031.0
Di,7178.9,0.0,2024-04-23,April,0,0.14285714285714285,0.0,3.6,0.0,2.9,7048.37,7178.9
Mi,6169.9,0.0,2024-04-24,April,0,0.14285714285714285,0.0,1.1,130.0,4.7,7048.37,6169.9
Do,7551.6,0.0,2024-04-25,April,0,0.14285714285714285,0.0,0.0,291.0,5.7,7048.37,7551.6
Fr,9580.0,320.3,2024-04-26,April,1,0.14285714285714285,0.0,0.0,464.0,9.1,7048.37,9900.3
Sa,17342.3,4762.1,2024-04-27,April,1,0.2857142857142857,0.0,0.0,723.0,12.0,7048.37,22104.4
So,18598.0,1272.3,2024-04-28,April,0,0.2857142857142857,0.0,0.0,136.0,12.4,7048.37,19870.3
Mo,4812.0,3127.5,2024-04-29,April,0,0.14285714285714285,0.0,0.0,534.0,12.7,7048.37,7939.5
Di,4486.3,7472.0,2024-04-30,April,0,0.14285714285714285,0.0,0.0,522.0,16.7,7048.37,11958.3
Mi,8746.1,9649.2,2024-05-01,Mai,0,0.14285714285714285,0.0,0.0,217.0,16.8,7211.93,18395.300000000003
Do,10320.8,687.9,2024-05-02,Mai,0,0.14285714285714285,0.0,0.2,146.0,13.7,7211.93,11008.699999999999
Fr,9698.2,-98.4,2024-05-03,Mai,1,0.14285714285714285,0.0,2.9,0.0,10.4,7211.93,9599.800000000001
Sa,13803.0,4218.9,2024-05-04,Mai,1,0.14285714285714285,0.75,0.9,559.0,12.5,7211.93,18021.9
So,9959.8,3563.8,2024-05-05,Mai,0,0.14285714285714285,0.0,0.5,231.0,14.9,7211.93,13523.599999999999
Mo,5164.2,0.0,2024-05-06,Mai,0,0.14285714285714285,0.0,10.7,0.0,12.8,7211.93,5164.2
Di,8820.5,0.0,2024-05-07,Mai,0,0.14285714285714285,0.0,20.1,0.0,10.6,7211.93,8820.5
Mi,9129.7,130.0,2024-05-08,Mai,0,0.14285714285714285,0.0,7.3,58.0,11.5,7211.93,9259.7
Do,20066.4,2182.2,2024-05-09,Mai,0,0.14285714285714285,1.0,0.0,39.0,13.0,7211.93,22248.600000000002
Fr,5007.2,15294.7,2024-05-10,Mai,1,0.14285714285714285,1.0,0.0,820.0,15.2,7211.93,20301.9
Sa,3237.6,22200.4,2024-05-11,Mai,1,0.14285714285714285,0.0,0.0,813.0,16.8,7211.93,25438.0
So,20072.1,16098.1,2024-05-12,Mai,0,0.14285714285714285,1.0,0.3,401.0,17.1,7211.93,28342.100000000002
Mo,5271.6,2961.7,2024-05-13,Mai,0,0.0,0.0,0.0,163.0,16.3,7211.93,8233.3
Di,3742.7,7416.8,2024-05-14,Mai,0,0.0,0.0,0.0,728.0,17.8,7211.93,11159.5
Mi,5933.1,1439.7,2024-05-15,Mai,0,0.0,0.0,0.0,75.0,15.5,7211.93,7372.8
Do,5262.9,250.1,2024-05-16,Mai,0,0.0,0.0,9.4,130.0,12.9,7211.93,5513.0
Fr,12979.6,311.7,2024-05-17,Mai,1,0.0,0.0,0.0,294.0,13.8,7211.93,13291.300000000001
Sa,10534.2,4257.2,2024-05-18,Mai,1,0.0,0.0,3.9,168.0,14.1,7211.93,14791.400000000001
So,8700.1,11824.9,2024-05-19,Mai,0,0.0,1.0,2.8,312.0,13.9,7211.93,20525.0
Mo,1307.8,20917.3,2024-05-20,Mai,0,0.0,1.0,5.3,561.0,17.0,7211.93,22225.1
Di,6969.2,-844.6,2024-05-21,Mai,0,0.0,0.0,9.6,86.0,13.9,7211.93,6124.599999999999
Mi,4267.1,202.4,2024-05-22,Mai,0,0.0,0.0,11.7,95.0,14.2,7211.93,4469.5
Do,6785.3,0.0,2024-05-23,Mai,0,0.0,0.0,16.7,46.0,11.5,7211.93,6785.3
Fr,10266.5,1039.0,2024-05-24,Mai,1,0.0,0.0,3.5,238.0,12.6,7211.93,11305.5
Sa,6007.9,7047.0,2024-05-25,Mai,1,0.0,0.75,0.0,282.0,13.9,7211.93,13054.9
So,6198.5,14989.6,2024-05-26,Mai,0,0.0,0.75,3.9,494.0,16.3,7211.93,21188.1
Mo,7839.5,639.2,2024-05-27,Mai,0,0.0,0.0,36.9,87.0,15.2,7211.93,8478.7
Di,3881.5,3865.0,2024-05-28,Mai,0,0.0,0.0,0.0,361.0,13.8,7211.93,7746.5
Mi.,11764.7,771.5,2024-05-29,Mai,0,0.0,0.0,5.9,123.0,14.4,7211.93,12536.2
Do.,9872.5,0.0,2024-05-30,Mai,0,0.0,0.5,33.9,40.0,14.2,7211.93,9872.5
Fr.,10476.0,0.0,2024-05-31,Mai,0,0.0,0.0,39.5,0.0,10.0,7211.93,10476.0
Sa,14425.4,911.1,2024-06-01,Juni,1,0.0,0.0,2.3,0.0,12.1,6877.36,15336.5
So,12356.9,181.3,2024-06-02,Juni,0,0.0,0.0,28.8,2.0,14.0,6877.36,12538.199999999999
Mo,6298.5,18.0,2024-06-03,Juni,0,0.0,0.0,12.4,25.0,14.6,6877.36,6316.5
Di,2014.0,8327.8,2024-06-04,Juni,0,0.0,0.0,0.0,379.0,17.5,6877.36,10341.8
Mi,1451.1,13172.5,2024-06-05,Juni,0,0.0,0.0,0.0,540.0,18.9,6877.36,14623.6
Do,6077.0,4636.2,2024-06-06,Juni,0,0.0,0.0,0.0,398.0,19.7,6877.36,10713.2
Fr,4646.9,8370.2,2024-06-07,Juni,1,0.0,0.0,18.6,292.0,19.6,6877.36,13017.1
Sa,9776.8,4982.0,2024-06-08,Juni,1,0.0,0.0,18.7,375.0,19.4,6877.36,14758.8
So,10196.55,2335.4,2024-06-09,Juni,0,0.0,0.0,20.4,3.0,17.8,6877.36,12531.949999999999
Mo,7736.3,1065.9,2024-06-10,Juni,0,0.0,0.0,5.1,186.0,16.4,6877.36,8802.2
Di,6579.8,0.0,2024-06-11,Juni,0,0.0,0.0,3.1,0.0,11.2,6877.36,6579.8
Mi,10081.95,4242.2,2024-06-12,Juni,0,0.0,0.0,0.1,533.0,13.9,6877.36,14324.150000000001
Do,4907.4,7958.7,2024-06-13,Juni,0,0.0,0.0,0.0,621.0,15.5,6877.36,12866.099999999999
Fr,11280.5,2543.0,2024-06-14,Juni,1,0.0,0.0,13.0,174.0,16.1,6877.36,13823.5
Sa,15285.0,669.0,2024-06-15,Juni,1,0.0,0.0,0.4,14.0,15.8,6877.36,15954.0
So,2107.1,17520.5,2024-06-16,Juni,0,0.0,0.0,0.0,461.0,17.9,6877.36,19627.6
Mo,186.9,7562.5,2024-06-17,Juni,0,0.0,0.0,0.0,345.0,19.0,6877.36,7749.4
Di,1066.7,15004.0,2024-06-18,Juni,0,0.0,0.0,0.0,776.0,22.1,6877.36,16070.7
Mi,4904.3,7924.8,2024-06-19,Juni,0,0.0,0.0,0.2,721.0,23.1,6877.36,12829.1
Do,8289.1,3012.2,2024-06-20,Juni,0,0.0,0.0,1.5,69.0,21.3,6877.36,11301.3
Fr,12444.3,194.0,2024-06-21,Juni,1,0.0,0.0,17.2,6.0,17.4,6877.36,12638.3
Sa,15575.0,78.4,2024-06-22,Juni,1,0.0,0.0,20.2,107.0,14.7,6877.36,15653.4
So,9737.48,1078.4,2024-06-23,Juni,0,0.0,0.0,0.0,0.0,15.6,6877.36,10815.88
Mo,1298.0,10443.95,2024-06-24,Juni,0,0.0,0.0,0.0,434.0,19.5,6877.36,11741.95
Di,9432.6,9202.4,2024-06-25,Juni,0,0.0,0.0,4.9,626.0,19.7,6877.36,18635.0
Mi,10122.9,2336.9,2024-06-26,Juni,0,0.0,0.0,0.2,206.0,18.7,6877.36,12459.8
Do,2345.1,17304.3,2024-06-27,Juni,0,0.0,0.0,3.3,444.0,21.1,6877.36,19649.399999999998
Fr.,2122.8,16551.1,2024-06-28,Juni,0,0.0,0.0,0.0,526.0,23.3,6877.36,18673.899999999998
Sa.,10036.1,5955.9,2024-06-29,Juni,0,0.028571428571428574,0.0,0.7,285.0,23.1,6877.36,15992.0
So.,13478.2,1203.2,2024-06-30,Juni,0,0.028571428571428574,0.0,11.8,51.0,19.9,6877.36,14681.400000000001
Mo,9383.1,2211.0,2024-07-01,Juli,0,0.028571428571428574,0.0,3.1,136.0,17.1,7076.14,11594.1
Di,11235.7,1772.7,2024-07-02,Juli,0,0.028571428571428574,0.0,3.1,53.0,15.8,7076.14,13008.400000000001
Mi,12751.8,743.9,2024-07-03,Juli,0,0.028571428571428574,0.0,6.1,47.0,14.8,7076.14,13495.699999999999
Do,14048.0,4916.6,2024-07-04,Juli,0,0.028571428571428574,0.0,0.0,366.0,18.8,7076.14,18964.6
Fr,2250.1,19674.4,2024-07-05,Juli,1,0.028571428571428574,0.0,0.0,649.0,21.0,7076.14,21924.5
Sa,9116.9,4192.5,2024-07-06,Juli,1,0.8571428571428571,0.0,25.9,328.0,18.8,7076.14,13309.4
So,19953.8,1239.0,2024-07-07,Juli,0,0.8571428571428571,0.0,1.0,16.0,15.8,7076.14,21192.8
Mo,1598.1,16253.2,2024-07-08,Juli,0,0.8571428571428571,0.0,0.0,746.0,20.3,7076.14,17851.3
Di,3361.7,19674.0,2024-07-09,Juli,0,0.8571428571428571,0.0,11.6,835.0,23.6,7076.14,23035.7
Mi,3210.9,12324.75,2024-07-10,Juli,0,0.8571428571428571,0.0,5.8,233.0,21.3,7076.14,15535.65
Do,6962.6,10957.2,2024-07-11,Juli,0,0.8571428571428571,0.0,4.3,326.0,22.0,7076.14,17919.800000000003
Fr,14071.1,2648.8,2024-07-12,Juli,1,0.8571428571428571,0.0,25.7,102.0,19.8,7076.14,16719.9
Sa,10395.6,8890.8,2024-07-13,Juli,1,0.8571428571428571,0.0,0.6,7.0,16.4,7076.14,19286.4
So,833.1,20252.6,2024-07-14,Juli,0,0.8571428571428571,0.0,0.0,582.0,19.0,7076.14,21085.699999999997
Mo,7696.8,8752.15,2024-07-15,Juli,0,0.8571428571428571,0.0,28.8,403.0,21.7,7076.14,16448.95
Di,2680.5,14288.4,2024-07-16,Juli,0,0.8571428571428571,0.0,4.5,144.0,20.0,7076.14,16968.9
Mi,2359.7,20462.7,2024-07-17,Juli,0,0.8571428571428571,0.0,0.0,310.0,20.1,7076.14,22822.4
Do,3005.7,20987.4,2024-07-18,Juli,0,0.8571428571428571,0.0,0.0,744.0,21.5,7076.14,23993.100000000002
Fr,3990.3,20866.0,2024-07-19,Juli,1,0.8571428571428571,0.0,0.0,683.0,23.7,7076.14,24856.3
Sa,3134.5,19492.3,2024-07-20,Juli,1,1.0,0.0,2.6,772.0,24.0,7076.14,22626.8
So,5109.2,13723.2,2024-07-21,Juli,0,1.0,0.0,6.4,208.0,21.1,7076.14,18832.4
Mo,4026.7,8653.5,2024-07-22,Juli,0,1.0,0.0,2.2,49.0,20.1,7076.14,12680.2
Di,2030.7,17505.1,2024-07-23,Juli,0,1.0,0.0,2.7,426.0,22.1,7076.14,19535.8
Mi,1531.2,18435.1,2024-07-24,Juli,0,1.0,0.0,1.4,93.0,20.2,7076.14,19966.3
Do,3191.1,19331.24,2024-07-25,Juli,0,1.0,0.0,0.0,768.0,20.9,7076.14,22522.34
Fr,3633.0,19618.6,2024-07-26,Juli,1,1.0,0.0,0.0,758.0,22.5,7076.14,23251.6
Sa,3102.6,18794.0,2024-07-27,Juli,1,1.0,0.0,0.2,538.0,24.5,7076.14,21896.6
So,8696.5,12101.3,2024-07-28,Juli,0,1.0,0.0,0.1,0.0,21.3,7076.14,20797.8
Mo,1402.0,17117.7,2024-07-29,Juli,0,1.0,0.0,0.0,726.0,22.8,7076.14,18519.7
Di.,1565.3,17677.0,2024-07-30,Juli,0,1.0,0.0,0.0,794.0,24.4,7076.14,19242.3
Mi.,9503.8,9597.8,2024-07-31,Juli,0,1.0,0.0,6.4,457.0,23.2,7076.14,19101.6
Do,4276.5,18084.8,2024-08-01,August,0,1.0,1.0,11.1,309.0,20.3,6840.05,22361.3
Fr,5385.7,9064.0,2024-08-02,August,1,1.0,0.0,4.3,422.0,21.7,6840.05,14449.7
Sa,2333.0,19821.2,2024-08-03,August,1,1.0,0.0,0.0,381.0,21.4,6840.05,22154.2
So,928.5,22467.9,2024-08-04,August,0,1.0,0.0,0.0,370.0,21.9,6840.05,23396.4
Mo,2334.3,15260.3,2024-08-05,August,0,1.0,0.0,0.0,616.0,22.2,6840.05,17594.6
Di,1932.9,16923.1,2024-08-06,August,0,1.0,0.0,0.0,795.0,23.1,6840.05,18856.0
Mi,4101.2,10825.3,2024-08-07,August,0,1.0,0.0,18.7,277.0,20.6,6840.05,14926.5
Do,2281.2,17322.8,2024-08-08,August,0,1.0,0.0,14.7,199.0,20.8,6840.05,19604.0
Fr,2437.1,21152.5,2024-08-09,August,1,1.0,0.0,0.0,789.0,22.0,6840.05,23589.6
Sa,4009.5,24650.22,2024-08-10,August,1,1.0,0.0,0.0,801.0,23.5,6840.05,28342.100000000002
So,1851.3,20880.4,2024-08-11,August,0,1.0,0.0,0.0,758.0,24.5,6840.05,22731.7
Mo,9165.9,5655.3,2024-08-12,August,0,0.6285714285714287,0.0,25.1,578.0,24.4,6840.05,14821.2
Di,3920.8,14900.6,2024-08-13,August,0,0.6285714285714287,0.0,10.1,712.0,23.4,6840.05,18821.4
Mi,5997.1,11974.3,2024-08-14,August,0,0.6285714285714287,0.0,9.1,538.0,22.0,6840.05,17971.4
Do,433.3,20973.7,2024-08-15,August,0,0.6285714285714287,0.0,0.0,771.0,22.5,6840.05,21407.0
Fr,730.4,18509.6,2024-08-16,August,1,0.6285714285714287,0.0,4.5,513.0,23.7,6840.05,19240.0
Sa,8588.0,3329.4,2024-08-17,August,1,0.6285714285714287,0.0,7.3,0.0,20.6,6840.05,11917.4
So,14591.4,673.8,2024-08-18,August,0,0.6285714285714287,0.0,10.2,0.0,17.8,6840.05,15265.199999999999
Mo,2810.0,7154.7,2024-08-19,August,0,0.05714285714285715,0.0,0.0,216.0,18.2,6840.05,9964.7
Di,138.0,14049.8,2024-08-20,August,0,0.05714285714285715,0.0,0.0,254.0,20.0,6840.05,14187.8
Mi,1967.0,7134.3,2024-08-21,August,0,0.05714285714285715,0.0,0.0,56.0,18.3,6840.05,9101.3
Do,761.3,15146.7,2024-08-22,August,0,0.05714285714285715,0.0,0.0,742.0,18.8,6840.05,15908.0
Fr,3795.5,18010.7,2024-08-23,August,1,0.05714285714285715,0.0,0.0,766.0,21.0,6840.05,21806.2
Sa,3095.0,20723.8,2024-08-24,August,1,0.05714285714285715,0.0,12.7,752.0,22.8,6840.05,23818.8
So,17048.2,717.7,2024-08-25,August,0,0.05714285714285715,0.0,1.5,0.0,16.8,6840.05,17765.9
Mo,7330.82,1679.6,2024-08-26,August,0,0.0,0.0,0.1,0.0,17.0,6840.05,9010.42
Di,2047.7,12695.0,2024-08-27,August,0,0.0,0.0,0.0,320.0,18.0,6840.05,14742.7
Mi,1025.3,16435.6,2024-08-28,August,0,0.0,0.5,0.0,742.0,21.0,6840.05,17460.899999999998
Do.,1107.2,14435.4,2024-08-29,August,0,0.0,0.0,0.0,739.0,23.0,6840.05,15542.6
Fr.,3129.9,19754.4,2024-08-30,August,0,0.0,0.0,0.0,639.0,22.9,6840.05,22884.300000000003
Sa.,5054.6,19793.8,2024-08-31,August,0,0.0,0.0,0.0,619.0,23.2,6840.05,24848.4
So,7550.8,11727.3,2024-09-01,September,0,0.0,0.0,21.4,487.0,22.1,6763.88,19278.1
Mo,375.7,12882.0,2024-09-02,September,0,0.0,0.0,0.0,427.0,20.4,6763.88,13257.7
Di,937.6,9261.3,2024-09-03,September,0,0.0,0.0,0.1,127.0,21.5,6763.88,10198.9
Mi,384.9,9925.45,2024-09-04,September,0,0.0,0.0,0.2,293.0,20.8,6763.88,10310.35
Do,5100.87,1978.8,2024-09-05,September,0,0.0,0.0,7.1,1.0,18.5,6763.88,7079.67
Fr,3621.8,13344.8,2024-09-06,September,1,0.0,0.0,0.0,342.0,17.7,6763.88,16966.6
Sa,3709.5,20271.4,2024-09-07,September,1,0.0,0.0,0.0,716.0,19.9,6763.88,23980.9
So,15033.0,938.5,2024-09-08,September,0,0.0,0.0,21.2,0.0,17.5,6763.88,15971.5
Mo,7740.6,0.0,2024-09-09,September,0,0.0,0.0,5.7,35.0,15.4,6763.88,7740.6
Di,9548.6,516.2,2024-09-10,September,0,0.0,0.0,0.0,123.0,15.6,6763.88,10064.800000000001
Mi,8274.1,-985.0,2024-09-11,September,0,0.0,0.0,21.7,75.0,12.9,6763.88,7289.1
Do,7879.0,-713.3,2024-09-12,September,0,0.0,0.0,4.6,169.0,9.4,6763.88,7165.7
Fr,15503.4,10.9,2024-09-13,September,1,0.0,0.0,17.3,69.0,8.1,6763.88,15514.3
Sa,12347.0,0.0,2024-09-14,September,1,0.0,0.0,0.7,60.0,9.2,6763.88,12347.0
So,12810.6,2170.6,2024-09-15,September,0,0.0,0.0,0.0,355.0,9.5,6763.88,14981.2
Mo,6280.3,0.0,2024-09-16,September,0,0.0,0.0,0.5,9.0,9.5,6763.88,6280.3
Di,8554.3,140.0,2024-09-17,September,0,0.0,0.0,0.2,5.0,11.9,6763.88,8694.3
Mi,6398.5,762.0,2024-09-18,September,0,0.0,0.0,0.0,202.0,12.1,6763.88,7160.5
Do,7913.9,707.1,2024-09-19,September,0,0.0,0.0,0.0,124.0,12.2,6763.88,8621.0
Fr,5942.9,5613.0,2024-09-20,September,1,0.0,0.0,0.0,608.0,14.7,6763.88,11555.9
Sa,10984.7,10029.2,2024-09-21,September,1,0.05714285714285715,0.0,0.0,637.0,15.6,6763.88,21013.9
So,8877.6,8300.3,2024-09-22,September,0,0.05714285714285715,0.0,3.2,382.0,15.2,6763.88,17177.9
Mo,6269.6,126.1,2024-09-23,September,0,0.05714285714285715,0.0,8.2,23.0,14.5,6763.88,6395.700000000001
Di,10663.6,579.7,2024-09-24,September,0,0.05714285714285715,0.0,0.0,259.0,13.7,6763.88,11243.300000000001
Mi,5078.8,2056.0,2024-09-25,September,0,0.05714285714285715,0.0,5.8,405.0,14.6,6763.88,7134.8
Do,8066.7,0.0,2024-09-26,September,0,0.05714285714285715,0.0,12.9,0.0,14.3,6763.88,8066.7
Fr,11592.0,17.0,2024-09-27,September,1,0.05714285714285715,0.0,0.9,201.0,13.6,6763.88,11609.0
Sa,12788.4,0.0,2024-09-28,September,1,0.7428571428571429,0.0,11.6,0.0,9.8,6763.88,12788.4
So.,10226.6,238.5,2024-09-29,September,0,0.7428571428571429,0.0,0.3,300.0,9.8,6763.88,10465.1
Mo,7249.0,711.9,2024-09-30,September,0,0.7428571428571429,0.0,0.1,308.0,13.7,6763.88,7960.9
Di,7579.1,0.0,2024-10-01,Oktober,0,0.7428571428571429,0.0,23.9,0.0,12.9,6589.36,7579.1
Mi,7401.9,15.3,2024-10-02,Oktober,0,0.7428571428571429,0.0,0.0,36.0,12.3,6589.36,7417.2
Do,8008.9,0.0,2024-10-03,Oktober,0,0.7428571428571429,0.0,1.7,0.0,10.2,6589.36,8008.9
Fr,13702.0,0.0,2024-10-04,Oktober,1,0.7428571428571429,0.0,5.2,0.0,9.0,6589.36,13702.0
Sa,16558.4,0.0,2024-10-05,Oktober,1,1.0,0.0,0.0,57.0,9.6,6589.36,16558.4
So,14575.0,514.8,2024-10-06,Oktober,0,1.0,0.0,0.7,84.0,8.8,6589.36,15089.8
Mo,6048.1,1737.8,2024-10-07,Oktober,0,1.0,0.0,0.1,288.0,14.1,6589.36,7785.900000000001
Di,8475.8,0.0,2024-10-08,Oktober,0,1.0,0.0,9.9,0.0,13.5,6589.36,8475.8
Mi,10914.5,1418.7,2024-10-09,Oktober,0,1.0,0.0,3.5,430.0,13.2,6589.36,12333.2
Do,12029.7,15.0,2024-10-10,Oktober,0,1.0,0.0,2.1,191.0,14.0,6589.36,12044.7
Fr,12329.7,563.7,2024-10-11,Oktober,1,1.0,0.0,0.4,152.0,10.3,6589.36,12893.400000000001
Sa,17698.2,159.8,2024-10-12,Oktober,1,1.0,0.0,18.4,53.0,9.3,6589.36,17858.0
So,16764.5,141.8,2024-10-13,Oktober,0,1.0,0.0,2.2,202.0,13.1,6589.36,16906.3
Mo,6732.7,293.6,2024-10-14,Oktober,0,0.2571428571428572,0.0,1.1,92.0,11.9,6589.36,7026.3
Di,7058.4,0.0,2024-10-15,Oktober,0,0.2571428571428572,0.0,1.3,82.0,12.6,6589.36,7058.4
Mi,3877.6,113.9,2024-10-16,Oktober,0,0.2571428571428572,0.0,0.0,150.0,13.3,6589.36,3991.5
Do,4452.4,220.0,2024-10-17,Oktober,0,0.2571428571428572,0.0,0.0,58.0,13.6,6589.36,4672.4
Fr,12204.5,0.0,2024-10-18,Oktober,1,0.2571428571428572,0.0,0.0,0.0,12.6,6589.36,12204.5
Sa,12971.4,38.0,2024-10-19,Oktober,1,0.2571428571428572,0.0,0.0,0.0,10.8,6589.36,13009.4
So,12676.2,1846.3,2024-10-20,Oktober,0,0.2571428571428572,0.0,0.0,248.0,12.3,6589.36,14522.5
Mo,4724.4,2247.3,2024-10-21,Oktober,0,0.028571428571428574,0.0,3.7,409.0,12.0,6589.36,6971.7
Di,5794.5,347.0,2024-10-22,Oktober,0,0.028571428571428574,0.0,12.1,60.0,14.5,6589.36,6141.5
Mi,6332.8,0.0,2024-10-23,Oktober,0,0.028571428571428574,0.0,1.2,0.0,12.2,6589.36,6332.8
Do,4057.6,58.3,2024-10-24,Oktober,0,0.028571428571428574,0.0,0.0,152.0,12.2,6589.36,4115.9
Fr,9961.9,5.3,2024-10-25,Oktober,1,0.028571428571428574,0.0,0.0,0.0,10.4,6589.36,9967.199999999999
Sa,14253.7,102.0,2024-10-26,Oktober,1,0.028571428571428574,0.0,0.0,0.0,10.4,6589.36,14355.7
So,8541.0,3172.8,2024-10-27,Oktober,0,0.028571428571428574,0.0,0.0,328.0,11.8,6589.36,11713.8
Mo,5580.5,1566.1,2024-10-28,Oktober,0,0.0,0.0,0.0,388.0,11.1,6589.36,7146.6
Di.,5707.6,426.4,2024-10-29,Oktober,0,0.0,0.0,0.1,258.0,10.4,6589.36,6134.0
Mi.,2958.9,-75.0,2024-10-30,Oktober,0,0.0,0.0,0.0,0.0,9.6,6589.36,2883.9
Do.,8170.0,0.0,2024-10-31,Oktober,0,0.0,0.0,0.0,0.0,9.7,6589.36,8170.0
Fr,10031.5,955.1,2024-11-01,November,1,0.0,0.0,0.0,227.0,8.2,6225.59,10986.6
Sa,15423.8,0.0,2024-11-02,November,1,0.0,0.0,0.3,0.0,7.5,6225.59,15423.8
So,9494.2,0.0,2024-11-03,November,0,0.0,0.0,0.0,0.0,8.3,6225.59,9494.2
Mo,3354.0,0.0,2024-11-04,November,0,0.0,0.0,0.0,0.0,7.9,6225.59,3354.0
Di,5396.5,305.8,2024-11-05,November,0,0.0,0.0,0.0,175.0,7.3,6225.59,5702.3
Mi,4926.5,46.8,2024-11-06,November,0,0.0,0.0,0.1,187.0,7.4,6225.59,4973.3
Do,5935.7,0.0,2024-11-07,November,0,0.0,0.0,0.0,0.0,9.2,6225.59,5935.7
Fr,8984.3,196.9,2024-11-08,November,1,0.0,0.0,0.0,208.0,8.2,6225.59,9181.199999999999
Sa,14831.5,0.0,2024-11-09,November,1,0.0,0.0,0.0,0.0,7.7,6225.59,14831.5
So,12205.6,0.0,2024-11-10,November,0,0.0,0.0,0.0,0.0,7.4,6225.59,12205.6
Mo,4727.0,134.6,2024-11-11,November,0,0.0,0.0,8.3,150.0,7.2,6225.59,4861.6
Di,5425.9,0.0,2024-11-12,November,0,0.0,0.0,0.0,0.0,5.9,6225.59,5425.9
Mi,6240.4,0.0,2024-11-13,November,0,0.0,0.0,0.3,0.0,4.2,6225.59,6240.4
Do,7882.4,0.0,2024-11-14,November,0,0.0,0.0,0.0,92.0,3.7,6225.59,7882.4
Fr,11911.95,0.0,2024-11-15,November,1,0.0,0.0,0.0,59.0,2.4,6225.59,11911.95
Sa,17537.7,168.9,2024-11-16,November,1,0.0,0.0,0.0,308.0,2.3,6225.59,17706.600000000002
So,10511.0,0.0,2024-11-17,November,0,0.0,0.0,0.0,272.0,5.3,6225.59,10511.0
Mo,4899.9,0.0,2024-11-18,November,0,0.0,0.0,0.0,175.0,8.1,6225.59,4899.9
Di,5645.2,0.0,2024-11-19,November,0,0.0,0.0,14.7,38.0,9.5,6225.59,5645.2
Mi,6501.2,0.0,2024-11-20,November,0,0.0,0.0,5.4,95.0,3.8,6225.59,6501.2
Do,4782.8,0.0,2024-11-21,November,0,0.0,0.0,37.1,16.0,0.7,6225.59,4782.8
Fr,12069.9,0.0,2024-11-22,November,1,0.0,0.0,0.0,12.0,0.6,6225.59,12069.9
Sa,9774.3,0.0,2024-11-23,November,1,0.0,0.0,0.0,174.0,-0.1,6225.59,9774.3
So,7950.9,0.0,2024-11-24,November,0,0.0,0.0,0.0,162.0,2.0,6225.59,7950.9
Mo,6494.8,0.0,2024-11-25,November,0,0.0,0.0,4.7,386.0,3.4,6225.59,6494.8
Di,5739.1,0.0,2024-11-26,November,0,0.0,0.0,0.0,201.0,5.3,6225.59,5739.1
Mi,4978.5,0.0,2024-11-27,November,0,0.0,0.0,1.1,396.0,4.8,6225.59,4978.5
Do.,6155.5,0.0,2024-11-28,November,0,0.0,0.0,18.6,0.0,5.2,6225.59,6155.5
Fr.,14438.1,0.0,2024-11-29,November,0,0.0,0.0,0.0,0.0,2.2,6225.59,14438.1
Sa.,10543.8,0.0,2024-11-30,November,0,0.0,0.0,0.0,0.0,2.2,6225.59,10543.8
So,9802.5,0.0,2024-12-01,Dezember,0,0.0,0.0,0.0,148.0,0.2,6455.11,9802.5
Mo,5518.7,0.0,2024-12-02,Dezember,0,0.0,0.0,9.3,13.0,5.4,6455.11,5518.7
Di,5851.9,0.0,2024-12-03,Dezember,0,0.0,0.0,3.2,0.0,5.2,6455.11,5851.9
Mi,6787.2,0.0,2024-12-04,Dezember,0,0.0,0.0,0.3,0.0,3.9,6455.11,6787.2
Do,5540.5,0.0,2024-12-05,Dezember,0,0.0,0.0,6.3,253.0,2.6,6455.11,5540.5
Fr,8414.0,0.0,2024-12-06,Dezember,1,0.0,0.0,1.3,198.0,6.6,6455.11,8414.0
Sa,10713.25,0.0,2024-12-07,Dezember,1,0.0,0.0,5.7,4.0,4.2,6455.11,10713.25
So,9763.2,0.0,2024-12-08,Dezember,0,0.0,0.0,3.9,0.0,3.0,6455.11,9763.2
Mo,4532.5,0.0,2024-12-09,Dezember,0,0.0,0.0,0.3,0.0,3.3,6455.11,4532.5
Di,5669.2,0.0,2024-12-10,Dezember,0,0.0,0.0,0.0,0.0,2.7,6455.11,5669.2
Mi,6465.2,0.0,2024-12-11,Dezember,0,0.0,0.0,0.0,0.0,2.6,6455.11,6465.2
Do,8850.1,0.0,2024-12-12,Dezember,0,0.0,0.0,0.0,0.0,2.1,6455.11,8850.1
Fr,14784.4,18.0,2024-12-13,Dezember,1,0.0,0.0,0.0,0.0,0.8,6455.11,14802.4
Sa,10433.6,0.0,2024-12-14,Dezember,1,0.0,0.0,4.8,0.0,2.0,6455.11,10433.6
So,10683.6,0.0,2024-12-15,Dezember,0,0.0,0.0,0.0,64.0,3.5,6455.11,10683.6
Mo,6784.6,0.0,2024-12-16,Dezember,0,0.0,0.0,0.0,379.0,2.9,6455.11,6784.6
Di,8529.4,39.9,2024-12-17,Dezember,0,0.0,0.0,0.0,360.0,3.0,6455.11,8569.3
Mi,5996.0,0.0,2024-12-18,Dezember,0,0.0,0.0,0.0,9.0,4.2,6455.11,5996.0
Do,7630.1,0.0,2024-12-19,Dezember,0,0.0,0.0,13.3,0.0,4.8,6455.11,7630.1
Fr,6513.8,0.0,2024-12-20,Dezember,1,0.0,0.0,0.3,0.0,1.2,6455.11,6513.8
Sa,11141.1,0.0,2024-12-21,Dezember,1,1.0,0.0,5.0,198.0,1.5,6455.11,11141.1
So,11412.1,0.0,2024-12-22,Dezember,0,1.0,0.0,22.9,0.0,3.5,6455.11,11412.1
Mo,10496.9,0.0,2024-12-23,Dezember,0,1.0,0.0,5.9,0.0,1.7,6455.11,10496.9
Di,8.6,0.0,2024-12-24,Dezember,0,1.0,1.0,0.0,96.0,1.7,6455.11,8.6
Mi,16538.5,0.0,2024-12-25,Dezember,0,1.0,1.0,0.0,0.0,-1.0,6455.11,16538.5
Do,16494.8,0.0,2024-12-26,Dezember,0,1.0,1.0,0.0,0.0,-0.6,6455.11,16494.8
Fr,7977.8,0.0,2024-12-27,Dezember,1,1.0,0.0,0.0,0.0,-1.1,6455.11,7977.8
Sa,8812.4,0.0,2024-12-28,Dezember,1,1.0,0.0,0.0,0.0,-1.4,6455.11,8812.4
So,8640.8,0.0,2024-12-29,Dezember,0,1.0,0.0,0.0,160.0,-1.3,6455.11,8640.8
Mo,8225.5,0.0,2024-12-30,Dezember,0,1.0,0.0,0.0,0.0,-1.8,6455.11,8225.5
Di,45857.5,174.7,2024-12-31,Dezember,0,1.0,1.0,0.0,175.0,-1.9,6455.11,28342.100000000002
Mi,8678.4,366.0,2025-01-01,Januar,0,1.0,1.0,0.0,268.0,-1.2,6852.12,9044.4
Do,7072.0,0.0,2025-01-02,Januar,0,1.0,0.0,20.8,18.0,2.0,6852.12,7072.0
Fr,5737.6,0.0,2025-01-03,Januar,1,1.0,0.0,0.0,3.0,0.5,6852.12,5737.6
Sa,12210.0,0.0,2025-01-04,Januar,1,1.0,0.0,8.1,54.0,-1.0,6852.12,12210.0
So,5389.9,0.0,2025-01-05,Januar,0,1.0,0.0,0.1,93.0,2.9,6852.12,5389.9
Mo,5189.4,0.0,2025-01-06,Januar,0,0.0,0.0,5.5,45.0,5.7,6852.12,5189.4
Di,3482.0,0.0,2025-01-07,Januar,0,0.0,0.0,1.2,160.0,4.4,6852.12,3482.0
Mi,3186.7,0.0,2025-01-08,Januar,0,0.0,0.0,3.5,8.0,5.2,6852.12,3186.7
Do,5361.6,0.0,2025-01-09,Januar,0,0.0,0.0,6.3,101.0,6.9,6852.12,5361.6
Fr,7683.8,0.0,2025-01-10,Januar,1,0.0,0.0,2.4,0.0,1.4,6852.12,7683.8
Sa,10294.0,48.3,2025-01-11,Januar,1,0.0,0.0,0.0,75.0,0.4,6852.12,10342.3
So,10291.8,195.1,2025-01-12,Januar,0,0.0,0.0,0.0,224.0,-1.2,6852.12,10486.9
Mo,3503.1,0.0,2025-01-13,Januar,0,0.0,0.0,0.0,72.0,-2.0,6852.12,3503.1
Di,4733.0,0.0,2025-01-14,Januar,0,0.0,0.0,0.0,0.0,-2.4,6852.12,4733.0
Mi,4421.1,0.0,2025-01-15,Januar,0,0.0,0.0,0.0,104.0,0.4,6852.12,4421.1
Do,5663.0,0.0,2025-01-16,Januar,0,0.0,0.0,0.0,3.0,2.1,6852.12,5663.0
Fr,8229.0,0.0,2025-01-17,Januar,1,0.0,0.0,0.0,0.0,1.3,6852.12,8229.0
Sa,10307.7,0.0,2025-01-18,Januar,1,0.0,0.0,0.0,0.0,0.0,6852.12,10307.7
So,7956.3,0.0,2025-01-19,Januar,0,0.0,0.0,0.0,0.0,-0.8,6852.12,7956.3
Mo,6007.4,0.0,2025-01-20,Januar,0,0.0,0.0,0.0,218.0,-0.6,6852.12,6007.4
Di,5744.95,0.0,2025-01-21,Januar,0,0.0,0.0,0.0,0.0,0.0,6852.12,5744.95
Mi,6388.2,0.0,2025-01-22,Januar,0,0.0,0.0,0.0,4.0,0.5,6852.12,6388.2
Do,4353.6,0.0,2025-01-23,Januar,0,0.0,0.0,5.2,116.0,3.8,6852.12,4353.6
Fr,9150.9,5.2,2025-01-24,Januar,1,0.0,0.0,0.0,183.0,4.5,6852.12,9156.1
Sa,10929.9,892.1,2025-01-25,Januar,1,0.0,0.0,0.6,313.0,7.0,6852.12,11822.0
So,12478.0,1599.2,2025-01-26,Januar,0,0.0,0.0,0.5,371.0,7.1,6852.12,14077.2
Mo,4108.8,0.0,2025-01-27,Januar,0,0.0,0.0,41.6,103.0,6.7,6852.12,4108.8
Di.,6216.3,0.0,2025-01-28,Januar,0,0.0,0.0,1.9,33.0,5.3,6852.12,6216.3
Mi.,5782.9,22.7,2025-01-29,Januar,0,0.0,0.0,0.0,397.0,6.0,6852.12,5805.599999999999
Do.,4639.65,0.0,2025-01-30,Januar,0,0.0,0.0,1.0,46.0,4.7,6852.12,4639.65
Fr.,9208.3,0.0,2025-01-31,Januar,0,0.0,0.0,5.2,0.0,4.2,6852.12,9208.3
Sa,15286.3,0.0,2025-02-01,Februar,1,0.14285714285714285,0.0,0.0,0.0,2.2,6590.24,15286.3
So,8277.1,0.0,2025-02-02,Februar,0,0.14285714285714285,0.0,0.0,0.0,2.2,6590.24,8277.1
Mo,3634.3,0.0,2025-02-03,Februar,0,0.14285714285714285,0.0,0.0,0.0,2.1,6590.24,3634.3
Di,4572.2,0.0,2025-02-04,Februar,0,0.14285714285714285,0.0,0.0,223.0,0.8,6590.24,4572.2
Mi,4537.0,0.0,2025-02-05,Februar,0,0.14285714285714285,0.0,0.0,0.0,-0.5,6590.24,4537.0
Do,5320.9,0.0,2025-02-06,Februar,0,0.14285714285714285,0.0,0.0,0.0,0.7,6590.24,5320.9
Fr,8669.1,0.0,2025-02-07,Februar,1,0.14285714285714285,0.0,0.0,201.0,1.7,6590.24,8669.1
Sa,11973.0,843.0,2025-02-08,Februar,1,0.14285714285714285,0.0,0.0,186.0,1.4,6590.24,12816.0
So,10669.1,1862.4,2025-02-09,Februar,0,0.14285714285714285,0.0,0.0,330.0,3.4,6590.24,12531.5
Mo,3735.5,0.0,2025-02-10,Februar,0,0.14285714285714285,0.0,0.3,14.0,3.6,6590.24,3735.5
Di,5461.5,0.0,2025-02-11,Februar,0,0.14285714285714285,0.0,0.7,0.0,6.2,6590.24,5461.5
Mi,8047.0,0.0,2025-02-12,Februar,0,0.14285714285714285,0.0,1.5,31.0,7.3,6590.24,8047.0
Do,6676.6,0.0,2025-02-13,Februar,0,0.14285714285714285,0.0,23.1,0.0,5.2,6590.24,6676.6
Fr,15846.7,0.0,2025-02-14,Februar,1,0.14285714285714285,1.0,1.8,0.0,-0.3,6590.24,15846.7
Sa,14133.9,0.0,2025-02-15,Februar,1,0.14285714285714285,0.0,0.0,112.0,-1.2,6590.24,14133.9
So,13805.1,0.0,2025-02-16,Februar,0,0.14285714285714285,0.0,0.0,2.0,0.3,6590.24,13805.1
Mo,5751.2,0.0,2025-02-17,Februar,0,0.0,0.0,0.0,0.0,1.2,6590.24,5751.2
Di,8241.1,0.0,2025-02-18,Februar,0,0.0,0.0,0.0,0.0,1.3,6590.24,8241.1
Mi,4999.9,0.0,2025-02-19,Februar,0,0.0,0.0,0.0,258.0,2.0,6590.24,4999.9
Do,4987.4,0.0,2025-02-20,Februar,0,0.0,0.0,0.0,55.0,4.2,6590.24,4987.4
Fr,10549.2,225.5,2025-02-21,Februar,1,0.0,0.0,0.0,447.0,5.7,6590.24,10774.7
Sa,12771.9,255.6,2025-02-22,Februar,1,0.5428571428571428,0.0,0.0,177.0,7.5,6590.24,13027.5
So,11932.2,0.0,2025-02-23,Februar,0,0.5428571428571428,0.0,0.4,0.0,7.9,6590.24,11932.2
Mo,7168.7,0.0,2025-02-24,Februar,0,0.5428571428571428,0.0,0.0,15.0,7.3,6590.24,7168.7
Di.,10861.3,0.0,2025-02-25,Februar,0,0.5428571428571428,0.0,0.1,42.0,7.9,6590.24,10861.3
Mi.,10205.4,0.0,2025-02-26,Februar,0,0.5428571428571428,0.0,0.1,0.0,5.5,6590.24,10205.4
Do.,4512.8,0.0,2025-02-27,Februar,0,0.5714285714285714,0.0,2.3,0.0,2.6,6590.24,4512.8
Fr.,9524.3,0.0,2025-02-28,Februar,0,0.5714285714285714,0.0,0.0,57.0,3.9,6590.24,9524.3
Sa,15765.3,0.0,2025-03-01,März,1,0.5714285714285714,0.0,0.0,0.0,3.9,7288.88,15765.3
So,12145.4,299.1,2025-03-02,März,0,0.5714285714285714,0.0,0.0,7.0,2.5,7288.88,12444.5
Mo,7034.5,1013.4,2025-03-03,März,0,0.42857142857142855,0.0,0.0,560.0,3.3,7288.88,8047.9
Di,9266.3,1557.3,2025-03-04,März,0,0.42857142857142855,0.0,0.0,608.0,4.8,7288.88,10823.599999999999
Mi,10047.9,2459.8,2025-03-05,März,0,0.42857142857142855,0.0,0.0,614.0,5.8,7288.88,12507.7
Do,8079.1,2717.2,2025-03-06,März,0,0.42857142857142855,0.0,0.0,592.0,7.2,7288.88,10796.3
Fr,14695.0,4385.8,2025-03-07,März,1,0.42857142857142855,0.0,0.0,621.0,7.5,7288.88,19080.8
Sa,15635.8,10155.8,2025-03-08,März,1,0.42857142857142855,0.0,0.0,628.0,7.9,7288.88,25791.6
So,15005.6,6343.7,2025-03-09,März,0,0.42857142857142855,0.0,0.0,540.0,10.1,7288.88,21349.3
Mo,5933.7,71.7,2025-03-10,März,0,0.0,0.0,0.3,134.0,9.9,7288.88,6005.4
Di,4132.7,299.1,2025-03-11,März,0,0.0,0.0,0.0,367.0,9.1,7288.88,4431.8
Mi,5647.5,0.0,2025-03-12,März,0,0.0,0.0,13.5,0.0,7.2,7288.88,5647.5
Do,7114.3,0.0,2025-03-13,März,0,0.0,0.0,2.3,3.0,6.1,7288.88,7114.3
Fr,9456.3,0.0,2025-03-14,März,1,0.0,0.0,0.0,0.0,4.1,7288.88,9456.3
Sa,9893.4,0.0,2025-03-15,März,1,0.0,0.0,2.2,0.0,4.7,7288.88,9893.4
So,13303.8,0.0,2025-03-16,März,0,0.0,0.0,2.8,0.0,4.0,7288.88,13303.8
Mo,5292.1,28.6,2025-03-17,März,0,0.0,0.0,0.0,1.0,4.8,7288.88,5320.700000000001
Di,4930.9,771.8,2025-03-18,März,0,0.0,0.0,0.0,526.0,4.1,7288.88,5702.7
Mi,6317.5,2736.4,2025-03-19,März,0,0.0,0.0,0.0,670.0,6.8,7288.88,9053.9
Do,7879.1,1694.5,2025-03-20,März,0,0.0,0.0,0.0,508.0,9.0,7288.88,9573.6
Fr,9714.5,559.1,2025-03-21,März,1,0.0,0.0,0.0,160.0,10.7,7288.88,10273.6
Sa,14912.3,5260.6,2025-03-22,März,1,0.0,0.0,0.0,570.0,14.0,7288.88,20172.9
So,13138.0,1462.7,2025-03-23,März,0,0.0,0.0,2.8,67.0,11.0,7288.88,14600.7
Mo,4868.1,244.2,2025-03-24,März,0,0.0,0.0,1.0,146.0,10.1,7288.88,5112.3
Di,7446.3,0.0,2025-03-25,März,0,0.0,0.0,7.3,80.0,8.4,7288.88,7446.3
Mi,6297.2,0.0,2025-03-26,März,0,0.0,0.0,3.5,0.0,8.7,7288.88,6297.2
Do,6439.3,5.2,2025-03-27,März,0,0.0,0.0,0.0,2.0,8.5,7288.88,6444.5
Fr,10134.0,0.0,2025-03-28,März,1,0.0,0.0,2.4,1.0,8.4,7288.88,10134.0
Sa,15940.8,0.0,2025-03-29,März,1,0.0,0.0,13.5,0.0,7.7,7288.88,15940.8
So,19089.7,2750.3,2025-03-30,März,0,0.0,0.0,0.0,395.0,10.2,7288.88,21840.0
Mo,6774.6,87.3,2025-03-31,März,0,0.0,0.0,0.0,209.0,8.9,7288.88,6861.900000000001
Di,7760.9,131.6,2025-04-01,April,0,0.0,0.0,0.0,543.0,7.2,7048.37,7892.5
Mi,8985.7,1567.9,2025-04-02,April,0,0.0,0.0,0.0,653.0,9.4,7048.37,10553.6
Do,5506.0,3353.6,2025-04-03,April,0,0.0,0.0,0.0,700.0,11.5,7048.37,8859.6
Fr,8572.0,8225.9,2025-04-04,April,1,0.0,0.0,0.0,722.0,12.4,7048.37,16797.9
Sa,12146.5,10292.7,2025-04-05,April,1,0.2857142857142857,0.0,0.0,724.0,13.3,7048.37,22439.2
So,17831.0,4154.0,2025-04-06,April,0,0.2857142857142857,0.0,0.0,695.0,9.3,7048.37,21985.0
Mo,6745.5,2198.6,2025-04-07,April,0,0.2857142857142857,0.0,0.0,728.0,7.4,7048.37,8944.1
Di,10587.5,1428.8,2025-04-08,April,0,0.2857142857142857,0.0,0.0,729.0,8.8,7048.37,12016.3
Mi,8274.5,3172.6,2025-04-09,April,0,0.2857142857142857,0.0,0.0,698.0,10.2,7048.37,11447.1
Do,6796.1,4546.9,2025-04-10,April,0,0.2857142857142857,0.0,0.0,708.0,10.8,7048.37,11343.0
Fr,9626.0,9143.5,2025-04-11,April,1,0.2857142857142857,0.0,0.0,737.0,12.4,7048.37,18769.5
Sa,11882.9,9312.3,2025-04-12,April,1,0.42857142857142855,0.0,0.0,526.0,13.3,7048.37,21195.199999999997
So,14012.2,1335.1,2025-04-13,April,0,0.42857142857142855,0.1,2.1,70.0,14.0,7048.37,15347.300000000001
Mo,7694.6,1470.4,2025-04-14,April,0,0.42857142857142855,0.0,0.1,313.0,14.9,7048.37,9165.0
Di,7273.15,892.0,2025-04-15,April,0,0.42857142857142855,0.0,0.0,212.0,14.2,7048.37,8165.15
Mi,10737.1,0.0,2025-04-16,April,0,0.42857142857142855,0.0,23.0,76.0,10.6,7048.37,10737.1
Do,10022.1,0.0,2025-04-17,April,0,0.42857142857142855,0.0,3.7,0.0,7.8,7048.37,10022.1
Fr,23608.3,0.0,2025-04-18,April,1,0.8571428571428571,1.0,0.0,21.0,7.8,7048.37,23608.3
Sa,16831.9,7114.1,2025-04-19,April,1,0.8571428571428571,0.0,0.0,710.0,11.3,7048.37,23946.0
So,27465.2,412.1,2025-04-20,April,0,0.8571428571428571,1.0,4.6,283.0,9.7,7048.37,27877.3
Mo,18547.6,938.6,2025-04-21,April,0,0.8571428571428571,1.0,5.8,213.0,10.1,7048.37,19486.199999999997
Di,7632.9,3849.1,2025-04-22,April,0,0.5714285714285714,0.0,0.0,453.0,13.0,7048.37,11482.0
Mi,4021.0,2238.9,2025-04-23,April,0,0.5714285714285714,0.0,18.6,437.0,11.5,7048.37,6259.9
Do,6528.3,0.0,2025-04-24,April,0,0.5714285714285714,0.0,5.6,68.0,10.2,7048.37,6528.3
Fr,10929.6,50.0,2025-04-25,April,1,0.5714285714285714,0.0,9.7,137.0,9.7,7048.37,10979.6
Sa,14417.4,2039.3,2025-04-26,April,1,0.7142857142857143,0.75,0.0,211.0,12.0,7048.37,16456.7
So,8553.7,2734.0,2025-04-27,April,0,0.7142857142857143,0.75,0.1,286.0,13.3,7048.37,11287.7
Mo,3230.0,8118.7,2025-04-28,April,0,0.5714285714285714,0.0,0.0,628.0,15.2,7048.37,11348.7
Di.,2567.2,12202.5,2025-04-29,April,0,0.5714285714285714,0.0,0.0,661.0,16.4,7048.37,14769.7
Mi.,491.6,11055.1,2025-04-30,April,0,0.5714285714285714,0.0,0.0,804.0,16.8,7048.37,11546.7
Do,2997.4,20779.8,2025-05-01,Mai,0,0.5714285714285714,0.0,0.0,763.0,17.9,7211.93,23777.2
Fr,2298.6,19572.2,2025-05-02,Mai,1,0.5714285714285714,0.0,0.1,751.0,19.5,7211.93,21870.8
Sa,14611.6,2781.8,2025-05-03,Mai,1,0.5714285714285714,0.0,1.0,102.0,16.5,7211.93,17393.4
So,16509.5,338.8,2025-05-04,Mai,0,0.5714285714285714,0.0,37.7,66.0,13.7,7211.93,16848.3
Mo,11092.7,0.0,2025-05-05,Mai,0,0.14285714285714285,0.0,9.7,0.0,8.1,7211.93,11092.7
Di,8891.3,0.0,2025-05-06,Mai,0,0.14285714285714285,0.0,0.1,0.0,8.3,7211.93,8891.3
Mi,7167.3,0.0,2025-05-07,Mai,0,0.14285714285714285,0.0,0.4,0.0,9.2,7211.93,7167.3
Do,8058.5,20.4,2025-05-08,Mai,0,0.14285714285714285,0.0,0.0,73.0,10.8,7211.93,8078.9
Fr,14726.3,104.2,2025-05-09,Mai,1,0.14285714285714285,0.0,0.7,16.0,10.2,7211.93,14830.5
Sa,10834.9,10889.4,2025-05-10,Mai,1,0.14285714285714285,0.75,0.0,654.0,12.4,7211.93,21724.3
So,15532.1,24644.0,2025-05-11,Mai,0,0.14285714285714285,1.0,0.0,800.0,15.8,7211.93,28342.100000000002
Mo,8908.5,1192.8,2025-05-12,Mai,0,0.0,0.0,18.4,107.0,13.9,7211.93,10101.3
Di,6282.5,1667.7,2025-05-13,Mai,0,0.0,0.0,0.0,344.0,13.6,7211.93,7950.2
Mi,1787.0,13809.7,2025-05-14,Mai,0,0.0,0.0,0.0,823.0,15.1,7211.93,15596.7
Do,4953.2,7809.3,2025-05-15,Mai,0,0.0,0.0,0.0,537.0,15.6,7211.93,12762.5
Fr,10111.3,4688.4,2025-05-16,Mai,1,0.0,0.0,0.0,817.0,13.5,7211.93,14799.699999999999
Sa,8599.1,9206.7,2025-05-17,Mai,1,0.0,0.0,0.0,581.0,14.5,7211.93,17805.800000000003
So,9432.6,13165.4,2025-05-18,Mai,0,0.0,0.0,0.0,613.0,15.0,7211.93,22598.0
Mo,2766.8,7623.5,2025-05-19,Mai,0,0.0,0.0,0.4,621.0,16.6,7211.93,10390.3
Di,11783.2,923.8,2025-05-20,Mai,0,0.0,0.0,27.1,214.0,15.5,7211.93,12707.0
Mi,10648.4,85.4,2025-05-21,Mai,0,0.0,0.0,25.3,22.0,13.4,7211.93,10733.8
Do,5039.5,0.0,2025-05-22,Mai,0,0.0,0.0,14.5,0.0,10.4,7211.93,5039.5
Fr,13552.2,267.3,2025-05-23,Mai,1,0.0,0.0,1.6,115.0,11.0,7211.93,13819.5
Sa,12453.3,4113.5,2025-05-24,Mai,1,0.0,0.0,1.3,527.0,13.0,7211.93,16566.8
So,11087.9,622.9,2025-05-25,Mai,0,0.0,0.0,1.0,79.0,14.5,7211.93,11710.8
Mo,8769.0,0.0,2025-05-26,Mai,0,0.0,0.0,1.6,42.0,13.8,7211.93,8769.0
Di,7681.8,1607.1,2025-05-27,Mai,0,0.0,0.0,0.0,130.0,13.8,7211.93,9288.9
Mi.,8955.7,0.0,2025-05-28,Mai,0,0.0,0.0,33.2,32.0,14.4,7211.93,8955.7
Do.,13179.8,9481.3,2025-05-29,Mai,0,0.0,1.0,0.0,353.0,16.0,7211.93,22661.1
Fr.,1747.0,20775.8,2025-05-30,Mai,0,0.0,1.0,0.0,875.0,18.9,7211.93,22522.8
Sa.,5994.0,21156.8,2025-05-31,Mai,0,0.0,0.0,5.0,861.0,21.7,7211.93,27150.8
So,6929.4,13516.8,2025-06-01,Juni,0,0.0,0.0,1.0,453.0,21.3,6877.36,20446.199999999997
Mo,5109.7,847.7,2025-06-02,Juni,0,0.0,0.0,11.7,52.0,18.1,6877.36,5957.4
Di,6609.3,4748.4,2025-06-03,Juni,0,0.0,0.0,3.2,469.0,18.7,6877.36,11357.7
Mi,8903.3,1687.5,2025-06-04,Juni,0,0.0,0.0,3.0,93.0,17.5,6877.36,10590.8
Do,7888.6,220.7,2025-06-05,Juni,0,0.0,0.0,1.1,94.0,17.4,6877.36,8109.3
Fr,15366.5,1853.1,2025-06-06,Juni,1,0.0,0.0,18.9,330.0,19.4,6877.36,17219.6
Sa,15367.6,228.8,2025-06-07,Juni,1,0.0,0.0,12.6,67.0,16.5,6877.36,15596.4
So,23519.3,1172.7,2025-06-08,Juni,0,0.0,1.0,0.0,454.0,17.4,6877.36,24692.0
Mo,2239.2,20808.5,2025-06-09,Juni,0,0.0,1.0,0.0,792.0,17.1,6877.36,23047.7
Di,2028.5,10280.4,2025-06-10,Juni,0,0.0,0.0,0.0,636.0,18.9,6877.36,12308.9
Mi,830.2,15932.6,2025-06-11,Juni,0,0.0,0.0,0.0,742.0,20.4,6877.36,16762.8
Do,563.0,15842.35,2025-06-12,Juni,0,0.0,0.0,0.0,801.0,22.1,6877.36,16405.35
Fr,2624.2,19542.6,2025-06-13,Juni,1,0.0,0.0,0.1,716.0,24.2,6877.36,22166.8
Sa,4915.8,23701.9,2025-06-14,Juni,1,0.0,0.75,0.0,741.0,24.7,6877.36,28342.100000000002
So,4595.6,13540.5,2025-06-15,Juni,0,0.0,0.75,19.3,411.0,20.9,6877.36,18136.1
Mo,1485.6,7548.5,2025-06-16,Juni,0,0.0,0.0,0.0,330.0,19.0,6877.36,9034.1
Di,1169.1,14673.4,2025-06-17,Juni,0,0.0,0.0,0.0,838.0,20.2,6877.36,15842.5
Mi,1689.1,16501.1,2025-06-18,Juni,0,0.0,0.0,0.0,843.0,21.3,6877.36,18190.199999999997
Do,712.8,16200.1,2025-06-19,Juni,0,0.0,0.5,0.0,876.0,23.1,6877.36,16912.9
Fr,1744.3,15254.3,2025-06-20,Juni,1,0.0,0.0,0.0,870.0,23.3,6877.36,16998.6
Sa,3184.1,17792.7,2025-06-21,Juni,1,0.0,0.0,0.0,755.0,22.6,6877.36,20976.8
So,1357.4,22417.5,2025-06-22,Juni,0,0.0,0.0,0.0,878.0,23.9,6877.36,23774.9
Mo,5787.5,5890.5,2025-06-23,Juni,0,0.0,0.0,0.0,487.0,24.8,6877.36,11678.0
Di,1623.3,15600.4,2025-06-24,Juni,0,0.0,0.0,0.0,884.0,23.5,6877.36,17223.7
Mi,1631.3,16741.2,2025-06-25,Juni,0,0.0,0.0,0.5,871.0,24.9,6877.36,18372.5
Do,5192.5,7228.9,2025-06-26,Juni,0,0.0,0.0,33.6,192.0,20.7,6877.36,12421.4
Fr.,1865.8,18176.0,2025-06-27,Juni,0,0.0,0.0,0.0,514.0,22.6,6877.36,20041.8
Sa.,1775.2,20458.0,2025-06-28,Juni,0,0.028571428571428574,0.0,0.0,879.0,24.3,6877.36,22233.2
So.,1843.6,22042.1,2025-06-29,Juni,0,0.028571428571428574,0.0,0.0,890.0,25.5,6877.36,23885.699999999997
So.,3149.8,13601.0,2025-06-30,Juni,0,0.028571428571428574,0.0,0.0,356.0,24.5,6877.36,16750.8
Di,770.4,16725.7,2025-07-01,Juli,0,0.028571428571428574,0.0,0.5,590.0,25.3,7076.14,17496.100000000002
Mi,2722.8,15396.65,2025-07-02,Juli,0,0.028571428571428574,0.0,2.1,710.0,25.2,7076.14,18119.45
Do,1660.8,15906.5,2025-07-03,Juli,0,0.028571428571428574,0.0,18.9,351.0,24.3,7076.14,17567.3
Fr,3262.7,20002.8,2025-07-04,Juli,1,0.028571428571428574,0.0,0.2,300.0,22.0,7076.14,23265.5
Sa,2643.7,20168.4,2025-07-05,Juli,1,0.8571428571428571,0.0,0.0,534.0,22.6,7076.14,22812.100000000002
So,11649.4,8194.7,2025-07-06,Juli,0,0.8571428571428571,0.0,1.4,289.0,20.0,7076.14,19844.1
Mo,11174.4,329.0,2025-07-07,Juli,0,0.8571428571428571,0.0,19.1,44.0,15.9,7076.14,11503.4
Di,13442.6,233.9,2025-07-08,Juli,0,0.8571428571428571,0.0,6.4,129.0,13.7,7076.14,13676.5
Mi,4839.8,17539.2,2025-07-09,Juli,0,0.8571428571428571,0.0,0.0,747.0,16.4,7076.14,22379.0
Do,1514.1,19937.1,2025-07-10,Juli,0,0.8571428571428571,0.0,0.0,874.0,17.8,7076.14,21451.199999999997
Fr,2748.6,19946.2,2025-07-11,Juli,1,0.8571428571428571,0.0,0.0,818.0,20.0,7076.14,22694.8
Sa,2249.1,23859.25,2025-07-12,Juli,1,0.8571428571428571,0.0,0.0,832.0,20.7,7076.14,26108.35
So,65.3,23668.8,2025-07-13,Juli,0,0.8571428571428571,0.0,9.5,482.0,21.8,7076.14,23734.1
Mo,2377.4,10946.3,2025-07-14,Juli,0,0.8571428571428571,0.0,4.9,429.0,20.8,7076.14,13323.699999999999
Di,1343.8,12846.35,2025-07-15,Juli,0,0.8571428571428571,0.0,2.9,87.0,19.9,7076.14,14190.15
Mi,14852.2,2560.7,2025-07-16,Juli,0,0.8571428571428571,0.0,13.0,31.0,18.9,7076.14,17412.9
Do,2542.6,15594.2,2025-07-17,Juli,0,0.8571428571428571,0.0,0.5,406.0,18.5,7076.14,18136.8
Fr,2765.6,21995.3,2025-07-18,Juli,1,0.8571428571428571,0.0,0.0,831.0,20.6,7076.14,24760.899999999998
Sa,10422.5,11827.7,2025-07-19,Juli,1,1.0,0.0,0.8,409.0,20.8,7076.14,22250.2
So,7907.1,15395.7,2025-07-20,Juli,0,1.0,0.0,52.9,389.0,20.5,7076.14,23302.800000000003
Mo,8408.1,3150.4,2025-07-21,Juli,0,1.0,0.0,6.2,253.0,18.4,7076.14,11558.5
Di,9088.4,9935.6,2025-07-22,Juli,0,1.0,0.0,0.0,314.0,19.4,7076.14,19024.0
Mi,1309.1,18597.5,2025-07-23,Juli,0,1.0,0.0,5.3,375.0,19.2,7076.14,19906.6
Do,11031.8,98.2,2025-07-24,Juli,0,1.0,0.0,11.8,1.0,16.6,7076.14,11130.0
Fr,8839.8,5497.1,2025-07-25,Juli,1,1.0,0.0,1.2,134.0,17.0,7076.14,14336.9
Sa,12300.19,1505.3,2025-07-26,Juli,1,1.0,0.0,21.9,17.0,16.7,7076.14,13805.49
So,14066.4,1555.1,2025-07-27,Juli,0,1.0,0.0,21.7,98.0,16.5,7076.14,15621.5
Mo,11987.0,0.0,2025-07-28,Juli,0,1.0,0.0,26.3,0.0,13.9,7076.14,11987.0
Di.,7481.6,7418.9,2025-07-29,Juli,0,1.0,0.0,0.2,377.0,15.7,7076.14,14900.5
Mi.,11523.3,3740.0,2025-07-30,Juli,0,1.0,0.0,6.6,130.0,16.5,7076.14,15263.3
Do.,2448.6,13056.9,2025-07-31,Juli,0,1.0,0.0,1.6,300.0,18.0,7076.14,15505.5
Fr,16792.9,4573.4,2025-08-01,August,1,1.0,1.0,24.3,312.0,19.4,6840.05,21366.300000000003
Sa,14403.5,128.7,2025-08-02,August,1,1.0,0.0,8.0,81.0,15.0,6840.05,14532.2
So,10387.9,3798.2,2025-08-03,August,0,1.0,0.0,0.0,262.0,16.6,6840.05,14186.099999999999
Mo,2764.7,12383.4,2025-08-04,August,0,1.0,0.0,0.0,422.0,18.0,6840.05,15148.099999999999
Di,1406.5,12667.6,2025-08-05,August,0,1.0,0.0,0.2,219.0,20.1,6840.05,14074.1
Mi,3164.8,17372.9,2025-08-06,August,0,1.0,0.0,0.0,317.0,18.9,6840.05,20537.7
Do,3536.6,18578.5,2025-08-07,August,0,1.0,0.0,0.0,755.0,20.7,6840.05,22115.1
Fr,2253.9,19598.9,2025-08-08,August,1,1.0,0.0,0.0,809.0,23.1,6840.05,21852.800000000003
Sa,3462.6,20395.1,2025-08-09,August,1,1.0,0.0,0.0,804.0,24.5,6840.05,23857.699999999997
So,2829.5,22864.1,2025-08-10,August,0,1.0,0.0,0.0,783.0,24.3,6840.05,25693.6
Mo,378.8,16104.3,2025-08-11,August,0,0.6285714285714287,0.0,0.0,782.0,23.1,6840.05,16483.1
Di,1865.2,18965.4,2025-08-12,August,0,0.6285714285714287,0.0,0.0,763.0,24.9,6840.05,20830.600000000002
Mi,1595.9,16658.0,2025-08-13,August,0,0.6285714285714287,0.0,0.0,745.0,25.1,6840.05,18253.9
Do,3918.7,17529.9,2025-08-14,August,0,0.6285714285714287,0.0,0.0,754.0,25.5,6840.05,21448.600000000002
Fr,3955.0,19378.4,2025-08-15,August,1,0.6285714285714287,0.5,0.0,643.0,25.1,6840.05,23333.4
Sa,4290.7,15500.6,2025-08-16,August,1,0.6285714285714287,0.0,1.9,656.0,23.3,6840.05,19791.3
So,1199.8,21730.0,2025-08-17,August,0,0.6285714285714287,0.0,0.0,316.0,20.9,6840.05,22929.8
Mo,462.2,10490.0,2025-08-18,August,0,0.0,0.0,0.0,556.0,20.8,6840.05,10952.2
Di,2692.4,13642.0,2025-08-19,August,0,0.0,0.0,8.2,628.0,22.0,6840.05,16334.4
Mi,6608.3,2722.4,2025-08-20,August,0,0.0,0.0,21.0,6.0,18.8,6840.05,9330.7
Do,11148.7,9.4,2025-08-21,August,0,0.0,0.0,37.6,0.0,16.3,6840.05,11158.1
Fr,12391.1,6259.3,2025-08-22,August,1,0.0,0.0,0.1,176.0,18.0,6840.05,18650.4
Sa,12479.1,7178.6,2025-08-23,August,1,0.0,0.0,0.0,98.0,16.9,6840.05,19657.7
So,923.2,18879.1,2025-08-24,August,0,0.0,0.75,0.0,606.0,17.1,6840.05,19802.3
Mo,291.8,11558.2,2025-08-25,August,0,0.0,0.0,0.0,716.0,17.9,6840.05,11850.0
Di,283.9,17377.5,2025-08-26,August,0,0.0,0.0,1.8,641.0,20.3,6840.05,17661.4
Mi,5007.9,10369.9,2025-08-27,August,0,0.0,0.0,6.1,345.0,19.9,6840.05,15377.8
Do.,8245.4,49.5,2025-08-28,August,0,0.0,0.0,18.7,4.0,17.3,6840.05,8294.9
Fr.,12453.6,3855.4,2025-08-29,August,0,0.0,0.0,1.7,295.0,16.1,6840.05,16309.0
Sa.,13372.6,1870.2,2025-08-30,August,0,0.0,0.0,0.0,167.0,16.1,6840.05,15242.800000000001
So.,2717.6,20925.1,2025-08-31,August,0,0.0,0.0,0.0,738.0,17.6,6840.05,23642.699999999997
Mo,8458.2,151.9,2025-09-01,September,0,0.0,0.0,5.8,94.0,17.0,6763.88,8610.1
Di,9633.2,1145.1,2025-09-02,September,0,0.0,0.0,0.9,166.0,14.6,6763.88,10778.300000000001
Mi,2756.0,8815.8,2025-09-03,September,0,0.0,0.0,0.0,531.0,17.3,6763.88,11571.8
Do,6228.0,1284.7,2025-09-04,September,0,0.0,0.0,29.3,236.0,17.3,6763.88,7512.7
Fr,14377.4,1171.7,2025-09-05,September,1,0.0,0.0,11.2,278.0,14.1,6763.88,15549.1
Sa,8039.6,15203.6,2025-09-06,September,1,0.0,0.0,0.0,605.0,14.0,6763.88,23243.2
So,1917.525,21954.7,2025-09-07,September,0,0.0,0.0,0.0,722.0,16.2,6763.88,23872.225000000002
Mo,7398.1,573.3,2025-09-08,September,0,0.0,0.0,6.9,19.0,17.4,6763.88,7971.400000000001
Di,9616.1,837.4,2025-09-09,September,0,0.0,0.0,3.5,87.0,17.2,6763.88,10453.5
Mi,8406.1,570.0,2025-09-10,September,0,0.0,0.0,1.3,110.0,15.9,6763.88,8976.1
Do,10213.2,530.2,2025-09-11,September,0,0.0,0.0,0.0,79.0,15.8,6763.88,10743.400000000001
Fr,13351.1,258.6,2025-09-12,September,1,0.0,0.0,0.5,10.0,13.7,6763.88,13609.7
Sa,14199.4,1365.0,2025-09-13,September,1,0.0,0.0,6.6,458.0,15.2,6763.88,15564.4
So,13279.1,3005.7,2025-09-14,September,0,0.0,0.0,0.0,314.0,16.7,6763.88,16284.8
Mo,5301.5,4150.1,2025-09-15,September,0,0.0,0.0,5.5,685.0,19.6,6763.88,9451.6
Di,5808.1,396.1,2025-09-16,September,0,0.0,0.0,0.0,135.0,16.1,6763.88,6204.200000000001
Mi,5276.1,2335.9,2025-09-17,September,0,0.0,0.0,0.0,467.0,15.3,6763.88,7612.0
Do,4022.2,11648.8,2025-09-18,September,0,0.0,0.0,0.0,683.0,17.1,6763.88,15671.0
Fr,4524.4,16995.3,2025-09-19,September,1,0.0,0.0,0.0,684.0,17.8,6763.88,21519.699999999997
Sa,4534.2,20059.3,2025-09-20,September,1,0.05714285714285715,0.0,0.0,651.0,19.4,6763.88,24593.5
So,9279.3,10339.2,2025-09-21,September,0,0.05714285714285715,0.0,22.4,228.0,18.4,6763.88,19618.5
Mo,7481.0,10.6,2025-09-22,September,0,0.05714285714285715,0.0,12.4,0.0,13.4,6763.88,7491.6
Di,7277.5,0.0,2025-09-23,September,0,0.05714285714285715,0.0,9.5,9.0,11.1,6763.88,7277.5
Mi,10004.2,0.0,2025-09-24,September,0,0.05714285714285715,0.0,10.7,0.0,11.3,6763.88,10004.2
Do,7014.09,9.4,2025-09-25,September,0,0.05714285714285715,0.0,0.9,0.0,11.0,6763.88,7023.49
Fr,12759.5,78.9,2025-09-26,September,1,0.05714285714285715,0.0,13.0,22.0,10.9,6763.88,12838.4
Sa,13048.4,68.3,2025-09-27,September,1,0.7428571428571429,0.0,6.1,210.0,9.9,6763.88,13116.699999999999
So.,10664.0,1015.2,2025-09-28,September,0,0.7428571428571429,0.0,0.0,420.0,11.2,6763.88,11679.2
Mo,5992.4,649.6,2025-09-29,September,0,0.7428571428571429,0.0,0.0,198.0,12.9,6763.88,6642.0
Di.,7339.9,107.3,2025-09-30,September,0,0.7428571428571429,0.0,0.0,102.0,12.3,6763.88,7447.2
Mi,7068.5,252.7,2025-10-01,Oktober,0,0.7428571428571429,0.0,0.0,79.0,10.8,6589.36,7321.2
Do,8741.6,371.3,2025-10-02,Oktober,0,0.7428571428571429,0.0,0.0,181.0,7.1,6589.36,9112.9
Fr,10687.1,0.0,2025-10-03,Oktober,1,0.7428571428571429,0.0,0.0,108.0,8.4,6589.36,10687.1
Sa,15752.9,1040.9,2025-10-04,Oktober,1,0.9142857142857144,0.0,10.0,196.0,12.4,6589.36,16793.8
So,12585.5,0.0,2025-10-05,Oktober,0,1.0,0.0,2.2,121.0,10.1,6589.36,12585.5
Mo,4742.2,0.0,2025-10-06,Oktober,0,1.0,0.0,0.0,170.0,10.6,6589.36,4742.2
Di,6453.3,2336.0,2025-10-07,Oktober,0,1.0,0.0,0.0,518.0,12.1,6589.36,8789.3
Mi,5794.35,293.1,2025-10-08,Oktober,0,1.0,0.0,0.0,149.0,10.7,6589.36,6087.450000000001
Do,7270.3,0.0,2025-10-09,Oktober,0,1.0,0.0,0.0,2.0,12.7,6589.36,7270.3
Fr,10413.1,140.4,2025-10-10,Oktober,1,1.0,0.0,0.0,75.0,13.0,6589.36,10553.5
Sa,15014.6,0.0,2025-10-11,Oktober,1,1.0,0.0,0.0,0.0,11.6,6589.36,15014.6
So,13141.4,9.5,2025-10-12,Oktober,0,1.0,0.0,0.0,0.0,11.5,6589.36,13150.9
Mo,8249.3,0.0,2025-10-13,Oktober,0,0.2571428571428572,0.0,0.0,0.0,10.9,6589.36,8249.3
Di,10259.3,0.0,2025-10-14,Oktober,0,0.2571428571428572,0.0,0.0,0.0,10.3,6589.36,10259.3
Mi,6291.5,0.0,2025-10-15,Oktober,0,0.2571428571428572,0.0,0.0,0.0,9.5,6589.36,6291.5
Do,6873.1,6.0,2025-10-16,Oktober,0,0.2571428571428572,0.0,0.0,0.0,10.4,6589.36,6879.1
Fr,11741.0,0.0,2025-10-17,Oktober,1,0.2571428571428572,0.0,0.1,0.0,9.2,6589.36,11741.0
Sa,18994.1,372.4,2025-10-18,Oktober,1,0.2571428571428572,0.0,0.0,264.0,8.8,6589.36,19366.5
So,14254.8,960.3,2025-10-19,Oktober,0,0.2571428571428572,0.0,0.0,224.0,8.8,6589.36,15215.099999999999
Mo,6899.3,5.8,2025-10-20,Oktober,0,0.028571428571428574,0.0,0.9,0.0,10.4,6589.36,6905.1
Di,6279.2,0.0,2025-10-21,Oktober,0,0.028571428571428574,0.0,0.3,209.0,12.3,6589.36,6279.2
Mi,8600.3,59.3,2025-10-22,Oktober,0,0.028571428571428574,0.0,3.2,70.0,13.0,6589.36,8659.599999999999
Do,4245.9,0.0,2025-10-23,Oktober,0,0.028571428571428574,0.0,15.7,73.0,11.8,6589.36,4245.9
Fr,11271.8,0.0,2025-10-24,Oktober,1,0.028571428571428574,0.0,2.8,289.0,8.7,6589.36,11271.8
Sa,13841.8,0.0,2025-10-25,Oktober,1,0.028571428571428574,0.0,11.1,0.0,8.5,6589.36,13841.8
So,12114.3,0.0,2025-10-26,Oktober,0,0.028571428571428574,0.0,1.2,179.0,7.8,6589.36,12114.3
Mo,3649.8,0.0,2025-10-27,Oktober,0,0.0,0.0,6.7,0.0,8.7,6589.36,3649.8
Di.,5732.3,0.0,2025-10-28,Oktober,0,0.0,0.0,0.0,437.0,9.6,6589.36,5732.3
Mi.,10386.8,113.8,2025-10-29,Oktober,0,0.0,0.0,3.3,410.0,8.9,6589.36,10500.599999999999
Do.,6818.7,0.0,2025-10-30,Oktober,0,0.0,0.0,0.8,0.0,10.5,6589.36,6818.7
Fr.,12772.2,251.8,2025-10-31,Oktober,0,0.0,0.0,0.0,381.0,10.1,6589.36,13024.0
Sa,14640.5,0.0,2025-11-01,November,1,0.0,0.0,11.0,104.0,10.6,6225.59,14640.5
So,10665.2,0.0,2025-11-02,November,0,0.0,0.0,10.1,0.0,9.9,6225.59,10665.2
Mo,9231.8,281.6,2025-11-03,November,0,0.0,0.0,0.0,348.0,6.9,6225.59,9513.4
Di,8534.02,383.1,2025-11-04,November,0,0.0,0.0,0.0,502.0,6.1,6225.59,8917.12
Mi,8201.2,463.9,2025-11-05,November,0,0.0,0.0,0.0,499.0,6.1,6225.59,8665.1
Do,7172.5,230.8,2025-11-06,November,0,0.0,0.0,0.0,267.0,5.3,6225.59,7403.3
Fr,13396.9,36.0,2025-11-07,November,1,0.0,0.0,0.0,169.0,5.1,6225.59,13432.9
Sa,14867.6,0.0,2025-11-08,November,1,0.0,0.0,0.0,210.0,5.1,6225.59,14867.6
So,10922.0,68.4,2025-11-09,November,0,0.0,0.0,0.8,8.0,7.5,6225.59,10990.4
Mo,3624.65,0.0,2025-11-10,November,0,0.0,0.0,0.0,123.0,6.8,6225.59,3624.65
Di,5725.4,428.9,2025-11-11,November,0,0.0,0.0,0.0,437.0,7.1,6225.59,6154.299999999999
Mi,6279.9,362.6,2025-11-12,November,0,0.0,0.0,0.0,419.0,6.2,6225.59,6642.5
Do,6735.1,307.4,2025-11-13,November,0,0.0,0.0,0.0,426.0,8.1,6225.59,7042.5
Fr,12458.5,80.0,2025-11-14,November,1,0.0,0.0,0.0,113.0,9.2,6225.59,12538.5
Sa,15362.0,1909.4,2025-11-15,November,1,0.0,0.0,0.0,396.0,12.0,6225.59,17271.4
So,11721.3,0.0,2025-11-16,November,0,0.0,0.0,0.4,0.0,8.8,6225.59,11721.3
