"CubeId";"gdpap"
"PublishingDate";"2025-11-21 09:00"

"Date";"D0";"D1";"Value"
"1980-Q1";"WMF";"PHPOE";"29487.04115486"
"1980-Q1";"WMF";"S";"4786.57714573"
"1980-Q1";"WMF";"T0";"34273.61830059"
"1980-Q1";"WMF";"B";"6101.32195735"
"1980-Q1";"WMF";"A";"9335.30174324"
"1980-Q1";"WMF";"T1";"15436.62370059"
"1980-Q1";"WMF";"T2";"17531.76501136"
"1980-Q1";"WMF";"WG0";"12446.21353581"
"1980-Q1";"WMF";"D0";"5460.44635945"
"1980-Q1";"WMF";"D0S";"5460.44635945"
"1980-Q1";"WMF";"T3";"22992.21137081"
"1980-Q1";"WMF";"T3S";"22992.21137081"
"1980-Q1";"WMF";"T4";"22485.27229795"
"1980-Q1";"WMF";"WG1";"15425.85444945"
"1980-Q1";"WMF";"D2";"4142.25757675"
"1980-Q1";"WMF";"D2S";"4142.25757675"
"1980-Q1";"WMF";"T5";"26627.5298747"
"1980-Q1";"WMF";"T5S";"26627.5298747"
"1980-Q1";"WMF";"BBIP";"50870.61803883"
"1980-Q1";"WMF";"BBIPS";"50870.61803883"
"1980-Q1";"VVP";"PHPOE";
"1980-Q1";"VVP";"S";
"1980-Q1";"VVP";"T0";
"1980-Q1";"VVP";"B";
"1980-Q1";"VVP";"A";
"1980-Q1";"VVP";"T1";
"1980-Q1";"VVP";"T2";
"1980-Q1";"VVP";"WG0";
"1980-Q1";"VVP";"D0";
"1980-Q1";"VVP";"D0S";
"1980-Q1";"VVP";"T3";
"1980-Q1";"VVP";"T3S";
"1980-Q1";"VVP";"T4";
"1980-Q1";"VVP";"WG1";
"1980-Q1";"VVP";"D2";
"1980-Q1";"VVP";"D2S";
"1980-Q1";"VVP";"T5";
"1980-Q1";"VVP";"T5S";
"1980-Q1";"VVP";"BBIP";
"1980-Q1";"VVP";"BBIPS";
"1980-Q2";"WMF";"PHPOE";"29775.80557045"
"1980-Q2";"WMF";"S";"4910.74174544"
"1980-Q2";"WMF";"T0";"34686.54731589"
"1980-Q2";"WMF";"B";"6412.51948686"
"1980-Q2";"WMF";"A";"9142.55150874"
"1980-Q2";"WMF";"T1";"15555.0709956"
"1980-Q2";"WMF";"T2";"17337.4279797"
"1980-Q2";"WMF";"WG0";"12340.08852753"
"1980-Q2";"WMF";"D0";"5590.5019704"
"1980-Q2";"WMF";"D0S";"5590.5019704"
"1980-Q2";"WMF";"T3";"22927.92995011"
"1980-Q2";"WMF";"T3S";"22927.92995011"
"1980-Q2";"WMF";"T4";"19857.22542272"
"1980-Q2";"WMF";"WG1";"14832.73555948"
"1980-Q2";"WMF";"D2";"4244.67557595"
"1980-Q2";"WMF";"D2S";"4244.67557595"
"1980-Q2";"WMF";"T5";"24101.90099867"
"1980-Q2";"WMF";"T5S";"24101.90099867"
"1980-Q2";"WMF";"BBIP";"51589.14462143"
"1980-Q2";"WMF";"BBIPS";"51589.14462143"
"1980-Q2";"VVP";"PHPOE";"0.97929261"
"1980-Q2";"VVP";"S";"2.59401647"
"1980-Q2";"VVP";"T0";"1.20480135"
"1980-Q2";"VVP";"B";"5.10049349"
"1980-Q2";"VVP";"A";"-2.06474563"
"1980-Q2";"VVP";"T1";"0.76731348"
"1980-Q2";"VVP";"T2";"-1.10848526"
"1980-Q2";"VVP";"WG0";"-0.85266903"
"1980-Q2";"VVP";"D0";"2.38177618"
"1980-Q2";"VVP";"D0S";"2.38177618"
"1980-Q2";"VVP";"T3";"-0.27957911"
"1980-Q2";"VVP";"T3S";"-0.27957911"
"1980-Q2";"VVP";"T4";"-11.68785879"
"1980-Q2";"VVP";"WG1";"-3.8449662"
"1980-Q2";"VVP";"D2";"2.47251643"
"1980-Q2";"VVP";"D2S";"2.47251643"
"1980-Q2";"VVP";"T5";"-9.4850288"
"1980-Q2";"VVP";"T5S";"-9.4850288"
"1980-Q2";"VVP";"BBIP";"1.41245892"
"1980-Q2";"VVP";"BBIPS";"1.41245892"
"1980-Q3";"WMF";"PHPOE";"30208.05285671"
"1980-Q3";"WMF";"S";"5012.6780109"
"1980-Q3";"WMF";"T0";"35220.73086761"
"1980-Q3";"WMF";"B";"6674.8623027"
"1980-Q3";"WMF";"A";"9397.73860326"
"1980-Q3";"WMF";"T1";"16072.60090596"
"1980-Q3";"WMF";"T2";"18305.46971225"
"1980-Q3";"WMF";"WG0";"12425.07925661"
"1980-Q3";"WMF";"D0";"5722.37697143"
"1980-Q3";"WMF";"D0S";"5722.37697143"
"1980-Q3";"WMF";"T3";"24027.84668368"
"1980-Q3";"WMF";"T3S";"24027.84668368"
"1980-Q3";"WMF";"T4";"20074.95788553"
"1980-Q3";"WMF";"WG1";"15226.08782343"
"1980-Q3";"WMF";"D2";"4346.53443511"
"1980-Q3";"WMF";"D2S";"4346.53443511"
"1980-Q3";"WMF";"T5";"24421.49232063"
"1980-Q3";"WMF";"T5S";"24421.49232063"
"1980-Q3";"WMF";"BBIP";"52513.46582129"
"1980-Q3";"WMF";"BBIPS";"52513.46582129"
"1980-Q3";"VVP";"PHPOE";"1.45167285"
"1980-Q3";"VVP";"S";"2.07578143"
"1980-Q3";"VVP";"T0";"1.54003091"
"1980-Q3";"VVP";"B";"4.0911036"
"1980-Q3";"VVP";"A";"2.79120215"
"1980-Q3";"VVP";"T1";"3.32708163"
"1980-Q3";"VVP";"T2";"5.58353715"
"1980-Q3";"VVP";"WG0";"0.68873679"
"1980-Q3";"VVP";"D0";"2.35891163"
"1980-Q3";"VVP";"D0S";"2.35891163"
"1980-Q3";"VVP";"T3";"4.79727885"
"1980-Q3";"VVP";"T3S";"4.79727885"
"1980-Q3";"VVP";"T4";"1.09648986"
"1980-Q3";"VVP";"WG1";"2.65191989"
"1980-Q3";"VVP";"D2";"2.39968538"
"1980-Q3";"VVP";"D2S";"2.39968538"
"1980-Q3";"VVP";"T5";"1.32600048"
"1980-Q3";"VVP";"T5S";"1.32600048"
"1980-Q3";"VVP";"BBIP";"1.79169708"
"1980-Q3";"VVP";"BBIPS";"1.79169708"
"1980-Q4";"WMF";"PHPOE";"30664.65078072"
"1980-Q4";"WMF";"S";"5114.52795534"
"1980-Q4";"WMF";"T0";"35779.17873606"
"1980-Q4";"WMF";"B";"6902.8826373"
"1980-Q4";"WMF";"A";"9547.89281308"
"1980-Q4";"WMF";"T1";"16450.77545038"
"1980-Q4";"WMF";"T2";"18861.47954908"
"1980-Q4";"WMF";"WG0";"12897.16093245"
"1980-Q4";"WMF";"D0";"5879.84427535"
"1980-Q4";"WMF";"D0S";"5879.84427535"
"1980-Q4";"WMF";"T3";"24741.32382443"
"1980-Q4";"WMF";"T3S";"24741.32382443"
"1980-Q4";"WMF";"T4";"20561.04831452"
"1980-Q4";"WMF";"WG1";"15266.82766836"
"1980-Q4";"WMF";"D2";"4474.12324007"
"1980-Q4";"WMF";"D2S";"4474.12324007"
"1980-Q4";"WMF";"T5";"25035.17155459"
"1980-Q4";"WMF";"T5S";"25035.17155459"
"1980-Q4";"WMF";"BBIP";"53339.75201812"
"1980-Q4";"WMF";"BBIPS";"53339.75201812"
"1980-Q4";"VVP";"PHPOE";"1.51151061"
"1980-Q4";"VVP";"S";"2.03184693"
"1980-Q4";"VVP";"T0";"1.58556582"
"1980-Q4";"VVP";"B";"3.41610545"
"1980-Q4";"VVP";"A";"1.59776959"
"1980-Q4";"VVP";"T1";"2.35291442"
"1980-Q4";"VVP";"T2";"3.03739727"
"1980-Q4";"VVP";"WG0";"3.79942587"
"1980-Q4";"VVP";"D0";"2.75178138"
"1980-Q4";"VVP";"D0S";"2.75178138"
"1980-Q4";"VVP";"T3";"2.96937612"
"1980-Q4";"VVP";"T3S";"2.96937612"
"1980-Q4";"VVP";"T4";"2.42137708"
"1980-Q4";"VVP";"WG1";"0.26756607"
"1980-Q4";"VVP";"D2";"2.93541457"
"1980-Q4";"VVP";"D2S";"2.93541457"
"1980-Q4";"VVP";"T5";"2.51286541"
"1980-Q4";"VVP";"T5S";"2.51286541"
"1980-Q4";"VVP";"BBIP";"1.57347489"
"1980-Q4";"VVP";"BBIPS";"1.57347489"
"1981-Q1";"WMF";"PHPOE";"31146.354697"
"1981-Q1";"WMF";"S";"5231.72201011"
"1981-Q1";"WMF";"T0";"36378.07670711"
"1981-Q1";"WMF";"B";"7165.2795033"
"1981-Q1";"WMF";"A";"9604.70025218"
"1981-Q1";"WMF";"T1";"16769.97975548"
"1981-Q1";"WMF";"T2";"19365.09398901"
"1981-Q1";"WMF";"WG0";"13237.49973979"
"1981-Q1";"WMF";"D0";"6032.21773447"
"1981-Q1";"WMF";"D0S";"6032.21773447"
"1981-Q1";"WMF";"T3";"25397.31172347"
"1981-Q1";"WMF";"T3S";"25397.31172347"
"1981-Q1";"WMF";"T4";"20948.61278881"
"1981-Q1";"WMF";"WG1";"15225.61604412"
"1981-Q1";"WMF";"D2";"4621.97524426"
"1981-Q1";"WMF";"D2S";"4621.97524426"
"1981-Q1";"WMF";"T5";"25570.58803307"
"1981-Q1";"WMF";"T5S";"25570.58803307"
"1981-Q1";"WMF";"BBIP";"54375.81605539"
"1981-Q1";"WMF";"BBIPS";"54375.81605539"
"1981-Q1";"VVP";"PHPOE";"1.5708769"
"1981-Q1";"VVP";"S";"2.29139533"
"1981-Q1";"VVP";"T0";"1.67387288"
"1981-Q1";"VVP";"B";"3.80126506"
"1981-Q1";"VVP";"A";"0.59497357"
"1981-Q1";"VVP";"T1";"1.94036023"
"1981-Q1";"VVP";"T2";"2.67006858"
"1981-Q1";"VVP";"WG0";"2.6388661"
"1981-Q1";"VVP";"D0";"2.59145399"
"1981-Q1";"VVP";"D0S";"2.59145399"
"1981-Q1";"VVP";"T3";"2.65138561"
"1981-Q1";"VVP";"T3S";"2.65138561"
"1981-Q1";"VVP";"T4";"1.88494511"
"1981-Q1";"VVP";"WG1";"-0.26994229"
"1981-Q1";"VVP";"D2";"3.30460285"
"1981-Q1";"VVP";"D2S";"3.30460285"
"1981-Q1";"VVP";"T5";"2.13865712"
"1981-Q1";"VVP";"T5S";"2.13865712"
"1981-Q1";"VVP";"BBIP";"1.9423863"
"1981-Q1";"VVP";"BBIPS";"1.9423863"
"1981-Q2";"WMF";"PHPOE";"31936.46611929"
"1981-Q2";"WMF";"S";"5359.58388985"
"1981-Q2";"WMF";"T0";"37296.05000914"
"1981-Q2";"WMF";"B";"7308.92426305"
"1981-Q2";"WMF";"A";"9760.54994606"
"1981-Q2";"WMF";"T1";"17069.47420911"
"1981-Q2";"WMF";"T2";"19705.39687205"
"1981-Q2";"WMF";"WG0";"13562.62215319"
"1981-Q2";"WMF";"D0";"6254.34481569"
"1981-Q2";"WMF";"D0S";"6254.34481569"
"1981-Q2";"WMF";"T3";"25959.74168774"
"1981-Q2";"WMF";"T3S";"25959.74168774"
"1981-Q2";"WMF";"T4";"20469.80107732"
"1981-Q2";"WMF";"WG1";"15367.12979479"
"1981-Q2";"WMF";"D2";"4746.60820295"
"1981-Q2";"WMF";"D2S";"4746.60820295"
"1981-Q2";"WMF";"T5";"25216.40928027"
"1981-Q2";"WMF";"T5S";"25216.40928027"
"1981-Q2";"WMF";"BBIP";"55376.64529778"
"1981-Q2";"WMF";"BBIPS";"55376.64529778"
"1981-Q2";"VVP";"PHPOE";"2.53677013"
"1981-Q2";"VVP";"S";"2.44397312"
"1981-Q2";"VVP";"T0";"2.5234245"
"1981-Q2";"VVP";"B";"2.00473352"
"1981-Q2";"VVP";"A";"1.62263985"
"1981-Q2";"VVP";"T1";"1.78589633"
"1981-Q2";"VVP";"T2";"1.75730045"
"1981-Q2";"VVP";"WG0";"2.45607116"
"1981-Q2";"VVP";"D0";"3.68234522"
"1981-Q2";"VVP";"D0S";"3.68234522"
"1981-Q2";"VVP";"T3";"2.21452558"
"1981-Q2";"VVP";"T3S";"2.21452558"
"1981-Q2";"VVP";"T4";"-2.28564877"
"1981-Q2";"VVP";"WG1";"0.92944516"
"1981-Q2";"VVP";"D2";"2.69653021"
"1981-Q2";"VVP";"D2S";"2.69653021"
"1981-Q2";"VVP";"T5";"-1.3851021"
"1981-Q2";"VVP";"T5S";"-1.3851021"
"1981-Q2";"VVP";"BBIP";"1.84057788"
"1981-Q2";"VVP";"BBIPS";"1.84057788"
"1981-Q3";"WMF";"PHPOE";"32518.73048415"
"1981-Q3";"WMF";"S";"5462.21133856"
"1981-Q3";"WMF";"T0";"37980.94182271"
"1981-Q3";"WMF";"B";"7399.7661617"
"1981-Q3";"WMF";"A";"10313.17129045"
"1981-Q3";"WMF";"T1";"17712.93745215"
"1981-Q3";"WMF";"T2";"21316.60498942"
"1981-Q3";"WMF";"WG0";"14168.6282982"
"1981-Q3";"WMF";"D0";"6490.30088491"
"1981-Q3";"WMF";"D0S";"6490.30088491"
"1981-Q3";"WMF";"T3";"27806.90587433"
"1981-Q3";"WMF";"T3S";"27806.90587433"
"1981-Q3";"WMF";"T4";"23587.17692025"
"1981-Q3";"WMF";"WG1";"16198.43599463"
"1981-Q3";"WMF";"D2";"4845.25860164"
"1981-Q3";"WMF";"D2S";"4845.25860164"
"1981-Q3";"WMF";"T5";"28432.4355219"
"1981-Q3";"WMF";"T5S";"28432.4355219"
"1981-Q3";"WMF";"BBIP";"56529.1029686"
"1981-Q3";"WMF";"BBIPS";"56529.1029686"
"1981-Q3";"VVP";"PHPOE";"1.82319598"
"1981-Q3";"VVP";"S";"1.91483986"
"1981-Q3";"VVP";"T0";"1.83636555"
"1981-Q3";"VVP";"B";"1.24289014"
"1981-Q3";"VVP";"A";"5.66178491"
"1981-Q3";"VVP";"T1";"3.76967231"
"1981-Q3";"VVP";"T2";"8.17648144"
"1981-Q3";"VVP";"WG0";"4.46820783"
"1981-Q3";"VVP";"D0";"3.77267446"
"1981-Q3";"VVP";"D0S";"3.77267446"
"1981-Q3";"VVP";"T3";"7.11549525"
"1981-Q3";"VVP";"T3S";"7.11549525"
"1981-Q3";"VVP";"T4";"15.22914576"
"1981-Q3";"VVP";"WG1";"5.4096387"
"1981-Q3";"VVP";"D2";"2.07833456"
"1981-Q3";"VVP";"D2S";"2.07833456"
"1981-Q3";"VVP";"T5";"12.75370417"
"1981-Q3";"VVP";"T5S";"12.75370417"
"1981-Q3";"VVP";"BBIP";"2.08112583"
"1981-Q3";"VVP";"BBIPS";"2.08112583"
"1981-Q4";"WMF";"PHPOE";"32909.7011506"
"1981-Q4";"WMF";"S";"5586.43939071"
"1981-Q4";"WMF";"T0";"38496.14054131"
"1981-Q4";"WMF";"B";"7310.01724819"
"1981-Q4";"WMF";"A";"9990.288851"
"1981-Q4";"WMF";"T1";"17300.30609919"
"1981-Q4";"WMF";"T2";"20062.98486057"
"1981-Q4";"WMF";"WG0";"13809.83051986"
"1981-Q4";"WMF";"D0";"6653.55690376"
"1981-Q4";"WMF";"D0S";"6653.55690376"
"1981-Q4";"WMF";"T3";"26716.54176432"
"1981-Q4";"WMF";"T3S";"26716.54176432"
"1981-Q4";"WMF";"T4";"21619.35760092"
"1981-Q4";"WMF";"WG1";"15467.85320778"
"1981-Q4";"WMF";"D2";"4901.2395389"
"1981-Q4";"WMF";"D2S";"4901.2395389"
"1981-Q4";"WMF";"T5";"26520.59713983"
"1981-Q4";"WMF";"T5S";"26520.59713983"
"1981-Q4";"WMF";"BBIP";"57563.97418297"
"1981-Q4";"WMF";"BBIPS";"57563.97418297"
"1981-Q4";"VVP";"PHPOE";"1.20229376"
"1981-Q4";"VVP";"S";"2.27431794"
"1981-Q4";"VVP";"T0";"1.35646641"
"1981-Q4";"VVP";"B";"-1.21286148"
"1981-Q4";"VVP";"A";"-3.13077743"
"1981-Q4";"VVP";"T1";"-2.32954785"
"1981-Q4";"VVP";"T2";"-5.88095585"
"1981-Q4";"VVP";"WG0";"-2.53233955"
"1981-Q4";"VVP";"D0";"2.51538444"
"1981-Q4";"VVP";"D0S";"2.51538444"
"1981-Q4";"VVP";"T3";"-3.92119898"
"1981-Q4";"VVP";"T3S";"-3.92119898"
"1981-Q4";"VVP";"T4";"-8.3427505"
"1981-Q4";"VVP";"WG1";"-4.51020572"
"1981-Q4";"VVP";"D2";"1.15537563"
"1981-Q4";"VVP";"D2S";"1.15537563"
"1981-Q4";"VVP";"T5";"-6.72414567"
"1981-Q4";"VVP";"T5S";"-6.72414567"
"1981-Q4";"VVP";"BBIP";"1.83068749"
"1981-Q4";"VVP";"BBIPS";"1.83068749"
"1982-Q1";"WMF";"PHPOE";"33147.05742982"
"1982-Q1";"WMF";"S";"5716.8186843"
"1982-Q1";"WMF";"T0";"38863.87611412"
"1982-Q1";"WMF";"B";"7407.4331074"
"1982-Q1";"WMF";"A";"9706.33393183"
"1982-Q1";"WMF";"T1";"17113.76703923"
"1982-Q1";"WMF";"T2";"18534.36354864"
"1982-Q1";"WMF";"WG0";"13596.39354769"
"1982-Q1";"WMF";"D0";"6844.5938551"
"1982-Q1";"WMF";"D0S";"6844.5938551"
"1982-Q1";"WMF";"T3";"25378.95740373"
"1982-Q1";"WMF";"T3S";"25378.95740373"
"1982-Q1";"WMF";"T4";"20324.68069907"
"1982-Q1";"WMF";"WG1";"14747.84618107"
"1982-Q1";"WMF";"D2";"4924.37660624"
"1982-Q1";"WMF";"D2S";"4924.37660624"
"1982-Q1";"WMF";"T5";"25249.05730531"
"1982-Q1";"WMF";"T5S";"25249.05730531"
"1982-Q1";"WMF";"BBIP";"58319.83804317"
"1982-Q1";"WMF";"BBIPS";"58319.83804317"
"1982-Q1";"VVP";"PHPOE";"0.72123499"
"1982-Q1";"VVP";"S";"2.33385318"
"1982-Q1";"VVP";"T0";"0.95525309"
"1982-Q1";"VVP";"B";"1.33263515"
"1982-Q1";"VVP";"A";"-2.8423094"
"1982-Q1";"VVP";"T1";"-1.07824138"
"1982-Q1";"VVP";"T2";"-7.61911212"
"1982-Q1";"VVP";"WG0";"-1.54554375"
"1982-Q1";"VVP";"D0";"2.87120038"
"1982-Q1";"VVP";"D0S";"2.87120038"
"1982-Q1";"VVP";"T3";"-5.00657747"
"1982-Q1";"VVP";"T3S";"-5.00657747"
"1982-Q1";"VVP";"T4";"-5.98850773"
"1982-Q1";"VVP";"WG1";"-4.65486074"
"1982-Q1";"VVP";"D2";"0.47206563"
"1982-Q1";"VVP";"D2S";"0.47206563"
"1982-Q1";"VVP";"T5";"-4.79453697"
"1982-Q1";"VVP";"T5S";"-4.79453697"
"1982-Q1";"VVP";"BBIP";"1.31308491"
"1982-Q1";"VVP";"BBIPS";"1.31308491"
"1982-Q2";"WMF";"PHPOE";"33889.95532681"
"1982-Q2";"WMF";"S";"5822.18292346"
"1982-Q2";"WMF";"T0";"39712.13825027"
"1982-Q2";"WMF";"B";"7324.9607457"
"1982-Q2";"WMF";"A";"9909.59977067"
"1982-Q2";"WMF";"T1";"17234.56051637"
"1982-Q2";"WMF";"T2";"17986.39735076"
"1982-Q2";"WMF";"WG0";"13681.92556179"
"1982-Q2";"WMF";"D0";"7030.66892243"
"1982-Q2";"WMF";"D0S";"7030.66892243"
"1982-Q2";"WMF";"T3";"25017.06627319"
"1982-Q2";"WMF";"T3S";"25017.06627319"
"1982-Q2";"WMF";"T4";"20351.40957046"
"1982-Q2";"WMF";"WG1";"14861.5878344"
"1982-Q2";"WMF";"D2";"5043.75373473"
"1982-Q2";"WMF";"D2S";"5043.75373473"
"1982-Q2";"WMF";"T5";"25395.16330519"
"1982-Q2";"WMF";"T5S";"25395.16330519"
"1982-Q2";"WMF";"BBIP";"59218.77803618"
"1982-Q2";"WMF";"BBIPS";"59218.77803618"
"1982-Q2";"VVP";"PHPOE";"2.24121824"
"1982-Q2";"VVP";"S";"1.84305721"
"1982-Q2";"VVP";"T0";"2.18264934"
"1982-Q2";"VVP";"B";"-1.11337302"
"1982-Q2";"VVP";"A";"2.09415666"
"1982-Q2";"VVP";"T1";"0.70582635"
"1982-Q2";"VVP";"T2";"-2.9564878"
"1982-Q2";"VVP";"WG0";"0.62907869"
"1982-Q2";"VVP";"D0";"2.71856989"
"1982-Q2";"VVP";"D0S";"2.71856989"
"1982-Q2";"VVP";"T3";"-1.42594956"
"1982-Q2";"VVP";"T3S";"-1.42594956"
"1982-Q2";"VVP";"T4";"0.13150943"
"1982-Q2";"VVP";"WG1";"0.77124247"
"1982-Q2";"VVP";"D2";"2.42420794"
"1982-Q2";"VVP";"D2S";"2.42420794"
"1982-Q2";"VVP";"T5";"0.57865923"
"1982-Q2";"VVP";"T5S";"0.57865923"
"1982-Q2";"VVP";"BBIP";"1.54139659"
"1982-Q2";"VVP";"BBIPS";"1.54139659"
"1982-Q3";"WMF";"PHPOE";"34464.24869039"
"1982-Q3";"WMF";"S";"5910.16084857"
"1982-Q3";"WMF";"T0";"40374.40953896"
"1982-Q3";"WMF";"B";"7327.37255014"
"1982-Q3";"WMF";"A";"10045.8410014"
"1982-Q3";"WMF";"T1";"17373.21355154"
"1982-Q3";"WMF";"T2";"18706.40148939"
"1982-Q3";"WMF";"WG0";"13329.46131214"
"1982-Q3";"WMF";"D0";"7227.6434052"
"1982-Q3";"WMF";"D0S";"7227.6434052"
"1982-Q3";"WMF";"T3";"25934.04489459"
"1982-Q3";"WMF";"T3S";"25934.04489459"
"1982-Q3";"WMF";"T4";"20982.05517976"
"1982-Q3";"WMF";"WG1";"14716.70140926"
"1982-Q3";"WMF";"D2";"5108.11591148"
"1982-Q3";"WMF";"D2S";"5108.11591148"
"1982-Q3";"WMF";"T5";"26090.17109124"
"1982-Q3";"WMF";"T5S";"26090.17109124"
"1982-Q3";"WMF";"BBIP";"59558.12480522"
"1982-Q3";"WMF";"BBIPS";"59558.12480522"
"1982-Q3";"VVP";"PHPOE";"1.69458283"
"1982-Q3";"VVP";"S";"1.51108143"
"1982-Q3";"VVP";"T0";"1.66767975"
"1982-Q3";"VVP";"B";"0.03292583"
"1982-Q3";"VVP";"A";"1.3748409"
"1982-Q3";"VVP";"T1";"0.80450578"
"1982-Q3";"VVP";"T2";"4.00304811"
"1982-Q3";"VVP";"WG0";"-2.57613044"
"1982-Q3";"VVP";"D0";"2.8016464"
"1982-Q3";"VVP";"D0S";"2.8016464"
"1982-Q3";"VVP";"T3";"3.66541229"
"1982-Q3";"VVP";"T3S";"3.66541229"
"1982-Q3";"VVP";"T4";"3.09878098"
"1982-Q3";"VVP";"WG1";"-0.97490542"
"1982-Q3";"VVP";"D2";"1.27607691"
"1982-Q3";"VVP";"D2S";"1.27607691"
"1982-Q3";"VVP";"T5";"2.73677227"
"1982-Q3";"VVP";"T5S";"2.73677227"
"1982-Q3";"VVP";"BBIP";"0.57303913"
"1982-Q3";"VVP";"BBIPS";"0.57303913"
"1982-Q4";"WMF";"PHPOE";"34792.4711896"
"1982-Q4";"WMF";"S";"6055.94309865"
"1982-Q4";"WMF";"T0";"40848.41428825"
"1982-Q4";"WMF";"B";"7517.64803268"
"1982-Q4";"WMF";"A";"9981.97677949"
"1982-Q4";"WMF";"T1";"17499.62481217"
"1982-Q4";"WMF";"T2";"19432.56935615"
"1982-Q4";"WMF";"WG0";"13876.85132332"
"1982-Q4";"WMF";"D0";"7339.70947649"
"1982-Q4";"WMF";"D0S";"7339.70947649"
"1982-Q4";"WMF";"T3";"26772.27883264"
"1982-Q4";"WMF";"T3S";"26772.27883264"
"1982-Q4";"WMF";"T4";"21025.03829447"
"1982-Q4";"WMF";"WG1";"15328.19425903"
"1982-Q4";"WMF";"D2";"5147.13888114"
"1982-Q4";"WMF";"D2S";"5147.13888114"
"1982-Q4";"WMF";"T5";"26172.17717561"
"1982-Q4";"WMF";"T5S";"26172.17717561"
"1982-Q4";"WMF";"BBIP";"59956.4404308"
"1982-Q4";"WMF";"BBIPS";"59956.4404308"
"1982-Q4";"VVP";"PHPOE";"0.95235646"
"1982-Q4";"VVP";"S";"2.46663761"
"1982-Q4";"VVP";"T0";"1.17402274"
"1982-Q4";"VVP";"B";"2.59677642"
"1982-Q4";"VVP";"A";"-0.63572798"
"1982-Q4";"VVP";"T1";"0.72762164"
"1982-Q4";"VVP";"T2";"3.88192174"
"1982-Q4";"VVP";"WG0";"4.10661765"
"1982-Q4";"VVP";"D0";"1.5505202"
"1982-Q4";"VVP";"D0S";"1.5505202"
"1982-Q4";"VVP";"T3";"3.23217586"
"1982-Q4";"VVP";"T3S";"3.23217586"
"1982-Q4";"VVP";"T4";"0.20485655"
"1982-Q4";"VVP";"WG1";"4.15509449"
"1982-Q4";"VVP";"D2";"0.76394057"
"1982-Q4";"VVP";"D2S";"0.76394057"
"1982-Q4";"VVP";"T5";"0.31431792"
"1982-Q4";"VVP";"T5S";"0.31431792"
"1982-Q4";"VVP";"BBIP";"0.6687847"
"1982-Q4";"VVP";"BBIPS";"0.6687847"
"1983-Q1";"WMF";"PHPOE";"35291.18410751"
"1983-Q1";"WMF";"S";"6117.32318463"
"1983-Q1";"WMF";"T0";"41408.50729214"
"1983-Q1";"WMF";"B";"7562.45511607"
"1983-Q1";"WMF";"A";"10286.84408923"
"1983-Q1";"WMF";"T1";"17849.2992053"
"1983-Q1";"WMF";"T2";"18041.96047855"
"1983-Q1";"WMF";"WG0";"13549.37587598"
"1983-Q1";"WMF";"D0";"7412.32097535"
"1983-Q1";"WMF";"D0S";"7412.32097535"
"1983-Q1";"WMF";"T3";"25454.28145391"
"1983-Q1";"WMF";"T3S";"25454.28145391"
"1983-Q1";"WMF";"T4";"21423.63779149"
"1983-Q1";"WMF";"WG1";"15335.22851893"
"1983-Q1";"WMF";"D2";"5172.90288868"
"1983-Q1";"WMF";"D2S";"5172.90288868"
"1983-Q1";"WMF";"T5";"26596.54068017"
"1983-Q1";"WMF";"T5S";"26596.54068017"
"1983-Q1";"WMF";"BBIP";"60303.40102992"
"1983-Q1";"WMF";"BBIPS";"60303.40102992"
"1983-Q1";"VVP";"PHPOE";"1.43339321"
"1983-Q1";"VVP";"S";"1.01355123"
"1983-Q1";"VVP";"T0";"1.37114993"
"1983-Q1";"VVP";"B";"0.59602529"
"1983-Q1";"VVP";"A";"3.05417771"
"1983-Q1";"VVP";"T1";"1.99818223"
"1983-Q1";"VVP";"T2";"-7.15607315"
"1983-Q1";"VVP";"WG0";"-2.35986853"
"1983-Q1";"VVP";"D0";"0.98929663"
"1983-Q1";"VVP";"D0S";"0.98929663"
"1983-Q1";"VVP";"T3";"-4.92299287"
"1983-Q1";"VVP";"T3S";"-4.92299287"
"1983-Q1";"VVP";"T4";"1.89583244"
"1983-Q1";"VVP";"WG1";"0.04589099"
"1983-Q1";"VVP";"D2";"0.50055008"
"1983-Q1";"VVP";"D2S";"0.50055008"
"1983-Q1";"VVP";"T5";"1.62142989"
"1983-Q1";"VVP";"T5S";"1.62142989"
"1983-Q1";"VVP";"BBIP";"0.57868779"
"1983-Q1";"VVP";"BBIPS";"0.57868779"
"1983-Q2";"WMF";"PHPOE";"35282.08536231"
"1983-Q2";"WMF";"S";"6207.15036289"
"1983-Q2";"WMF";"T0";"41489.2357252"
"1983-Q2";"WMF";"B";"7722.30649023"
"1983-Q2";"WMF";"A";"10488.36843872"
"1983-Q2";"WMF";"T1";"18210.67492894"
"1983-Q2";"WMF";"T2";"18101.28086303"
"1983-Q2";"WMF";"WG0";"13774.87847407"
"1983-Q2";"WMF";"D0";"7500.92404295"
"1983-Q2";"WMF";"D0S";"7500.92404295"
"1983-Q2";"WMF";"T3";"25602.20490598"
"1983-Q2";"WMF";"T3S";"25602.20490598"
"1983-Q2";"WMF";"T4";"21097.52431223"
"1983-Q2";"WMF";"WG1";"15532.96717032"
"1983-Q2";"WMF";"D2";"5183.5252884"
"1983-Q2";"WMF";"D2S";"5183.5252884"
"1983-Q2";"WMF";"T5";"26281.04960063"
"1983-Q2";"WMF";"T5S";"26281.04960063"
"1983-Q2";"WMF";"BBIP";"60610.50813125"
"1983-Q2";"WMF";"BBIPS";"60610.50813125"
"1983-Q2";"VVP";"PHPOE";"-0.02578192"
"1983-Q2";"VVP";"S";"1.46840661"
"1983-Q2";"VVP";"T0";"0.19495615"
"1983-Q2";"VVP";"B";"2.11374972"
"1983-Q2";"VVP";"A";"1.95904932"
"1983-Q2";"VVP";"T1";"2.02459334"
"1983-Q2";"VVP";"T2";"0.32879123"
"1983-Q2";"VVP";"WG0";"1.66430248"
"1983-Q2";"VVP";"D0";"1.1953485"
"1983-Q2";"VVP";"D0S";"1.1953485"
"1983-Q2";"VVP";"T3";"0.58113387"
"1983-Q2";"VVP";"T3S";"0.58113387"
"1983-Q2";"VVP";"T4";"-1.52221337"
"1983-Q2";"VVP";"WG1";"1.28944053"
"1983-Q2";"VVP";"D2";"0.20534698"
"1983-Q2";"VVP";"D2S";"0.20534698"
"1983-Q2";"VVP";"T5";"-1.18621096"
"1983-Q2";"VVP";"T5S";"-1.18621096"
"1983-Q2";"VVP";"BBIP";"0.50926995"
"1983-Q2";"VVP";"BBIPS";"0.50926995"
"1983-Q3";"WMF";"PHPOE";"35727.81076257"
"1983-Q3";"WMF";"S";"6264.60972907"
"1983-Q3";"WMF";"T0";"41992.42049164"
"1983-Q3";"WMF";"B";"7908.32765124"
"1983-Q3";"WMF";"A";"10426.82935176"
"1983-Q3";"WMF";"T1";"18335.157003"
"1983-Q3";"WMF";"T2";"18154.85276829"
"1983-Q3";"WMF";"WG0";"13862.98779633"
"1983-Q3";"WMF";"D0";"7477.52722994"
"1983-Q3";"WMF";"D0S";"7477.52722994"
"1983-Q3";"WMF";"T3";"25632.37999823"
"1983-Q3";"WMF";"T3S";"25632.37999823"
"1983-Q3";"WMF";"T4";"21281.68463318"
"1983-Q3";"WMF";"WG1";"15605.43775811"
"1983-Q3";"WMF";"D2";"5208.84941417"
"1983-Q3";"WMF";"D2S";"5208.84941417"
"1983-Q3";"WMF";"T5";"26490.53404734"
"1983-Q3";"WMF";"T5S";"26490.53404734"
"1983-Q3";"WMF";"BBIP";"61226.6985576"
"1983-Q3";"WMF";"BBIPS";"61226.6985576"
"1983-Q3";"VVP";"PHPOE";"1.26331932"
"1983-Q3";"VVP";"S";"0.92569638"
"1983-Q3";"VVP";"T0";"1.21280799"
"1983-Q3";"VVP";"B";"2.40888083"
"1983-Q3";"VVP";"A";"-0.58673651"
"1983-Q3";"VVP";"T1";"0.6835665"
"1983-Q3";"VVP";"T2";"0.29595643"
"1983-Q3";"VVP";"WG0";"0.63963775"
"1983-Q3";"VVP";"D0";"-0.31191908"
"1983-Q3";"VVP";"D0S";"-0.31191908"
"1983-Q3";"VVP";"T3";"0.1178613"
"1983-Q3";"VVP";"T3S";"0.1178613"
"1983-Q3";"VVP";"T4";"0.87290015"
"1983-Q3";"VVP";"WG1";"0.46655985"
"1983-Q3";"VVP";"D2";"0.48855025"
"1983-Q3";"VVP";"D2S";"0.48855025"
"1983-Q3";"VVP";"T5";"0.79709315"
"1983-Q3";"VVP";"T5S";"0.79709315"
"1983-Q3";"VVP";"BBIP";"1.0166396"
"1983-Q3";"VVP";"BBIPS";"1.0166396"
"1983-Q4";"WMF";"PHPOE";"36213.42259307"
"1983-Q4";"WMF";"S";"6314.88373598"
"1983-Q4";"WMF";"T0";"42528.30632905"
"1983-Q4";"WMF";"B";"8030.74435463"
"1983-Q4";"WMF";"A";"10553.738304"
"1983-Q4";"WMF";"T1";"18584.48265863"
"1983-Q4";"WMF";"T2";"18787.64869723"
"1983-Q4";"WMF";"WG0";"14334.10066071"
"1983-Q4";"WMF";"D0";"7639.84787193"
"1983-Q4";"WMF";"D0S";"7639.84787193"
"1983-Q4";"WMF";"T3";"26427.49656916"
"1983-Q4";"WMF";"T3S";"26427.49656916"
"1983-Q4";"WMF";"T4";"22020.31630616"
"1983-Q4";"WMF";"WG1";"16258.88665969"
"1983-Q4";"WMF";"D2";"5302.48551517"
"1983-Q4";"WMF";"D2S";"5302.48551517"
"1983-Q4";"WMF";"T5";"27322.80182134"
"1983-Q4";"WMF";"T5S";"27322.80182134"
"1983-Q4";"WMF";"BBIP";"62087.67386777"
"1983-Q4";"WMF";"BBIPS";"62087.67386777"
"1983-Q4";"VVP";"PHPOE";"1.3591984"
"1983-Q4";"VVP";"S";"0.8025082"
"1983-Q4";"VVP";"T0";"1.27614896"
"1983-Q4";"VVP";"B";"1.54794678"
"1983-Q4";"VVP";"A";"1.21713848"
"1983-Q4";"VVP";"T1";"1.35982286"
"1983-Q4";"VVP";"T2";"3.48554702"
"1983-Q4";"VVP";"WG0";"3.39835013"
"1983-Q4";"VVP";"D0";"2.17077968"
"1983-Q4";"VVP";"D0S";"2.17077968"
"1983-Q4";"VVP";"T3";"3.10200056"
"1983-Q4";"VVP";"T3S";"3.10200056"
"1983-Q4";"VVP";"T4";"3.47073874"
"1983-Q4";"VVP";"WG1";"4.18731542"
"1983-Q4";"VVP";"D2";"1.79763502"
"1983-Q4";"VVP";"D2S";"1.79763502"
"1983-Q4";"VVP";"T5";"3.14175536"
"1983-Q4";"VVP";"T5S";"3.14175536"
"1983-Q4";"VVP";"BBIP";"1.40620894"
"1983-Q4";"VVP";"BBIPS";"1.40620894"
"1984-Q1";"WMF";"PHPOE";"36754.35801421"
"1984-Q1";"WMF";"S";"6371.59284599"
"1984-Q1";"WMF";"T0";"43125.9508602"
"1984-Q1";"WMF";"B";"8116.95181537"
"1984-Q1";"WMF";"A";"10984.24354945"
"1984-Q1";"WMF";"T1";"19101.19536482"
"1984-Q1";"WMF";"T2";"20323.05691293"
"1984-Q1";"WMF";"WG0";"15330.27317495"
"1984-Q1";"WMF";"D0";"7916.2776852"
"1984-Q1";"WMF";"D0S";"7916.2776852"
"1984-Q1";"WMF";"T3";"28239.33459813"
"1984-Q1";"WMF";"T3S";"28239.33459813"
"1984-Q1";"WMF";"T4";"22204.22669271"
"1984-Q1";"WMF";"WG1";"17657.00461186"
"1984-Q1";"WMF";"D2";"5533.28590726"
"1984-Q1";"WMF";"D2S";"5533.28590726"
"1984-Q1";"WMF";"T5";"27737.51259998"
"1984-Q1";"WMF";"T5S";"27737.51259998"
"1984-Q1";"WMF";"BBIP";"63539.61374317"
"1984-Q1";"WMF";"BBIPS";"63539.61374317"
"1984-Q1";"VVP";"PHPOE";"1.49374288"
"1984-Q1";"VVP";"S";"0.89802303"
"1984-Q1";"VVP";"T0";"1.40528646"
"1984-Q1";"VVP";"B";"1.07346787"
"1984-Q1";"VVP";"A";"4.07917302"
"1984-Q1";"VVP";"T1";"2.78034485"
"1984-Q1";"VVP";"T2";"8.17243414"
"1984-Q1";"VVP";"WG0";"6.94966875"
"1984-Q1";"VVP";"D0";"3.61826332"
"1984-Q1";"VVP";"D0S";"3.61826332"
"1984-Q1";"VVP";"T3";"6.85588218"
"1984-Q1";"VVP";"T3S";"6.85588218"
"1984-Q1";"VVP";"T4";"0.83518504"
"1984-Q1";"VVP";"WG1";"8.59910018"
"1984-Q1";"VVP";"D2";"4.35268312"
"1984-Q1";"VVP";"D2S";"4.35268312"
"1984-Q1";"VVP";"T5";"1.51781937"
"1984-Q1";"VVP";"T5S";"1.51781937"
"1984-Q1";"VVP";"BBIP";"2.3385316"
"1984-Q1";"VVP";"BBIPS";"2.3385316"
"1984-Q2";"WMF";"PHPOE";"37123.53195232"
"1984-Q2";"WMF";"S";"6468.51764856"
"1984-Q2";"WMF";"T0";"43592.04960088"
"1984-Q2";"WMF";"B";"8225.09976802"
"1984-Q2";"WMF";"A";"10883.60846275"
"1984-Q2";"WMF";"T1";"19108.70823078"
"1984-Q2";"WMF";"T2";"22091.50309166"
"1984-Q2";"WMF";"WG0";"15470.96416449"
"1984-Q2";"WMF";"D0";"8131.62138998"
"1984-Q2";"WMF";"D0S";"8131.62138998"
"1984-Q2";"WMF";"T3";"30223.12448165"
"1984-Q2";"WMF";"T3S";"30223.12448165"
"1984-Q2";"WMF";"T4";"22479.76164356"
"1984-Q2";"WMF";"WG1";"17111.50800118"
"1984-Q2";"WMF";"D2";"5573.20820014"
"1984-Q2";"WMF";"D2S";"5573.20820014"
"1984-Q2";"WMF";"T5";"28052.96984369"
"1984-Q2";"WMF";"T5S";"28052.96984369"
"1984-Q2";"WMF";"BBIP";"64678.71891216"
"1984-Q2";"WMF";"BBIPS";"64678.71891216"
"1984-Q2";"VVP";"PHPOE";"1.00443582"
"1984-Q2";"VVP";"S";"1.52120207"
"1984-Q2";"VVP";"T0";"1.08078484"
"1984-Q2";"VVP";"B";"1.3323715"
"1984-Q2";"VVP";"A";"-0.91617676"
"1984-Q2";"VVP";"T1";"0.03933192"
"1984-Q2";"VVP";"T2";"8.7016741"
"1984-Q2";"VVP";"WG0";"0.91773309"
"1984-Q2";"VVP";"D0";"2.72026467"
"1984-Q2";"VVP";"D0S";"2.72026467"
"1984-Q2";"VVP";"T3";"7.02491724"
"1984-Q2";"VVP";"T3S";"7.02491724"
"1984-Q2";"VVP";"T4";"1.24091217"
"1984-Q2";"VVP";"WG1";"-3.08940629"
"1984-Q2";"VVP";"D2";"0.7214934"
"1984-Q2";"VVP";"D2S";"0.7214934"
"1984-Q2";"VVP";"T5";"1.13729464"
"1984-Q2";"VVP";"T5S";"1.13729464"
"1984-Q2";"VVP";"BBIP";"1.79274802"
"1984-Q2";"VVP";"BBIPS";"1.79274802"
"1984-Q3";"WMF";"PHPOE";"37541.35851211"
"1984-Q3";"WMF";"S";"6580.76962879"
"1984-Q3";"WMF";"T0";"44122.1281409"
"1984-Q3";"WMF";"B";"8274.18127852"
"1984-Q3";"WMF";"A";"11164.38518966"
"1984-Q3";"WMF";"T1";"19438.56646818"
"1984-Q3";"WMF";"T2";"22928.00308871"
"1984-Q3";"WMF";"WG0";"15692.10205743"
"1984-Q3";"WMF";"D0";"8365.58199607"
"1984-Q3";"WMF";"D0S";"8365.58199607"
"1984-Q3";"WMF";"T3";"31293.58508478"
"1984-Q3";"WMF";"T3S";"31293.58508478"
"1984-Q3";"WMF";"T4";"24093.07453346"
"1984-Q3";"WMF";"WG1";"17861.82877721"
"1984-Q3";"WMF";"D2";"5731.74288523"
"1984-Q3";"WMF";"D2S";"5731.74288523"
"1984-Q3";"WMF";"T5";"29824.81741869"
"1984-Q3";"WMF";"T5S";"29824.81741869"
"1984-Q3";"WMF";"BBIP";"65927.01552898"
"1984-Q3";"WMF";"BBIPS";"65927.01552898"
"1984-Q3";"VVP";"PHPOE";"1.12550325"
"1984-Q3";"VVP";"S";"1.73535865"
"1984-Q3";"VVP";"T0";"1.2159982"
"1984-Q3";"VVP";"B";"0.59672845"
"1984-Q3";"VVP";"A";"2.57981282"
"1984-Q3";"VVP";"T1";"1.72621945"
"1984-Q3";"VVP";"T2";"3.78652369"
"1984-Q3";"VVP";"WG0";"1.4293737"
"1984-Q3";"VVP";"D0";"2.87717043"
"1984-Q3";"VVP";"D0S";"2.87717043"
"1984-Q3";"VVP";"T3";"3.54185949"
"1984-Q3";"VVP";"T3S";"3.54185949"
"1984-Q3";"VVP";"T4";"7.17673486"
"1984-Q3";"VVP";"WG1";"4.38488984"
"1984-Q3";"VVP";"D2";"2.84458573"
"1984-Q3";"VVP";"D2S";"2.84458573"
"1984-Q3";"VVP";"T5";"6.31607842"
"1984-Q3";"VVP";"T5S";"6.31607842"
"1984-Q3";"VVP";"BBIP";"1.92999589"
"1984-Q3";"VVP";"BBIPS";"1.92999589"
"1984-Q4";"WMF";"PHPOE";"37900.86857458"
"1984-Q4";"WMF";"S";"6668.98552966"
"1984-Q4";"WMF";"T0";"44569.85410424"
"1984-Q4";"WMF";"B";"8376.91561438"
"1984-Q4";"WMF";"A";"11328.82227306"
"1984-Q4";"WMF";"T1";"19705.73788744"
"1984-Q4";"WMF";"T2";"22724.34201191"
"1984-Q4";"WMF";"WG0";"16196.56570835"
"1984-Q4";"WMF";"D0";"8494.42220294"
"1984-Q4";"WMF";"D0S";"8494.42220294"
"1984-Q4";"WMF";"T3";"31218.76421485"
"1984-Q4";"WMF";"T3S";"31218.76421485"
"1984-Q4";"WMF";"T4";"23494.31198638"
"1984-Q4";"WMF";"WG1";"18463.44611785"
"1984-Q4";"WMF";"D2";"5902.40144882"
"1984-Q4";"WMF";"D2S";"5902.40144882"
"1984-Q4";"WMF";"T5";"29396.7134352"
"1984-Q4";"WMF";"T5S";"29396.7134352"
"1984-Q4";"WMF";"BBIP";"66740.82139989"
"1984-Q4";"WMF";"BBIPS";"66740.82139989"
"1984-Q4";"VVP";"PHPOE";"0.95763733"
"1984-Q4";"VVP";"S";"1.34051039"
"1984-Q4";"VVP";"T0";"1.01474245"
"1984-Q4";"VVP";"B";"1.24162539"
"1984-Q4";"VVP";"A";"1.47287182"
"1984-Q4";"VVP";"T1";"1.37443993"
"1984-Q4";"VVP";"T2";"-0.88826347"
"1984-Q4";"VVP";"WG0";"3.21476147"
"1984-Q4";"VVP";"D0";"1.54012246"
"1984-Q4";"VVP";"D0S";"1.54012246"
"1984-Q4";"VVP";"T3";"-0.23909331"
"1984-Q4";"VVP";"T3S";"-0.23909331"
"1984-Q4";"VVP";"T4";"-2.48520605"
"1984-Q4";"VVP";"WG1";"3.36817326"
"1984-Q4";"VVP";"D2";"2.9774288"
"1984-Q4";"VVP";"D2S";"2.9774288"
"1984-Q4";"VVP";"T5";"-1.43539515"
"1984-Q4";"VVP";"T5S";"-1.43539515"
"1984-Q4";"VVP";"BBIP";"1.23440423"
"1984-Q4";"VVP";"BBIPS";"1.23440423"
"1985-Q1";"WMF";"PHPOE";"38447.28276885"
"1985-Q1";"WMF";"S";"6785.07253598"
"1985-Q1";"WMF";"T0";"45232.35530483"
"1985-Q1";"WMF";"B";"8432.71114232"
"1985-Q1";"WMF";"A";"11867.81654728"
"1985-Q1";"WMF";"T1";"20300.5276896"
"1985-Q1";"WMF";"T2";"23644.30865432"
"1985-Q1";"WMF";"WG0";"16734.21114651"
"1985-Q1";"WMF";"D0";"8962.8049378"
"1985-Q1";"WMF";"D0S";"8962.8049378"
"1985-Q1";"WMF";"T3";"32607.11359213"
"1985-Q1";"WMF";"T3S";"32607.11359213"
"1985-Q1";"WMF";"T4";"24606.16559787"
"1985-Q1";"WMF";"WG1";"18932.5243578"
"1985-Q1";"WMF";"D2";"6186.42444761"
"1985-Q1";"WMF";"D2S";"6186.42444761"
"1985-Q1";"WMF";"T5";"30792.59004547"
"1985-Q1";"WMF";"T5S";"30792.59004547"
"1985-Q1";"WMF";"BBIP";"67816.15395208"
"1985-Q1";"WMF";"BBIPS";"67816.15395208"
"1985-Q1";"VVP";"PHPOE";"1.44169307"
"1985-Q1";"VVP";"S";"1.74069963"
"1985-Q1";"VVP";"T0";"1.48643341"
"1985-Q1";"VVP";"B";"0.66606291"
"1985-Q1";"VVP";"A";"4.75772557"
"1985-Q1";"VVP";"T1";"3.01835844"
"1985-Q1";"VVP";"T2";"4.04837527"
"1985-Q1";"VVP";"WG0";"3.31950271"
"1985-Q1";"VVP";"D0";"5.51400347"
"1985-Q1";"VVP";"D0S";"5.51400347"
"1985-Q1";"VVP";"T3";"4.44716315"
"1985-Q1";"VVP";"T3S";"4.44716315"
"1985-Q1";"VVP";"T4";"4.73243742"
"1985-Q1";"VVP";"WG1";"2.54057794"
"1985-Q1";"VVP";"D2";"4.81199053"
"1985-Q1";"VVP";"D2S";"4.81199053"
"1985-Q1";"VVP";"T5";"4.74841044"
"1985-Q1";"VVP";"T5S";"4.74841044"
"1985-Q1";"VVP";"BBIP";"1.61120665"
"1985-Q1";"VVP";"BBIPS";"1.61120665"
"1985-Q2";"WMF";"PHPOE";"38983.68034853"
"1985-Q2";"WMF";"S";"6956.05567732"
"1985-Q2";"WMF";"T0";"45939.73602585"
"1985-Q2";"WMF";"B";"8455.34291347"
"1985-Q2";"WMF";"A";"12134.56145813"
"1985-Q2";"WMF";"T1";"20589.9043716"
"1985-Q2";"WMF";"T2";"23266.43399764"
"1985-Q2";"WMF";"WG0";"17523.31434104"
"1985-Q2";"WMF";"D0";"8994.70830472"
"1985-Q2";"WMF";"D0S";"8994.70830472"
"1985-Q2";"WMF";"T3";"32261.14230236"
"1985-Q2";"WMF";"T3S";"32261.14230236"
"1985-Q2";"WMF";"T4";"24446.39658303"
"1985-Q2";"WMF";"WG1";"19407.44554112"
"1985-Q2";"WMF";"D2";"6362.41399057"
"1985-Q2";"WMF";"D2S";"6362.41399057"
"1985-Q2";"WMF";"T5";"30808.81057361"
"1985-Q2";"WMF";"T5S";"30808.81057361"
"1985-Q2";"WMF";"BBIP";"68888.16297551"
"1985-Q2";"WMF";"BBIPS";"68888.16297551"
"1985-Q2";"VVP";"PHPOE";"1.39515082"
"1985-Q2";"VVP";"S";"2.51998988"
"1985-Q2";"VVP";"T0";"1.56388213"
"1985-Q2";"VVP";"B";"0.26838072"
"1985-Q2";"VVP";"A";"2.24763258"
"1985-Q2";"VVP";"T1";"1.42546384"
"1985-Q2";"VVP";"T2";"-1.59816327"
"1985-Q2";"VVP";"WG0";"4.71550877"
"1985-Q2";"VVP";"D0";"0.35595293"
"1985-Q2";"VVP";"D0S";"0.35595293"
"1985-Q2";"VVP";"T3";"-1.0610301"
"1985-Q2";"VVP";"T3S";"-1.0610301"
"1985-Q2";"VVP";"T4";"-0.6493048"
"1985-Q2";"VVP";"WG1";"2.50849371"
"1985-Q2";"VVP";"D2";"2.84476994"
"1985-Q2";"VVP";"D2S";"2.84476994"
"1985-Q2";"VVP";"T5";"0.05267673"
"1985-Q2";"VVP";"T5S";"0.05267673"
"1985-Q2";"VVP";"BBIP";"1.58075762"
"1985-Q2";"VVP";"BBIPS";"1.58075762"
"1985-Q3";"WMF";"PHPOE";"39272.7189595"
"1985-Q3";"WMF";"S";"7062.25873909"
"1985-Q3";"WMF";"T0";"46334.97769859"
"1985-Q3";"WMF";"B";"8527.72108576"
"1985-Q3";"WMF";"A";"12284.00325397"
"1985-Q3";"WMF";"T1";"20811.72433973"
"1985-Q3";"WMF";"T2";"22499.88246977"
"1985-Q3";"WMF";"WG0";"17190.75658984"
"1985-Q3";"WMF";"D0";"9071.24070551"
"1985-Q3";"WMF";"D0S";"9071.24070551"
"1985-Q3";"WMF";"T3";"31571.12317528"
"1985-Q3";"WMF";"T3S";"31571.12317528"
"1985-Q3";"WMF";"T4";"24099.20906519"
"1985-Q3";"WMF";"WG1";"19186.13102658"
"1985-Q3";"WMF";"D2";"6408.62039261"
"1985-Q3";"WMF";"D2S";"6408.62039261"
"1985-Q3";"WMF";"T5";"30507.8294578"
"1985-Q3";"WMF";"T5S";"30507.8294578"
"1985-Q3";"WMF";"BBIP";"69528.1790627"
"1985-Q3";"WMF";"BBIPS";"69528.1790627"
"1985-Q3";"VVP";"PHPOE";"0.7414349"
"1985-Q3";"VVP";"S";"1.5267713"
"1985-Q3";"VVP";"T0";"0.86034816"
"1985-Q3";"VVP";"B";"0.85600517"
"1985-Q3";"VVP";"A";"1.2315385"
"1985-Q3";"VVP";"T1";"1.07732394"
"1985-Q3";"VVP";"T2";"-3.29466702"
"1985-Q3";"VVP";"WG0";"-1.89780166"
"1985-Q3";"VVP";"D0";"0.85086029"
"1985-Q3";"VVP";"D0S";"0.85086029"
"1985-Q3";"VVP";"T3";"-2.13885522"
"1985-Q3";"VVP";"T3S";"-2.13885522"
"1985-Q3";"VVP";"T4";"-1.42019916"
"1985-Q3";"VVP";"WG1";"-1.14035881"
"1985-Q3";"VVP";"D2";"0.7262401"
"1985-Q3";"VVP";"D2S";"0.7262401"
"1985-Q3";"VVP";"T5";"-0.97693196"
"1985-Q3";"VVP";"T5S";"-0.97693196"
"1985-Q3";"VVP";"BBIP";"0.9290654"
"1985-Q3";"VVP";"BBIPS";"0.9290654"
"1985-Q4";"WMF";"PHPOE";"39874.26199191"
"1985-Q4";"WMF";"S";"7159.10573863"
"1985-Q4";"WMF";"T0";"47033.36773054"
"1985-Q4";"WMF";"B";"8626.17709529"
"1985-Q4";"WMF";"A";"12741.23087939"
"1985-Q4";"WMF";"T1";"21367.40797468"
"1985-Q4";"WMF";"T2";"23742.65450818"
"1985-Q4";"WMF";"WG0";"17410.89755252"
"1985-Q4";"WMF";"D0";"9351.80232098"
"1985-Q4";"WMF";"D0S";"9351.80232098"
"1985-Q4";"WMF";"T3";"33094.45682916"
"1985-Q4";"WMF";"T3S";"33094.45682916"
"1985-Q4";"WMF";"T4";"25508.77811304"
"1985-Q4";"WMF";"WG1";"19309.67759963"
"1985-Q4";"WMF";"D2";"6385.5707819"
"1985-Q4";"WMF";"D2S";"6385.5707819"
"1985-Q4";"WMF";"T5";"31894.34889494"
"1985-Q4";"WMF";"T5S";"31894.34889494"
"1985-Q4";"WMF";"BBIP";"70725.01367363"
"1985-Q4";"WMF";"BBIPS";"70725.01367363"
"1985-Q4";"VVP";"PHPOE";"1.53170712"
"1985-Q4";"VVP";"S";"1.3713318"
"1985-Q4";"VVP";"T0";"1.50726312"
"1985-Q4";"VVP";"B";"1.15454069"
"1985-Q4";"VVP";"A";"3.72213859"
"1985-Q4";"VVP";"T1";"2.67005091"
"1985-Q4";"VVP";"T2";"5.52346013"
"1985-Q4";"VVP";"WG0";"1.28057751"
"1985-Q4";"VVP";"D0";"3.09286926"
"1985-Q4";"VVP";"D0S";"3.09286926"
"1985-Q4";"VVP";"T3";"4.8250854"
"1985-Q4";"VVP";"T3S";"4.8250854"
"1985-Q4";"VVP";"T4";"5.84902618"
"1985-Q4";"VVP";"WG1";"0.64393688"
"1985-Q4";"VVP";"D2";"-0.35966572"
"1985-Q4";"VVP";"D2S";"-0.35966572"
"1985-Q4";"VVP";"T5";"4.5447987"
"1985-Q4";"VVP";"T5S";"4.5447987"
"1985-Q4";"VVP";"BBIP";"1.72136625"
"1985-Q4";"VVP";"BBIPS";"1.72136625"
"1986-Q1";"WMF";"PHPOE";"40101.31113979"
"1986-Q1";"WMF";"S";"7304.6116266"
"1986-Q1";"WMF";"T0";"47405.92276639"
"1986-Q1";"WMF";"B";"8661.12554751"
"1986-Q1";"WMF";"A";"13071.73538063"
"1986-Q1";"WMF";"T1";"21732.86092814"
"1986-Q1";"WMF";"T2";"23300.901812"
"1986-Q1";"WMF";"WG0";"17160.43262321"
"1986-Q1";"WMF";"D0";"9181.24743368"
"1986-Q1";"WMF";"D0S";"9181.24743368"
"1986-Q1";"WMF";"T3";"32482.14924569"
"1986-Q1";"WMF";"T3S";"32482.14924569"
"1986-Q1";"WMF";"T4";"24369.53808579"
"1986-Q1";"WMF";"WG1";"18945.96961196"
"1986-Q1";"WMF";"D2";"6234.93836165"
"1986-Q1";"WMF";"D2S";"6234.93836165"
"1986-Q1";"WMF";"T5";"30604.47644743"
"1986-Q1";"WMF";"T5S";"30604.47644743"
"1986-Q1";"WMF";"BBIP";"71575.38246412"
"1986-Q1";"WMF";"BBIPS";"71575.38246412"
"1986-Q1";"VVP";"PHPOE";"0.56941279"
"1986-Q1";"VVP";"S";"2.03245899"
"1986-Q1";"VVP";"T0";"0.79210793"
"1986-Q1";"VVP";"B";"0.40514415"
"1986-Q1";"VVP";"A";"2.59397624"
"1986-Q1";"VVP";"T1";"1.7103289"
"1986-Q1";"VVP";"T2";"-1.8605868"
"1986-Q1";"VVP";"WG0";"-1.43855266"
"1986-Q1";"VVP";"D0";"-1.82376489"
"1986-Q1";"VVP";"D0S";"-1.82376489"
"1986-Q1";"VVP";"T3";"-1.8501817"
"1986-Q1";"VVP";"T3S";"-1.8501817"
"1986-Q1";"VVP";"T4";"-4.46607055"
"1986-Q1";"VVP";"WG1";"-1.88355288"
"1986-Q1";"VVP";"D2";"-2.35894997"
"1986-Q1";"VVP";"D2S";"-2.35894997"
"1986-Q1";"VVP";"T5";"-4.04420373"
"1986-Q1";"VVP";"T5S";"-4.04420373"
"1986-Q1";"VVP";"BBIP";"1.20235932"
"1986-Q1";"VVP";"BBIPS";"1.20235932"
"1986-Q2";"WMF";"PHPOE";"40677.68733445"
"1986-Q2";"WMF";"S";"7417.76832275"
"1986-Q2";"WMF";"T0";"48095.4556572"
"1986-Q2";"WMF";"B";"8846.05062627"
"1986-Q2";"WMF";"A";"13183.84673904"
"1986-Q2";"WMF";"T1";"22029.89736532"
"1986-Q2";"WMF";"T2";"24185.30183778"
"1986-Q2";"WMF";"WG0";"17814.39201157"
"1986-Q2";"WMF";"D0";"9115.1629174"
"1986-Q2";"WMF";"D0S";"9115.1629174"
"1986-Q2";"WMF";"T3";"33300.46475519"
"1986-Q2";"WMF";"T3S";"33300.46475519"
"1986-Q2";"WMF";"T4";"26153.48849713"
"1986-Q2";"WMF";"WG1";"19346.23467709"
"1986-Q2";"WMF";"D2";"6160.93313017"
"1986-Q2";"WMF";"D2S";"6160.93313017"
"1986-Q2";"WMF";"T5";"32314.4216273"
"1986-Q2";"WMF";"T5S";"32314.4216273"
"1986-Q2";"WMF";"BBIP";"72741.21029308"
"1986-Q2";"WMF";"BBIPS";"72741.21029309"
"1986-Q2";"VVP";"PHPOE";"1.43730012"
"1986-Q2";"VVP";"S";"1.54911311"
"1986-Q2";"VVP";"T0";"1.45452899"
"1986-Q2";"VVP";"B";"2.13511602"
"1986-Q2";"VVP";"A";"0.85766239"
"1986-Q2";"VVP";"T1";"1.36676178"
"1986-Q2";"VVP";"T2";"3.79556136"
"1986-Q2";"VVP";"WG0";"3.81085607"
"1986-Q2";"VVP";"D0";"-0.7197771"
"1986-Q2";"VVP";"D0S";"-0.7197771"
"1986-Q2";"VVP";"T3";"2.5192776"
"1986-Q2";"VVP";"T3S";"2.5192776"
"1986-Q2";"VVP";"T4";"7.32041127"
"1986-Q2";"VVP";"WG1";"2.11266604"
"1986-Q2";"VVP";"D2";"-1.18694408"
"1986-Q2";"VVP";"D2S";"-1.18694408"
"1986-Q2";"VVP";"T5";"5.58723879"
"1986-Q2";"VVP";"T5S";"5.58723879"
"1986-Q2";"VVP";"BBIP";"1.62881118"
"1986-Q2";"VVP";"BBIPS";"1.62881118"
"1986-Q3";"WMF";"PHPOE";"40981.15327523"
"1986-Q3";"WMF";"S";"7499.9612766"
"1986-Q3";"WMF";"T0";"48481.11455183"
"1986-Q3";"WMF";"B";"8966.87851241"
"1986-Q3";"WMF";"A";"13943.90418336"
"1986-Q3";"WMF";"T1";"22910.78269577"
"1986-Q3";"WMF";"T2";"21402.3273998"
"1986-Q3";"WMF";"WG0";"17327.53303811"
"1986-Q3";"WMF";"D0";"8766.61641786"
"1986-Q3";"WMF";"D0S";"8766.61641786"
"1986-Q3";"WMF";"T3";"30168.94381766"
"1986-Q3";"WMF";"T3S";"30168.94381766"
"1986-Q3";"WMF";"T4";"23847.6450595"
"1986-Q3";"WMF";"WG1";"18902.02861377"
"1986-Q3";"WMF";"D2";"6081.73648399"
"1986-Q3";"WMF";"D2S";"6081.73648399"
"1986-Q3";"WMF";"T5";"29929.38154349"
"1986-Q3";"WMF";"T5S";"29929.38154349"
"1986-Q3";"WMF";"BBIP";"73039.87070098"
"1986-Q3";"WMF";"BBIPS";"73039.87070098"
"1986-Q3";"VVP";"PHPOE";"0.74602555"
"1986-Q3";"VVP";"S";"1.10805501"
"1986-Q3";"VVP";"T0";"0.8018614"
"1986-Q3";"VVP";"B";"1.36589639"
"1986-Q3";"VVP";"A";"5.76506584"
"1986-Q3";"VVP";"T1";"3.99859026"
"1986-Q3";"VVP";"T2";"-11.50688322"
"1986-Q3";"VVP";"WG0";"-2.73295307"
"1986-Q3";"VVP";"D0";"-3.82380987"
"1986-Q3";"VVP";"D0S";"-3.82380987"
"1986-Q3";"VVP";"T3";"-9.40383553"
"1986-Q3";"VVP";"T3S";"-9.40383553"
"1986-Q3";"VVP";"T4";"-8.81658077"
"1986-Q3";"VVP";"WG1";"-2.29608537"
"1986-Q3";"VVP";"D2";"-1.28546512"
"1986-Q3";"VVP";"D2S";"-1.28546512"
"1986-Q3";"VVP";"T5";"-7.38072961"
"1986-Q3";"VVP";"T5S";"-7.38072961"
"1986-Q3";"VVP";"BBIP";"0.41057938"
"1986-Q3";"VVP";"BBIPS";"0.41057938"
"1986-Q4";"WMF";"PHPOE";"41245.16151061"
"1986-Q4";"WMF";"S";"7534.66847869"
"1986-Q4";"WMF";"T0";"48779.8299893"
"1986-Q4";"WMF";"B";"9107.23664551"
"1986-Q4";"WMF";"A";"13619.97299549"
"1986-Q4";"WMF";"T1";"22727.20964101"
"1986-Q4";"WMF";"T2";"20274.3712857"
"1986-Q4";"WMF";"WG0";"16584.04466239"
"1986-Q4";"WMF";"D0";"8846.59491781"
"1986-Q4";"WMF";"D0S";"8846.59491781"
"1986-Q4";"WMF";"T3";"29120.96620351"
"1986-Q4";"WMF";"T3S";"29120.96620351"
"1986-Q4";"WMF";"T4";"25097.23511153"
"1986-Q4";"WMF";"WG1";"18163.31449713"
"1986-Q4";"WMF";"D2";"6163.85233096"
"1986-Q4";"WMF";"D2S";"6163.85233096"
"1986-Q4";"WMF";"T5";"31261.08744249"
"1986-Q4";"WMF";"T5S";"31261.08744249"
"1986-Q4";"WMF";"BBIP";"73276.45924528"
"1986-Q4";"WMF";"BBIPS";"73276.45924527"
"1986-Q4";"VVP";"PHPOE";"0.64421866"
"1986-Q4";"VVP";"S";"0.46276508"
"1986-Q4";"VVP";"T0";"0.61614804"
"1986-Q4";"VVP";"B";"1.56529536"
"1986-Q4";"VVP";"A";"-2.32310251"
"1986-Q4";"VVP";"T1";"-0.80125178"
"1986-Q4";"VVP";"T2";"-5.27024979"
"1986-Q4";"VVP";"WG0";"-4.29079185"
"1986-Q4";"VVP";"D0";"0.91230751"
"1986-Q4";"VVP";"D0S";"0.91230751"
"1986-Q4";"VVP";"T3";"-3.47369673"
"1986-Q4";"VVP";"T3S";"-3.47369673"
"1986-Q4";"VVP";"T4";"5.23988867"
"1986-Q4";"VVP";"WG1";"-3.90812083"
"1986-Q4";"VVP";"D2";"1.35020396"
"1986-Q4";"VVP";"D2S";"1.35020396"
"1986-Q4";"VVP";"T5";"4.44949354"
"1986-Q4";"VVP";"T5S";"4.44949354"
"1986-Q4";"VVP";"BBIP";"0.32391698"
"1986-Q4";"VVP";"BBIPS";"0.32391698"
"1987-Q1";"WMF";"PHPOE";"41676.29656014"
"1987-Q1";"WMF";"S";"7581.24798438"
"1987-Q1";"WMF";"T0";"49257.54454451"
"1987-Q1";"WMF";"B";"9199.66571861"
"1987-Q1";"WMF";"A";"13455.29281946"
"1987-Q1";"WMF";"T1";"22654.95853808"
"1987-Q1";"WMF";"T2";"20495.77154079"
"1987-Q1";"WMF";"WG0";"16721.78179131"
"1987-Q1";"WMF";"D0";"9048.16649544"
"1987-Q1";"WMF";"D0S";"9048.16649544"
"1987-Q1";"WMF";"T3";"29543.93803623"
"1987-Q1";"WMF";"T3S";"29543.93803623"
"1987-Q1";"WMF";"T4";"22425.40413478"
"1987-Q1";"WMF";"WG1";"18486.29227542"
"1987-Q1";"WMF";"D2";"6198.31301502"
"1987-Q1";"WMF";"D2S";"6198.31301502"
"1987-Q1";"WMF";"T5";"28623.7171498"
"1987-Q1";"WMF";"T5S";"28623.7171498"
"1987-Q1";"WMF";"BBIP";"73874.48075131"
"1987-Q1";"WMF";"BBIPS";"73874.48075128"
"1987-Q1";"VVP";"PHPOE";"1.04529849"
"1987-Q1";"VVP";"S";"0.61820246"
"1987-Q1";"VVP";"T0";"0.97932804"
"1987-Q1";"VVP";"B";"1.01489702"
"1987-Q1";"VVP";"A";"-1.20910795"
"1987-Q1";"VVP";"T1";"-0.31790574"
"1987-Q1";"VVP";"T2";"1.09202032"
"1987-Q1";"VVP";"WG0";"0.83054003"
"1987-Q1";"VVP";"D0";"2.27852162"
"1987-Q1";"VVP";"D0S";"2.27852162"
"1987-Q1";"VVP";"T3";"1.45246497"
"1987-Q1";"VVP";"T3S";"1.45246497"
"1987-Q1";"VVP";"T4";"-10.64591763"
"1987-Q1";"VVP";"WG1";"1.77818745"
"1987-Q1";"VVP";"D2";"0.55907705"
"1987-Q1";"VVP";"D2S";"0.55907705"
"1987-Q1";"VVP";"T5";"-8.43659165"
"1987-Q1";"VVP";"T5S";"-8.43659165"
"1987-Q1";"VVP";"BBIP";"0.81611682"
"1987-Q1";"VVP";"BBIPS";"0.81611682"
"1987-Q2";"WMF";"PHPOE";"42098.6144479"
"1987-Q2";"WMF";"S";"7630.45120515"
"1987-Q2";"WMF";"T0";"49729.06565304"
"1987-Q2";"WMF";"B";"9313.58727891"
"1987-Q2";"WMF";"A";"13902.1539152"
"1987-Q2";"WMF";"T1";"23215.74119411"
"1987-Q2";"WMF";"T2";"20488.49278607"
"1987-Q2";"WMF";"WG0";"16909.60398593"
"1987-Q2";"WMF";"D0";"9089.06498097"
"1987-Q2";"WMF";"D0S";"9089.06498097"
"1987-Q2";"WMF";"T3";"29577.55776704"
"1987-Q2";"WMF";"T3S";"29577.55776704"
"1987-Q2";"WMF";"T4";"23748.71476028"
"1987-Q2";"WMF";"WG1";"18827.66748181"
"1987-Q2";"WMF";"D2";"6353.54511981"
"1987-Q2";"WMF";"D2S";"6353.54511981"
"1987-Q2";"WMF";"T5";"30102.25988009"
"1987-Q2";"WMF";"T5S";"30102.25988009"
"1987-Q2";"WMF";"BBIP";"74597.71255987"
"1987-Q2";"WMF";"BBIPS";"74597.71255985"
"1987-Q2";"VVP";"PHPOE";"1.01332873"
"1987-Q2";"VVP";"S";"0.64901215"
"1987-Q2";"VVP";"T0";"0.95725663"
"1987-Q2";"VVP";"B";"1.23832282"
"1987-Q2";"VVP";"A";"3.32108042"
"1987-Q2";"VVP";"T1";"2.47531972"
"1987-Q2";"VVP";"T2";"-0.03551345"
"1987-Q2";"VVP";"WG0";"1.12321879"
"1987-Q2";"VVP";"D0";"0.45200854"
"1987-Q2";"VVP";"D0S";"0.45200854"
"1987-Q2";"VVP";"T3";"0.1137957"
"1987-Q2";"VVP";"T3S";"0.1137957"
"1987-Q2";"VVP";"T4";"5.90094438"
"1987-Q2";"VVP";"WG1";"1.84663967"
"1987-Q2";"VVP";"D2";"2.50442507"
"1987-Q2";"VVP";"D2S";"2.50442507"
"1987-Q2";"VVP";"T5";"5.16544627"
"1987-Q2";"VVP";"T5S";"5.16544627"
"1987-Q2";"VVP";"BBIP";"0.97900087"
"1987-Q2";"VVP";"BBIPS";"0.97900087"
"1987-Q3";"WMF";"PHPOE";"42440.65963395"
"1987-Q3";"WMF";"S";"7692.79655545"
"1987-Q3";"WMF";"T0";"50133.4561894"
"1987-Q3";"WMF";"B";"9481.80068649"
"1987-Q3";"WMF";"A";"14042.39832943"
"1987-Q3";"WMF";"T1";"23524.19901592"
"1987-Q3";"WMF";"T2";"20819.36521078"
"1987-Q3";"WMF";"WG0";"17388.00054938"
"1987-Q3";"WMF";"D0";"9692.13058362"
"1987-Q3";"WMF";"D0S";"9692.13058362"
"1987-Q3";"WMF";"T3";"30511.4957944"
"1987-Q3";"WMF";"T3S";"30511.4957944"
"1987-Q3";"WMF";"T4";"22354.10770217"
"1987-Q3";"WMF";"WG1";"19388.50831222"
"1987-Q3";"WMF";"D2";"6452.42668007"
"1987-Q3";"WMF";"D2S";"6452.42668007"
"1987-Q3";"WMF";"T5";"28806.53438223"
"1987-Q3";"WMF";"T5S";"28806.53438223"
"1987-Q3";"WMF";"BBIP";"75955.3125799"
"1987-Q3";"WMF";"BBIPS";"75955.3125799"
"1987-Q3";"VVP";"PHPOE";"0.81248561"
"1987-Q3";"VVP";"S";"0.81705981"
"1987-Q3";"VVP";"T0";"0.81318748"
"1987-Q3";"VVP";"B";"1.8061076"
"1987-Q3";"VVP";"A";"1.0087963"
"1987-Q3";"VVP";"T1";"1.32865808"
"1987-Q3";"VVP";"T2";"1.61491833"
"1987-Q3";"VVP";"WG0";"2.82914114"
"1987-Q3";"VVP";"D0";"6.63506757"
"1987-Q3";"VVP";"D0S";"6.63506757"
"1987-Q3";"VVP";"T3";"3.15759007"
"1987-Q3";"VVP";"T3S";"3.15759007"
"1987-Q3";"VVP";"T4";"-5.8723475"
"1987-Q3";"VVP";"WG1";"2.97881206"
"1987-Q3";"VVP";"D2";"1.55632105"
"1987-Q3";"VVP";"D2S";"1.55632105"
"1987-Q3";"VVP";"T5";"-4.3044127"
"1987-Q3";"VVP";"T5S";"-4.3044127"
"1987-Q3";"VVP";"BBIP";"1.81989497"
"1987-Q3";"VVP";"BBIPS";"1.81989497"
"1987-Q4";"WMF";"PHPOE";"42924.94064839"
"1987-Q4";"WMF";"S";"7832.4275482"
"1987-Q4";"WMF";"T0";"50757.36819659"
"1987-Q4";"WMF";"B";"9685.08353963"
"1987-Q4";"WMF";"A";"14680.86339734"
"1987-Q4";"WMF";"T1";"24365.94693697"
"1987-Q4";"WMF";"T2";"22722.91360592"
"1987-Q4";"WMF";"WG0";"18489.75681695"
"1987-Q4";"WMF";"D0";"9312.67588807"
"1987-Q4";"WMF";"D0S";"9312.67588807"
"1987-Q4";"WMF";"T3";"32035.58949399"
"1987-Q4";"WMF";"T3S";"32035.58949399"
"1987-Q4";"WMF";"T4";"25066.89569137"
"1987-Q4";"WMF";"WG1";"20096.87800314"
"1987-Q4";"WMF";"D2";"6649.29650792"
"1987-Q4";"WMF";"D2S";"6649.29650792"
"1987-Q4";"WMF";"T5";"31716.1921993"
"1987-Q4";"WMF";"T5S";"31716.1921993"
"1987-Q4";"WMF";"BBIP";"77205.02609832"
"1987-Q4";"WMF";"BBIPS";"77205.02609836"
"1987-Q4";"VVP";"PHPOE";"1.14107796"
"1987-Q4";"VVP";"S";"1.81508755"
"1987-Q4";"VVP";"T0";"1.24450228"
"1987-Q4";"VVP";"B";"2.14392666"
"1987-Q4";"VVP";"A";"4.54669532"
"1987-Q4";"VVP";"T1";"3.57822139"
"1987-Q4";"VVP";"T2";"9.14316251"
"1987-Q4";"VVP";"WG0";"6.33630224"
"1987-Q4";"VVP";"D0";"-3.9150803"
"1987-Q4";"VVP";"D0S";"-3.9150803"
"1987-Q4";"VVP";"T3";"4.9951458"
"1987-Q4";"VVP";"T3S";"4.9951458"
"1987-Q4";"VVP";"T4";"12.13552348"
"1987-Q4";"VVP";"WG1";"3.65355436"
"1987-Q4";"VVP";"D2";"3.05109748"
"1987-Q4";"VVP";"D2S";"3.05109748"
"1987-Q4";"VVP";"T5";"10.1006868"
"1987-Q4";"VVP";"T5S";"10.1006868"
"1987-Q4";"VVP";"BBIP";"1.64532733"
"1987-Q4";"VVP";"BBIPS";"1.64532733"
"1988-Q1";"WMF";"PHPOE";"43279.77534717"
"1988-Q1";"WMF";"S";"7981.80048628"
"1988-Q1";"WMF";"T0";"51261.57583345"
"1988-Q1";"WMF";"B";"9986.01832135"
"1988-Q1";"WMF";"A";"14993.2702999"
"1988-Q1";"WMF";"T1";"24979.28862125"
"1988-Q1";"WMF";"T2";"22847.54049045"
"1988-Q1";"WMF";"WG0";"18267.73666922"
"1988-Q1";"WMF";"D0";"9527.89748889"
"1988-Q1";"WMF";"D0S";"9527.89748889"
"1988-Q1";"WMF";"T3";"32375.43797934"
"1988-Q1";"WMF";"T3S";"32375.43797934"
"1988-Q1";"WMF";"T4";"23720.52845093"
"1988-Q1";"WMF";"WG1";"19834.61771126"
"1988-Q1";"WMF";"D2";"6806.25478464"
"1988-Q1";"WMF";"D2S";"6806.25478464"
"1988-Q1";"WMF";"T5";"30526.78323557"
"1988-Q1";"WMF";"T5S";"30526.78323557"
"1988-Q1";"WMF";"BBIP";"77934.38235341"
"1988-Q1";"WMF";"BBIPS";"77934.38235352"
"1988-Q1";"VVP";"PHPOE";"0.82663993"
"1988-Q1";"VVP";"S";"1.90710909"
"1988-Q1";"VVP";"T0";"0.99336836"
"1988-Q1";"VVP";"B";"3.10719862"
"1988-Q1";"VVP";"A";"2.12798726"
"1988-Q1";"VVP";"T1";"2.51720849"
"1988-Q1";"VVP";"T2";"0.54846349"
"1988-Q1";"VVP";"WG0";"-1.20077376"
"1988-Q1";"VVP";"D0";"2.31106079"
"1988-Q1";"VVP";"D0S";"2.31106079"
"1988-Q1";"VVP";"T3";"1.06084667"
"1988-Q1";"VVP";"T3S";"1.06084667"
"1988-Q1";"VVP";"T4";"-5.37109683"
"1988-Q1";"VVP";"WG1";"-1.30498027"
"1988-Q1";"VVP";"D2";"2.36052455"
"1988-Q1";"VVP";"D2S";"2.36052455"
"1988-Q1";"VVP";"T5";"-3.75016319"
"1988-Q1";"VVP";"T5S";"-3.75016319"
"1988-Q1";"VVP";"BBIP";"0.94470048"
"1988-Q1";"VVP";"BBIPS";"0.94470048"
"1988-Q2";"WMF";"PHPOE";"43578.29482605"
"1988-Q2";"WMF";"S";"8206.71366791"
"1988-Q2";"WMF";"T0";"51785.00849395"
"1988-Q2";"WMF";"B";"10376.47965272"
"1988-Q2";"WMF";"A";"15542.55863722"
"1988-Q2";"WMF";"T1";"25919.03828993"
"1988-Q2";"WMF";"T2";"22041.71325649"
"1988-Q2";"WMF";"WG0";"18519.17994221"
"1988-Q2";"WMF";"D0";"9509.09985275"
"1988-Q2";"WMF";"D0S";"9509.09985275"
"1988-Q2";"WMF";"T3";"31550.81310924"
"1988-Q2";"WMF";"T3S";"31550.81310924"
"1988-Q2";"WMF";"T4";"23599.73518837"
"1988-Q2";"WMF";"WG1";"20540.57546536"
"1988-Q2";"WMF";"D2";"6979.66416791"
"1988-Q2";"WMF";"D2S";"6979.66416791"
"1988-Q2";"WMF";"T5";"30579.39935628"
"1988-Q2";"WMF";"T5S";"30579.39935628"
"1988-Q2";"WMF";"BBIP";"78945.9702215"
"1988-Q2";"WMF";"BBIPS";"78945.97022159"
"1988-Q2";"VVP";"PHPOE";"0.6897436"
"1988-Q2";"VVP";"S";"2.81782515"
"1988-Q2";"VVP";"T0";"1.02110138"
"1988-Q2";"VVP";"B";"3.91008026"
"1988-Q2";"VVP";"A";"3.6635659"
"1988-Q2";"VVP";"T1";"3.76211542"
"1988-Q2";"VVP";"T2";"-3.52697584"
"1988-Q2";"VVP";"WG0";"1.37643364"
"1988-Q2";"VVP";"D0";"-0.1972905"
"1988-Q2";"VVP";"D0S";"-0.1972905"
"1988-Q2";"VVP";"T3";"-2.54706939"
"1988-Q2";"VVP";"T3S";"-2.54706939"
"1988-Q2";"VVP";"T4";"-0.50923512"
"1988-Q2";"VVP";"WG1";"3.55922037"
"1988-Q2";"VVP";"D2";"2.54779447"
"1988-Q2";"VVP";"D2S";"2.54779447"
"1988-Q2";"VVP";"T5";"0.17236051"
"1988-Q2";"VVP";"T5S";"0.17236051"
"1988-Q2";"VVP";"BBIP";"1.29799947"
"1988-Q2";"VVP";"BBIPS";"1.29799947"
"1988-Q3";"WMF";"PHPOE";"44174.67565289"
"1988-Q3";"WMF";"S";"8395.41332089"
"1988-Q3";"WMF";"T0";"52570.08897378"
"1988-Q3";"WMF";"B";"10704.59898326"
"1988-Q3";"WMF";"A";"16154.3361205"
"1988-Q3";"WMF";"T1";"26858.93510376"
"1988-Q3";"WMF";"T2";"23902.65738337"
"1988-Q3";"WMF";"WG0";"19353.28771565"
"1988-Q3";"WMF";"D0";"9760.26198088"
"1988-Q3";"WMF";"D0S";"9760.26198088"
"1988-Q3";"WMF";"T3";"33662.91936425"
"1988-Q3";"WMF";"T3S";"33662.91936425"
"1988-Q3";"WMF";"T4";"26667.88948205"
"1988-Q3";"WMF";"WG1";"21495.80902598"
"1988-Q3";"WMF";"D2";"7227.49421975"
"1988-Q3";"WMF";"D2S";"7227.49421975"
"1988-Q3";"WMF";"T5";"33895.3837018"
"1988-Q3";"WMF";"T5S";"33895.3837018"
"1988-Q3";"WMF";"BBIP";"80468.05447927"
"1988-Q3";"WMF";"BBIPS";"80468.05447927"
"1988-Q3";"VVP";"PHPOE";"1.36852722"
"1988-Q3";"VVP";"S";"2.29933272"
"1988-Q3";"VVP";"T0";"1.51603814"
"1988-Q3";"VVP";"B";"3.16214498"
"1988-Q3";"VVP";"A";"3.93614396"
"1988-Q3";"VVP";"T1";"3.62627966"
"1988-Q3";"VVP";"T2";"8.44282885"
"1988-Q3";"VVP";"WG0";"4.50402111"
"1988-Q3";"VVP";"D0";"2.64128185"
"1988-Q3";"VVP";"D0S";"2.64128185"
"1988-Q3";"VVP";"T3";"6.69430055"
"1988-Q3";"VVP";"T3S";"6.69430055"
"1988-Q3";"VVP";"T4";"13.00079967"
"1988-Q3";"VVP";"WG1";"4.65047127"
"1988-Q3";"VVP";"D2";"3.55074465"
"1988-Q3";"VVP";"D2S";"3.55074465"
"1988-Q3";"VVP";"T5";"10.84385049"
"1988-Q3";"VVP";"T5S";"10.84385049"
"1988-Q3";"VVP";"BBIP";"1.92800754"
"1988-Q3";"VVP";"BBIPS";"1.92800754"
"1988-Q4";"WMF";"PHPOE";"44753.84032297"
"1988-Q4";"WMF";"S";"8655.86250189"
"1988-Q4";"WMF";"T0";"53409.70282486"
"1988-Q4";"WMF";"B";"11029.82819938"
"1988-Q4";"WMF";"A";"16338.52227329"
"1988-Q4";"WMF";"T1";"27368.35047268"
"1988-Q4";"WMF";"T2";"25303.15501935"
"1988-Q4";"WMF";"WG0";"20165.4618226"
"1988-Q4";"WMF";"D0";"9991.11742737"
"1988-Q4";"WMF";"D0S";"9991.11742737"
"1988-Q4";"WMF";"T3";"35294.27244672"
"1988-Q4";"WMF";"T3S";"35294.27244672"
"1988-Q4";"WMF";"T4";"28001.91468383"
"1988-Q4";"WMF";"WG1";"22031.82189259"
"1988-Q4";"WMF";"D2";"7406.75638085"
"1988-Q4";"WMF";"D2S";"7406.75638085"
"1988-Q4";"WMF";"T5";"35408.67106467"
"1988-Q4";"WMF";"T5S";"35408.67106467"
"1988-Q4";"WMF";"BBIP";"82522.67524716"
"1988-Q4";"WMF";"BBIPS";"82522.67524697"
"1988-Q4";"VVP";"PHPOE";"1.31107849"
"1988-Q4";"VVP";"S";"3.10227944"
"1988-Q4";"VVP";"T0";"1.59713226"
"1988-Q4";"VVP";"B";"3.03821952"
"1988-Q4";"VVP";"A";"1.14016541"
"1988-Q4";"VVP";"T1";"1.89663279"
"1988-Q4";"VVP";"T2";"5.85917128"
"1988-Q4";"VVP";"WG0";"4.19656918"
"1988-Q4";"VVP";"D0";"2.36525871"
"1988-Q4";"VVP";"D0S";"2.36525871"
"1988-Q4";"VVP";"T3";"4.84614262"
"1988-Q4";"VVP";"T3S";"4.84614262"
"1988-Q4";"VVP";"T4";"5.00236512"
"1988-Q4";"VVP";"WG1";"2.49356917"
"1988-Q4";"VVP";"D2";"2.48028093"
"1988-Q4";"VVP";"D2S";"2.48028093"
"1988-Q4";"VVP";"T5";"4.46458248"
"1988-Q4";"VVP";"T5S";"4.46458248"
"1988-Q4";"VVP";"BBIP";"2.5533372"
"1988-Q4";"VVP";"BBIPS";"2.5533372"
"1989-Q1";"WMF";"PHPOE";"45324.55260135"
"1989-Q1";"WMF";"S";"8947.86819306"
"1989-Q1";"WMF";"T0";"54272.42079441"
"1989-Q1";"WMF";"B";"11410.95179411"
"1989-Q1";"WMF";"A";"16550.5088116"
"1989-Q1";"WMF";"T1";"27961.46060571"
"1989-Q1";"WMF";"T2";"26583.71561115"
"1989-Q1";"WMF";"WG0";"20750.96035823"
"1989-Q1";"WMF";"D0";"10183.69967511"
"1989-Q1";"WMF";"D0S";"10183.69967511"
"1989-Q1";"WMF";"T3";"36767.41528626"
"1989-Q1";"WMF";"T3S";"36767.41528626"
"1989-Q1";"WMF";"T4";"27013.48117099"
"1989-Q1";"WMF";"WG1";"22820.57842328"
"1989-Q1";"WMF";"D2";"7654.45426971"
"1989-Q1";"WMF";"D2S";"7654.45426971"
"1989-Q1";"WMF";"T5";"34667.9354407"
"1989-Q1";"WMF";"T5S";"34667.9354407"
"1989-Q1";"WMF";"BBIP";"83631.88041851"
"1989-Q1";"WMF";"BBIPS";"83631.88041802"
"1989-Q1";"VVP";"PHPOE";"1.27522526"
"1989-Q1";"VVP";"S";"3.37350196"
"1989-Q1";"VVP";"T0";"1.61528322"
"1989-Q1";"VVP";"B";"3.45539013"
"1989-Q1";"VVP";"A";"1.29746457"
"1989-Q1";"VVP";"T1";"2.16713877"
"1989-Q1";"VVP";"T2";"5.0608732"
"1989-Q1";"VVP";"WG0";"2.90347199"
"1989-Q1";"VVP";"D0";"1.92753462"
"1989-Q1";"VVP";"D0S";"1.92753462"
"1989-Q1";"VVP";"T3";"4.17388641"
"1989-Q1";"VVP";"T3S";"4.17388641"
"1989-Q1";"VVP";"T4";"-3.52987831"
"1989-Q1";"VVP";"WG1";"3.58007855"
"1989-Q1";"VVP";"D2";"3.34421542"
"1989-Q1";"VVP";"D2S";"3.34421542"
"1989-Q1";"VVP";"T5";"-2.0919611"
"1989-Q1";"VVP";"T5S";"-2.0919611"
"1989-Q1";"VVP";"BBIP";"1.34412168"
"1989-Q1";"VVP";"BBIPS";"1.34412168"
"1989-Q2";"WMF";"PHPOE";"46206.35668962"
"1989-Q2";"WMF";"S";"9187.34000753"
"1989-Q2";"WMF";"T0";"55393.69669715"
"1989-Q2";"WMF";"B";"11650.42585302"
"1989-Q2";"WMF";"A";"17005.48274739"
"1989-Q2";"WMF";"T1";"28655.90860041"
"1989-Q2";"WMF";"T2";"27821.61887538"
"1989-Q2";"WMF";"WG0";"22073.68589918"
"1989-Q2";"WMF";"D0";"10612.41077593"
"1989-Q2";"WMF";"D0S";"10612.41077593"
"1989-Q2";"WMF";"T3";"38434.02965131"
"1989-Q2";"WMF";"T3S";"38434.02965131"
"1989-Q2";"WMF";"T4";"30481.41682048"
"1989-Q2";"WMF";"WG1";"24775.60588595"
"1989-Q2";"WMF";"D2";"7816.90356714"
"1989-Q2";"WMF";"D2S";"7816.90356714"
"1989-Q2";"WMF";"T5";"38298.32038761"
"1989-Q2";"WMF";"T5S";"38298.32038761"
"1989-Q2";"WMF";"BBIP";"85814.32872766"
"1989-Q2";"WMF";"BBIPS";"85814.32872723"
"1989-Q2";"VVP";"PHPOE";"1.94553291"
"1989-Q2";"VVP";"S";"2.6763002"
"1989-Q2";"VVP";"T0";"2.06601417"
"1989-Q2";"VVP";"B";"2.09863352"
"1989-Q2";"VVP";"A";"2.74900271"
"1989-Q2";"VVP";"T1";"2.48358984"
"1989-Q2";"VVP";"T2";"4.65662243"
"1989-Q2";"VVP";"WG0";"6.3742859"
"1989-Q2";"VVP";"D0";"4.20977753"
"1989-Q2";"VVP";"D0S";"4.20977753"
"1989-Q2";"VVP";"T3";"4.53285702"
"1989-Q2";"VVP";"T3S";"4.53285702"
"1989-Q2";"VVP";"T4";"12.83779616"
"1989-Q2";"VVP";"WG1";"8.56694965"
"1989-Q2";"VVP";"D2";"2.12228451"
"1989-Q2";"VVP";"D2S";"2.12228451"
"1989-Q2";"VVP";"T5";"10.47188101"
"1989-Q2";"VVP";"T5S";"10.47188101"
"1989-Q2";"VVP";"BBIP";"2.60958895"
"1989-Q2";"VVP";"BBIPS";"2.60958895"
"1989-Q3";"WMF";"PHPOE";"46805.69127401"
"1989-Q3";"WMF";"S";"9506.00771188"
"1989-Q3";"WMF";"T0";"56311.69898589"
"1989-Q3";"WMF";"B";"11974.79190684"
"1989-Q3";"WMF";"A";"16977.54404982"
"1989-Q3";"WMF";"T1";"28952.33595666"
"1989-Q3";"WMF";"T2";"27388.28777322"
"1989-Q3";"WMF";"WG0";"21663.91055892"
"1989-Q3";"WMF";"D0";"10703.20360438"
"1989-Q3";"WMF";"D0S";"10703.20360438"
"1989-Q3";"WMF";"T3";"38091.4913776"
"1989-Q3";"WMF";"T3S";"38091.4913776"
"1989-Q3";"WMF";"T4";"30105.74730503"
"1989-Q3";"WMF";"WG1";"24093.71465966"
"1989-Q3";"WMF";"D2";"7887.93527802"
"1989-Q3";"WMF";"D2S";"7887.93527802"
"1989-Q3";"WMF";"T5";"37993.68258305"
"1989-Q3";"WMF";"T5S";"37993.68258305"
"1989-Q3";"WMF";"BBIP";"87264.57343268"
"1989-Q3";"WMF";"BBIPS";"87264.57343271"
"1989-Q3";"VVP";"PHPOE";"1.29708254"
"1989-Q3";"VVP";"S";"3.46855242"
"1989-Q3";"VVP";"T0";"1.6572324"
"1989-Q3";"VVP";"B";"2.7841562"
"1989-Q3";"VVP";"A";"-0.16429229"
"1989-Q3";"VVP";"T1";"1.03443712"
"1989-Q3";"VVP";"T2";"-1.55753374"
"1989-Q3";"VVP";"WG0";"-1.85639744"
"1989-Q3";"VVP";"D0";"0.85553443"
"1989-Q3";"VVP";"D0S";"0.85553443"
"1989-Q3";"VVP";"T3";"-0.89123695"
"1989-Q3";"VVP";"T3S";"-0.89123695"
"1989-Q3";"VVP";"T4";"-1.23245424"
"1989-Q3";"VVP";"WG1";"-2.75226862"
"1989-Q3";"VVP";"D2";"0.90869371"
"1989-Q3";"VVP";"D2S";"0.90869371"
"1989-Q3";"VVP";"T5";"-0.79543385"
"1989-Q3";"VVP";"T5S";"-0.79543385"
"1989-Q3";"VVP";"BBIP";"1.68997966"
"1989-Q3";"VVP";"BBIPS";"1.68997967"
"1989-Q4";"WMF";"PHPOE";"47572.25909558"
"1989-Q4";"WMF";"S";"9715.08633113"
"1989-Q4";"WMF";"T0";"57287.34542671"
"1989-Q4";"WMF";"B";"12191.19993934"
"1989-Q4";"WMF";"A";"17543.99663918"
"1989-Q4";"WMF";"T1";"29735.19657852"
"1989-Q4";"WMF";"T2";"27908.93498196"
"1989-Q4";"WMF";"WG0";"22400.90042537"
"1989-Q4";"WMF";"D0";"10559.78115792"
"1989-Q4";"WMF";"D0S";"10559.78115792"
"1989-Q4";"WMF";"T3";"38468.71613988"
"1989-Q4";"WMF";"T3S";"38468.71613988"
"1989-Q4";"WMF";"T4";"30388.13174489"
"1989-Q4";"WMF";"WG1";"25222.6724725"
"1989-Q4";"WMF";"D2";"7940.18690756"
"1989-Q4";"WMF";"D2S";"7940.18690756"
"1989-Q4";"WMF";"T5";"38328.31865245"
"1989-Q4";"WMF";"T5S";"38328.31865245"
"1989-Q4";"WMF";"BBIP";"88956.94531393"
"1989-Q4";"WMF";"BBIPS";"88956.94531483"
"1989-Q4";"VVP";"PHPOE";"1.63776626"
"1989-Q4";"VVP";"S";"2.19943667"
"1989-Q4";"VVP";"T0";"1.73258214"
"1989-Q4";"VVP";"B";"1.8071966"
"1989-Q4";"VVP";"A";"3.33648134"
"1989-Q4";"VVP";"T1";"2.70396359"
"1989-Q4";"VVP";"T2";"1.90098488"
"1989-Q4";"VVP";"WG0";"3.40192443"
"1989-Q4";"VVP";"D0";"-1.3399955"
"1989-Q4";"VVP";"D0S";"-1.3399955"
"1989-Q4";"VVP";"T3";"0.9903124"
"1989-Q4";"VVP";"T3S";"0.9903124"
"1989-Q4";"VVP";"T4";"0.93797519"
"1989-Q4";"VVP";"WG1";"4.68569429"
"1989-Q4";"VVP";"D2";"0.66242467"
"1989-Q4";"VVP";"D2S";"0.66242467"
"1989-Q4";"VVP";"T5";"0.88076766"
"1989-Q4";"VVP";"T5S";"0.88076766"
"1989-Q4";"VVP";"BBIP";"1.93935731"
"1989-Q4";"VVP";"BBIPS";"1.93935731"
"1990-Q1";"WMF";"PHPOE";"48614.86235487"
"1990-Q1";"WMF";"S";"9924.42871302"
"1990-Q1";"WMF";"T0";"58539.29106789"
"1990-Q1";"WMF";"B";"12499.34837514"
"1990-Q1";"WMF";"A";"18024.40259126"
"1990-Q1";"WMF";"T1";"30523.7509664"
"1990-Q1";"WMF";"T2";"28610.42432223"
"1990-Q1";"WMF";"WG0";"23555.6790822"
"1990-Q1";"WMF";"D0";"10475.79489545"
"1990-Q1";"WMF";"D0S";"10475.79489545"
"1990-Q1";"WMF";"T3";"39086.21921768"
"1990-Q1";"WMF";"T3S";"39086.21921768"
"1990-Q1";"WMF";"T4";"30863.65391325"
"1990-Q1";"WMF";"WG1";"25925.27265346"
"1990-Q1";"WMF";"D2";"8012.10727998"
"1990-Q1";"WMF";"D2S";"8012.10727998"
"1990-Q1";"WMF";"T5";"38875.76119323"
"1990-Q1";"WMF";"T5S";"38875.76119323"
"1990-Q1";"WMF";"BBIP";"91808.98885269"
"1990-Q1";"WMF";"BBIPS";"91808.98885484"
"1990-Q1";"VVP";"PHPOE";"2.19162024"
"1990-Q1";"VVP";"S";"2.15481752"
"1990-Q1";"VVP";"T0";"2.18537904"
"1990-Q1";"VVP";"B";"2.52763007"
"1990-Q1";"VVP";"A";"2.73829255"
"1990-Q1";"VVP";"T1";"2.65192257"
"1990-Q1";"VVP";"T2";"2.51349376"
"1990-Q1";"VVP";"WG0";"5.15505464"
"1990-Q1";"VVP";"D0";"-0.79534094"
"1990-Q1";"VVP";"D0S";"-0.79534094"
"1990-Q1";"VVP";"T3";"1.60520844"
"1990-Q1";"VVP";"T3S";"1.60520844"
"1990-Q1";"VVP";"T4";"1.56482857"
"1990-Q1";"VVP";"WG1";"2.78558976"
"1990-Q1";"VVP";"D2";"0.90577682"
"1990-Q1";"VVP";"D2S";"0.90577682"
"1990-Q1";"VVP";"T5";"1.42829782"
"1990-Q1";"VVP";"T5S";"1.42829782"
"1990-Q1";"VVP";"BBIP";"3.20609428"
"1990-Q1";"VVP";"BBIPS";"3.20609429"
"1990-Q2";"WMF";"PHPOE";"49087.05915491"
"1990-Q2";"WMF";"S";"10128.32889584"
"1990-Q2";"WMF";"T0";"59215.38805075"
"1990-Q2";"WMF";"B";"12628.32212337"
"1990-Q2";"WMF";"A";"18117.91458757"
"1990-Q2";"WMF";"T1";"30746.23671094"
"1990-Q2";"WMF";"T2";"28534.2507811"
"1990-Q2";"WMF";"WG0";"22675.06323819"
"1990-Q2";"WMF";"D0";"10410.39319831"
"1990-Q2";"WMF";"D0S";"10410.39319831"
"1990-Q2";"WMF";"T3";"38944.64397941"
"1990-Q2";"WMF";"T3S";"38944.64397941"
"1990-Q2";"WMF";"T4";"32368.33919876"
"1990-Q2";"WMF";"WG1";"24758.55309402"
"1990-Q2";"WMF";"D2";"8037.80892217"
"1990-Q2";"WMF";"D2S";"8037.80892217"
"1990-Q2";"WMF";"T5";"40406.14812093"
"1990-Q2";"WMF";"T5S";"40406.14812093"
"1990-Q2";"WMF";"BBIP";"93393.79518279"
"1990-Q2";"WMF";"BBIPS";"93393.79518462"
"1990-Q2";"VVP";"PHPOE";"0.97130132"
"1990-Q2";"VVP";"S";"2.05452816"
"1990-Q2";"VVP";"T0";"1.15494563"
"1990-Q2";"VVP";"B";"1.03184378"
"1990-Q2";"VVP";"A";"0.51880774"
"1990-Q2";"VVP";"T1";"0.72889385"
"1990-Q2";"VVP";"T2";"-0.26624401"
"1990-Q2";"VVP";"WG0";"-3.73844388"
"1990-Q2";"VVP";"D0";"-0.6243125"
"1990-Q2";"VVP";"D0S";"-0.6243125"
"1990-Q2";"VVP";"T3";"-0.36221267"
"1990-Q2";"VVP";"T3S";"-0.36221267"
"1990-Q2";"VVP";"T4";"4.87526619"
"1990-Q2";"VVP";"WG1";"-4.50031741"
"1990-Q2";"VVP";"D2";"0.32078505"
"1990-Q2";"VVP";"D2S";"0.32078505"
"1990-Q2";"VVP";"T5";"3.93660955"
"1990-Q2";"VVP";"T5S";"3.93660955"
"1990-Q2";"VVP";"BBIP";"1.72619953"
"1990-Q2";"VVP";"BBIPS";"1.72619953"
"1990-Q3";"WMF";"PHPOE";"50043.20450412"
"1990-Q3";"WMF";"S";"10359.94498109"
"1990-Q3";"WMF";"T0";"60403.14948521"
"1990-Q3";"WMF";"B";"12676.56351535"
"1990-Q3";"WMF";"A";"18246.29318771"
"1990-Q3";"WMF";"T1";"30922.85670306"
"1990-Q3";"WMF";"T2";"26611.4035171"
"1990-Q3";"WMF";"WG0";"22407.09329545"
"1990-Q3";"WMF";"D0";"10349.93618025"
"1990-Q3";"WMF";"D0S";"10349.93618025"
"1990-Q3";"WMF";"T3";"36961.33969735"
"1990-Q3";"WMF";"T3S";"36961.33969735"
"1990-Q3";"WMF";"T4";"28413.97693317"
"1990-Q3";"WMF";"WG1";"24249.28271472"
"1990-Q3";"WMF";"D2";"7967.30393554"
"1990-Q3";"WMF";"D2S";"7967.30393554"
"1990-Q3";"WMF";"T5";"36381.2808687"
"1990-Q3";"WMF";"T5S";"36381.2808687"
"1990-Q3";"WMF";"BBIP";"94439.24413885"
"1990-Q3";"WMF";"BBIPS";"94439.24413883"
"1990-Q3";"VVP";"PHPOE";"1.94785625"
"1990-Q3";"VVP";"S";"2.28681442"
"1990-Q3";"VVP";"T0";"2.00583239"
"1990-Q3";"VVP";"B";"0.38200951"
"1990-Q3";"VVP";"A";"0.70857272"
"1990-Q3";"VVP";"T1";"0.57444426"
"1990-Q3";"VVP";"T2";"-6.73873402"
"1990-Q3";"VVP";"WG0";"-1.18178256"
"1990-Q3";"VVP";"D0";"-0.58073712"
"1990-Q3";"VVP";"D0S";"-0.58073712"
"1990-Q3";"VVP";"T3";"-5.09262399"
"1990-Q3";"VVP";"T3S";"-5.09262399"
"1990-Q3";"VVP";"T4";"-12.21675984"
"1990-Q3";"VVP";"WG1";"-2.05694726"
"1990-Q3";"VVP";"D2";"-0.87716674"
"1990-Q3";"VVP";"D2S";"-0.87716674"
"1990-Q3";"VVP";"T5";"-9.96102682"
"1990-Q3";"VVP";"T5S";"-9.96102682"
"1990-Q3";"VVP";"BBIP";"1.11939873"
"1990-Q3";"VVP";"BBIPS";"1.11939873"
"1990-Q4";"WMF";"PHPOE";"51081.09504542"
"1990-Q4";"WMF";"S";"10662.08657284"
"1990-Q4";"WMF";"T0";"61743.18161826"
"1990-Q4";"WMF";"B";"12615.92682283"
"1990-Q4";"WMF";"A";"18154.01267591"
"1990-Q4";"WMF";"T1";"30769.93949874"
"1990-Q4";"WMF";"T2";"26718.17057413"
"1990-Q4";"WMF";"WG0";"22365.31357872"
"1990-Q4";"WMF";"D0";"10197.81841018"
"1990-Q4";"WMF";"D0S";"10197.81841018"
"1990-Q4";"WMF";"T3";"36915.98898431"
"1990-Q4";"WMF";"T3S";"36915.98898431"
"1990-Q4";"WMF";"T4";"29064.06657898"
"1990-Q4";"WMF";"WG1";"23939.75955996"
"1990-Q4";"WMF";"D2";"8078.29569814"
"1990-Q4";"WMF";"D2S";"8078.29569814"
"1990-Q4";"WMF";"T5";"37142.36227712"
"1990-Q4";"WMF";"T5S";"37142.36227712"
"1990-Q4";"WMF";"BBIP";"95256.88100253"
"1990-Q4";"WMF";"BBIPS";"95256.88099856"
"1990-Q4";"VVP";"PHPOE";"2.07398897"
"1990-Q4";"VVP";"S";"2.91644012"
"1990-Q4";"VVP";"T0";"2.21848057"
"1990-Q4";"VVP";"B";"-0.47833699"
"1990-Q4";"VVP";"A";"-0.50574936"
"1990-Q4";"VVP";"T1";"-0.49451189"
"1990-Q4";"VVP";"T2";"0.40120791"
"1990-Q4";"VVP";"WG0";"-0.18645755"
"1990-Q4";"VVP";"D0";"-1.46974597"
"1990-Q4";"VVP";"D0S";"-1.46974597"
"1990-Q4";"VVP";"T3";"-0.1226977"
"1990-Q4";"VVP";"T3S";"-0.1226977"
"1990-Q4";"VVP";"T4";"2.28792206"
"1990-Q4";"VVP";"WG1";"-1.2764219"
"1990-Q4";"VVP";"D2";"1.39309061"
"1990-Q4";"VVP";"D2S";"1.39309061"
"1990-Q4";"VVP";"T5";"2.0919588"
"1990-Q4";"VVP";"T5S";"2.0919588"
"1990-Q4";"VVP";"BBIP";"0.86578082"
"1990-Q4";"VVP";"BBIPS";"0.86578082"
"1991-Q1";"WMF";"PHPOE";"51944.00513626"
"1991-Q1";"WMF";"S";"10921.05006274"
"1991-Q1";"WMF";"T0";"62865.055199"
"1991-Q1";"WMF";"B";"12548.07630488"
"1991-Q1";"WMF";"A";"18527.17194832"
"1991-Q1";"WMF";"T1";"31075.2482532"
"1991-Q1";"WMF";"T2";"27340.03497081"
"1991-Q1";"WMF";"WG0";"22119.63130102"
"1991-Q1";"WMF";"D0";"10809.83954614"
"1991-Q1";"WMF";"D0S";"10809.83954614"
"1991-Q1";"WMF";"T3";"38149.87451695"
"1991-Q1";"WMF";"T3S";"38149.87451695"
"1991-Q1";"WMF";"T4";"29059.40344745"
"1991-Q1";"WMF";"WG1";"23997.6683468"
"1991-Q1";"WMF";"D2";"8224.61666203"
"1991-Q1";"WMF";"D2S";"8224.61666203"
"1991-Q1";"WMF";"T5";"37284.02010948"
"1991-Q1";"WMF";"T5S";"37284.02010948"
"1991-Q1";"WMF";"BBIP";"96921.67708667"
"1991-Q1";"WMF";"BBIPS";"96921.67707583"
"1991-Q1";"VVP";"PHPOE";"1.68929443"
"1991-Q1";"VVP";"S";"2.42882562"
"1991-Q1";"VVP";"T0";"1.81699995"
"1991-Q1";"VVP";"B";"-0.53781636"
"1991-Q1";"VVP";"A";"2.05551951"
"1991-Q1";"VVP";"T1";"0.9922306"
"1991-Q1";"VVP";"T2";"2.32749617"
"1991-Q1";"VVP";"WG0";"-1.09849691"
"1991-Q1";"VVP";"D0";"6.00149082"
"1991-Q1";"VVP";"D0S";"6.00149082"
"1991-Q1";"VVP";"T3";"3.34241494"
"1991-Q1";"VVP";"T3S";"3.34241494"
"1991-Q1";"VVP";"T4";"-0.01604432"
"1991-Q1";"VVP";"WG1";"0.24189377"
"1991-Q1";"VVP";"D2";"1.81128507"
"1991-Q1";"VVP";"D2S";"1.81128507"
"1991-Q1";"VVP";"T5";"0.38139155"
"1991-Q1";"VVP";"T5S";"0.38139155"
"1991-Q1";"VVP";"BBIP";"1.74769116"
"1991-Q1";"VVP";"BBIPS";"1.74769115"
"1991-Q2";"WMF";"PHPOE";"52900.33650782"
"1991-Q2";"WMF";"S";"11144.18680931"
"1991-Q2";"WMF";"T0";"64044.52331713"
"1991-Q2";"WMF";"B";"12399.27898783"
"1991-Q2";"WMF";"A";"18779.9529418"
"1991-Q2";"WMF";"T1";"31179.23192964"
"1991-Q2";"WMF";"T2";"26827.6892963"
"1991-Q2";"WMF";"WG0";"22684.28909352"
"1991-Q2";"WMF";"D0";"11108.61947738"
"1991-Q2";"WMF";"D0S";"11108.61947738"
"1991-Q2";"WMF";"T3";"37936.30877367"
"1991-Q2";"WMF";"T3S";"37936.30877367"
"1991-Q2";"WMF";"T4";"29533.95614303"
"1991-Q2";"WMF";"WG1";"24502.89828491"
"1991-Q2";"WMF";"D2";"8306.87180527"
"1991-Q2";"WMF";"D2S";"8306.87180527"
"1991-Q2";"WMF";"T5";"37840.8279483"
"1991-Q2";"WMF";"T5S";"37840.8279483"
"1991-Q2";"WMF";"BBIP";"97276.91362332"
"1991-Q2";"WMF";"BBIPS";"97276.9136136"
"1991-Q2";"VVP";"PHPOE";"1.84108131"
"1991-Q2";"VVP";"S";"2.04318033"
"1991-Q2";"VVP";"T0";"1.87619038"
"1991-Q2";"VVP";"B";"-1.18581776"
"1991-Q2";"VVP";"A";"1.36437981"
"1991-Q2";"VVP";"T1";"0.33461897"
"1991-Q2";"VVP";"T2";"-1.87397593"
"1991-Q2";"VVP";"WG0";"2.55274505"
"1991-Q2";"VVP";"D0";"2.76396268"
"1991-Q2";"VVP";"D0S";"2.76396268"
"1991-Q2";"VVP";"T3";"-0.5598072"
"1991-Q2";"VVP";"T3S";"-0.5598072"
"1991-Q2";"VVP";"T4";"1.63304349"
"1991-Q2";"VVP";"WG1";"2.10532928"
"1991-Q2";"VVP";"D2";"1.00010914"
"1991-Q2";"VVP";"D2S";"1.00010914"
"1991-Q2";"VVP";"T5";"1.49342221"
"1991-Q2";"VVP";"T5S";"1.49342221"
"1991-Q2";"VVP";"BBIP";"0.36651918"
"1991-Q2";"VVP";"BBIPS";"0.36651918"
"1991-Q3";"WMF";"PHPOE";"53723.7840078"
"1991-Q3";"WMF";"S";"11395.3081937"
"1991-Q3";"WMF";"T0";"65119.09220149"
"1991-Q3";"WMF";"B";"12360.62253089"
"1991-Q3";"WMF";"A";"18576.92571611"
"1991-Q3";"WMF";"T1";"30937.548247"
"1991-Q3";"WMF";"T2";"27195.48919968"
"1991-Q3";"WMF";"WG0";"22778.30172073"
"1991-Q3";"WMF";"D0";"11149.60074347"
"1991-Q3";"WMF";"D0S";"11149.60074347"
"1991-Q3";"WMF";"T3";"38345.08994315"
"1991-Q3";"WMF";"T3S";"38345.08994315"
"1991-Q3";"WMF";"T4";"28454.94812457"
"1991-Q3";"WMF";"WG1";"24452.39060062"
"1991-Q3";"WMF";"D2";"8444.49180457"
"1991-Q3";"WMF";"D2S";"8444.49180457"
"1991-Q3";"WMF";"T5";"36899.43992915"
"1991-Q3";"WMF";"T5S";"36899.43992915"
"1991-Q3";"WMF";"BBIP";"98305.66392661"
"1991-Q3";"WMF";"BBIPS";"98305.66392688"
"1991-Q3";"VVP";"PHPOE";"1.55660163"
"1991-Q3";"VVP";"S";"2.25338456"
"1991-Q3";"VVP";"T0";"1.67784664"
"1991-Q3";"VVP";"B";"-0.31176375"
"1991-Q3";"VVP";"A";"-1.08108485"
"1991-Q3";"VVP";"T1";"-0.77514316"
"1991-Q3";"VVP";"T2";"1.37097124"
"1991-Q3";"VVP";"WG0";"0.41443938"
"1991-Q3";"VVP";"D0";"0.36891412"
"1991-Q3";"VVP";"D0S";"0.36891412"
"1991-Q3";"VVP";"T3";"1.07754598"
"1991-Q3";"VVP";"T3S";"1.07754598"
"1991-Q3";"VVP";"T4";"-3.65344898"
"1991-Q3";"VVP";"WG1";"-0.20612943"
"1991-Q3";"VVP";"D2";"1.65670065"
"1991-Q3";"VVP";"D2S";"1.65670065"
"1991-Q3";"VVP";"T5";"-2.48775746"
"1991-Q3";"VVP";"T5S";"-2.48775746"
"1991-Q3";"VVP";"BBIP";"1.05754826"
"1991-Q3";"VVP";"BBIPS";"1.05754827"
"1991-Q4";"WMF";"PHPOE";"54555.94706913"
"1991-Q4";"WMF";"S";"11640.81451207"
"1991-Q4";"WMF";"T0";"66196.7615812"
"1991-Q4";"WMF";"B";"12136.47172574"
"1991-Q4";"WMF";"A";"17771.22789483"
"1991-Q4";"WMF";"T1";"29907.69962057"
"1991-Q4";"WMF";"T2";"27153.27415116"
"1991-Q4";"WMF";"WG0";"23186.96550269"
"1991-Q4";"WMF";"D0";"11092.54887045"
"1991-Q4";"WMF";"D0S";"11092.54887045"
"1991-Q4";"WMF";"T3";"38245.82302161"
"1991-Q4";"WMF";"T3S";"38245.82302161"
"1991-Q4";"WMF";"T4";"28330.48328632"
"1991-Q4";"WMF";"WG1";"24315.19427105"
"1991-Q4";"WMF";"D2";"8651.57832622"
"1991-Q4";"WMF";"D2S";"8651.57832622"
"1991-Q4";"WMF";"T5";"36982.06161255"
"1991-Q4";"WMF";"T5S";"36982.06161255"
"1991-Q4";"WMF";"BBIP";"99078.61726564"
"1991-Q4";"WMF";"BBIPS";"99078.61728593"
"1991-Q4";"VVP";"PHPOE";"1.54896584"
"1991-Q4";"VVP";"S";"2.15445089"
"1991-Q4";"VVP";"T0";"1.65492077"
"1991-Q4";"VVP";"B";"-1.8134265"
"1991-Q4";"VVP";"A";"-4.33708911"
"1991-Q4";"VVP";"T1";"-3.32879845"
"1991-Q4";"VVP";"T2";"-0.15522813"
"1991-Q4";"VVP";"WG0";"1.79409241"
"1991-Q4";"VVP";"D0";"-0.51169431"
"1991-Q4";"VVP";"D0S";"-0.51169431"
"1991-Q4";"VVP";"T3";"-0.25887779"
"1991-Q4";"VVP";"T3S";"-0.25887779"
"1991-Q4";"VVP";"T4";"-0.43741017"
"1991-Q4";"VVP";"WG1";"-0.56107532"
"1991-Q4";"VVP";"D2";"2.45232663"
"1991-Q4";"VVP";"D2S";"2.45232663"
"1991-Q4";"VVP";"T5";"0.2239104"
"1991-Q4";"VVP";"T5S";"0.2239104"
"1991-Q4";"VVP";"BBIP";"0.78627549"
"1991-Q4";"VVP";"BBIPS";"0.78627551"
"1992-Q1";"WMF";"PHPOE";"55097.62592022"
"1992-Q1";"WMF";"S";"11822.58207609"
"1992-Q1";"WMF";"T0";"66920.20799631"
"1992-Q1";"WMF";"B";"12148.0680682"
"1992-Q1";"WMF";"A";"17006.78183684"
"1992-Q1";"WMF";"T1";"29154.84990505"
"1992-Q1";"WMF";"T2";"29163.18160628"
"1992-Q1";"WMF";"WG0";"24197.19969479"
"1992-Q1";"WMF";"D0";"11300.64222204"
"1992-Q1";"WMF";"D0S";"11300.64222204"
"1992-Q1";"WMF";"T3";"40463.82382832"
"1992-Q1";"WMF";"T3S";"40463.82382832"
"1992-Q1";"WMF";"T4";"29201.6213028"
"1992-Q1";"WMF";"WG1";"24497.3972654"
"1992-Q1";"WMF";"D2";"8797.74765557"
"1992-Q1";"WMF";"D2S";"8797.74765557"
"1992-Q1";"WMF";"T5";"37999.36895837"
"1992-Q1";"WMF";"T5S";"37999.36895837"
"1992-Q1";"WMF";"BBIP";"99828.95467215"
"1992-Q1";"WMF";"BBIPS";"99828.95472103"
"1992-Q1";"VVP";"PHPOE";"0.9928869"
"1992-Q1";"VVP";"S";"1.56146775"
"1992-Q1";"VVP";"T0";"1.09287282"
"1992-Q1";"VVP";"B";"0.09554954"
"1992-Q1";"VVP";"A";"-4.30159392"
"1992-Q1";"VVP";"T1";"-2.5172438"
"1992-Q1";"VVP";"T2";"7.4020814"
"1992-Q1";"VVP";"WG0";"4.35690557"
"1992-Q1";"VVP";"D0";"1.87597417"
"1992-Q1";"VVP";"D0S";"1.87597417"
"1992-Q1";"VVP";"T3";"5.79932822"
"1992-Q1";"VVP";"T3S";"5.79932822"
"1992-Q1";"VVP";"T4";"3.07491407"
"1992-Q1";"VVP";"WG1";"0.74933802"
"1992-Q1";"VVP";"D2";"1.68951056"
"1992-Q1";"VVP";"D2S";"1.68951056"
"1992-Q1";"VVP";"T5";"2.75081297"
"1992-Q1";"VVP";"T5S";"2.75081297"
"1992-Q1";"VVP";"BBIP";"0.75731518"
"1992-Q1";"VVP";"BBIPS";"0.75731521"
"1992-Q2";"WMF";"PHPOE";"55501.73869424"
"1992-Q2";"WMF";"S";"11944.46109273"
"1992-Q2";"WMF";"T0";"67446.19978698"
"1992-Q2";"WMF";"B";"12044.30781428"
"1992-Q2";"WMF";"A";"16818.59631281"
"1992-Q2";"WMF";"T1";"28862.90412709"
"1992-Q2";"WMF";"T2";"28917.22979883"
"1992-Q2";"WMF";"WG0";"23985.68899435"
"1992-Q2";"WMF";"D0";"11193.19173639"
"1992-Q2";"WMF";"D0S";"11193.19173639"
"1992-Q2";"WMF";"T3";"40110.42153521"
"1992-Q2";"WMF";"T3S";"40110.42153521"
"1992-Q2";"WMF";"T4";"30061.86127619"
"1992-Q2";"WMF";"WG1";"24112.01108642"
"1992-Q2";"WMF";"D2";"8999.34692284"
"1992-Q2";"WMF";"D2S";"8999.34692284"
"1992-Q2";"WMF";"T5";"39061.20819902"
"1992-Q2";"WMF";"T5S";"39061.20819902"
"1992-Q2";"WMF";"BBIP";"100088.85022531"
"1992-Q2";"WMF";"BBIPS";"100088.85026328"
"1992-Q2";"VVP";"PHPOE";"0.73344861"
"1992-Q2";"VVP";"S";"1.03090015"
"1992-Q2";"VVP";"T0";"0.78599844"
"1992-Q2";"VVP";"B";"-0.85412967"
"1992-Q2";"VVP";"A";"-1.10653224"
"1992-Q2";"VVP";"T1";"-1.00136265"
"1992-Q2";"VVP";"T2";"-0.84336411"
"1992-Q2";"VVP";"WG0";"-0.87411231"
"1992-Q2";"VVP";"D0";"-0.95083521"
"1992-Q2";"VVP";"D0S";"-0.95083521"
"1992-Q2";"VVP";"T3";"-0.87337839"
"1992-Q2";"VVP";"T3S";"-0.87337839"
"1992-Q2";"VVP";"T4";"2.94586374"
"1992-Q2";"VVP";"WG1";"-1.57317194"
"1992-Q2";"VVP";"D2";"2.29148727"
"1992-Q2";"VVP";"D2S";"2.29148727"
"1992-Q2";"VVP";"T5";"2.7943602"
"1992-Q2";"VVP";"T5S";"2.7943602"
"1992-Q2";"VVP";"BBIP";"0.26034085"
"1992-Q2";"VVP";"BBIPS";"0.26034084"
"1992-Q3";"WMF";"PHPOE";"55631.61870108"
"1992-Q3";"WMF";"S";"11931.88893237"
"1992-Q3";"WMF";"T0";"67563.50763345"
"1992-Q3";"WMF";"B";"11806.6203462"
"1992-Q3";"WMF";"A";"15713.18145837"
"1992-Q3";"WMF";"T1";"27519.80180457"
"1992-Q3";"WMF";"T2";"28122.07706129"
"1992-Q3";"WMF";"WG0";"23656.60320596"
"1992-Q3";"WMF";"D0";"11302.37644945"
"1992-Q3";"WMF";"D0S";"11302.37644945"
"1992-Q3";"WMF";"T3";"39424.45351075"
"1992-Q3";"WMF";"T3S";"39424.45351075"
"1992-Q3";"WMF";"T4";"27899.1634426"
"1992-Q3";"WMF";"WG1";"23286.42568755"
"1992-Q3";"WMF";"D2";"9095.92032922"
"1992-Q3";"WMF";"D2S";"9095.92032922"
"1992-Q3";"WMF";"T5";"36995.08377182"
"1992-Q3";"WMF";"T5S";"36995.08377182"
"1992-Q3";"WMF";"BBIP";"99659.83825148"
"1992-Q3";"WMF";"BBIPS";"99659.83824255"
"1992-Q3";"VVP";"PHPOE";"0.2340107"
"1992-Q3";"VVP";"S";"-0.10525515"
"1992-Q3";"VVP";"T0";"0.17392803"
"1992-Q3";"VVP";"B";"-1.97344232"
"1992-Q3";"VVP";"A";"-6.57257499"
"1992-Q3";"VVP";"T1";"-4.65338594"
"1992-Q3";"VVP";"T2";"-2.74975419"
"1992-Q3";"VVP";"WG0";"-1.3720089"
"1992-Q3";"VVP";"D0";"0.97545647"
"1992-Q3";"VVP";"D0S";"0.97545647"
"1992-Q3";"VVP";"T3";"-1.71019899"
"1992-Q3";"VVP";"T3S";"-1.71019899"
"1992-Q3";"VVP";"T4";"-7.19415812"
"1992-Q3";"VVP";"WG1";"-3.4239591"
"1992-Q3";"VVP";"D2";"1.07311572"
"1992-Q3";"VVP";"D2S";"1.07311572"
"1992-Q3";"VVP";"T5";"-5.28945346"
"1992-Q3";"VVP";"T5S";"-5.28945346"
"1992-Q3";"VVP";"BBIP";"-0.42863113"
"1992-Q3";"VVP";"BBIPS";"-0.42863118"
"1992-Q4";"WMF";"PHPOE";"56035.63159174"
"1992-Q4";"WMF";"S";"11892.85819094"
"1992-Q4";"WMF";"T0";"67928.48978268"
"1992-Q4";"WMF";"B";"11728.6698897"
"1992-Q4";"WMF";"A";"15435.61249043"
"1992-Q4";"WMF";"T1";"27164.28238013"
"1992-Q4";"WMF";"T2";"27851.43407701"
"1992-Q4";"WMF";"WG0";"23122.33064832"
"1992-Q4";"WMF";"D0";"11581.54790495"
"1992-Q4";"WMF";"D0S";"11581.54790495"
"1992-Q4";"WMF";"T3";"39432.98198197"
"1992-Q4";"WMF";"T3S";"39432.98198197"
"1992-Q4";"WMF";"T4";"27933.34193702"
"1992-Q4";"WMF";"WG1";"22803.92590123"
"1992-Q4";"WMF";"D2";"9116.02486588"
"1992-Q4";"WMF";"D2S";"9116.02486588"
"1992-Q4";"WMF";"T5";"37049.36680289"
"1992-Q4";"WMF";"T5S";"37049.36680289"
"1992-Q4";"WMF";"BBIP";"99705.18799458"
"1992-Q4";"WMF";"BBIPS";"99705.18791665"
"1992-Q4";"VVP";"PHPOE";"0.7262289"
"1992-Q4";"VVP";"S";"-0.32711285"
"1992-Q4";"VVP";"T0";"0.54020604"
"1992-Q4";"VVP";"B";"-0.66022667"
"1992-Q4";"VVP";"A";"-1.76647211"
"1992-Q4";"VVP";"T1";"-1.29186768"
"1992-Q4";"VVP";"T2";"-0.96238618"
"1992-Q4";"VVP";"WG0";"-2.25845001"
"1992-Q4";"VVP";"D0";"2.47002439"
"1992-Q4";"VVP";"D0S";"2.47002439"
"1992-Q4";"VVP";"T3";"0.02163244"
"1992-Q4";"VVP";"T3S";"0.02163244"
"1992-Q4";"VVP";"T4";"0.12250724"
"1992-Q4";"VVP";"WG1";"-2.07202167"
"1992-Q4";"VVP";"D2";"0.22102806"
"1992-Q4";"VVP";"D2S";"0.22102806"
"1992-Q4";"VVP";"T5";"0.14673039"
"1992-Q4";"VVP";"T5S";"0.14673039"
"1992-Q4";"VVP";"BBIP";"0.04550453"
"1992-Q4";"VVP";"BBIPS";"0.04550446"
"1993-Q1";"WMF";"PHPOE";"56109.03017844"
"1993-Q1";"WMF";"S";"11969.1673212"
"1993-Q1";"WMF";"T0";"68078.19749965"
"1993-Q1";"WMF";"B";"11534.93713542"
"1993-Q1";"WMF";"A";"15232.32385228"
"1993-Q1";"WMF";"T1";"26767.26098769"
"1993-Q1";"WMF";"T2";"29769.24807605"
"1993-Q1";"WMF";"WG0";"24155.52941705"
"1993-Q1";"WMF";"D0";"12114.88538454"
"1993-Q1";"WMF";"D0S";"12114.88538454"
"1993-Q1";"WMF";"T3";"41884.13346058"
"1993-Q1";"WMF";"T3S";"41884.13346058"
"1993-Q1";"WMF";"T4";"28259.27161028"
"1993-Q1";"WMF";"WG1";"22661.75373624"
"1993-Q1";"WMF";"D2";"9263.25677235"
"1993-Q1";"WMF";"D2S";"9263.25677235"
"1993-Q1";"WMF";"T5";"37522.52838263"
"1993-Q1";"WMF";"T5S";"37522.52838263"
"1993-Q1";"WMF";"BBIP";"100044.12467466"
"1993-Q1";"WMF";"BBIPS";"100044.12449996"
"1993-Q1";"VVP";"PHPOE";"0.13098556"
"1993-Q1";"VVP";"S";"0.64163828"
"1993-Q1";"VVP";"T0";"0.22039017"
"1993-Q1";"VVP";"B";"-1.65178794"
"1993-Q1";"VVP";"A";"-1.31701051"
"1993-Q1";"VVP";"T1";"-1.46155671"
"1993-Q1";"VVP";"T2";"6.88587163"
"1993-Q1";"VVP";"WG0";"4.46840236"
"1993-Q1";"VVP";"D0";"4.60506216"
"1993-Q1";"VVP";"D0S";"4.60506216"
"1993-Q1";"VVP";"T3";"6.2159932"
"1993-Q1";"VVP";"T3S";"6.2159932"
"1993-Q1";"VVP";"T4";"1.16681231"
"1993-Q1";"VVP";"WG1";"-0.62345478"
"1993-Q1";"VVP";"D2";"1.61508891"
"1993-Q1";"VVP";"D2S";"1.61508891"
"1993-Q1";"VVP";"T5";"1.27711111"
"1993-Q1";"VVP";"T5S";"1.27711111"
"1993-Q1";"VVP";"BBIP";"0.33993886"
"1993-Q1";"VVP";"BBIPS";"0.33993876"
"1993-Q2";"WMF";"PHPOE";"56661.52359848"
"1993-Q2";"WMF";"S";"12156.77115467"
"1993-Q2";"WMF";"T0";"68818.29475315"
"1993-Q2";"WMF";"B";"11298.70384555"
"1993-Q2";"WMF";"A";"15684.73029349"
"1993-Q2";"WMF";"T1";"26983.43413904"
"1993-Q2";"WMF";"T2";"28224.14392835"
"1993-Q2";"WMF";"WG0";"24363.19464266"
"1993-Q2";"WMF";"D0";"12415.30238641"
"1993-Q2";"WMF";"D0S";"12415.30238641"
"1993-Q2";"WMF";"T3";"40639.44631477"
"1993-Q2";"WMF";"T3S";"40639.44631477"
"1993-Q2";"WMF";"T4";"28796.89600184"
"1993-Q2";"WMF";"WG1";"23150.16440546"
"1993-Q2";"WMF";"D2";"9412.88611765"
"1993-Q2";"WMF";"D2S";"9412.88611765"
"1993-Q2";"WMF";"T5";"38209.78211949"
"1993-Q2";"WMF";"T5S";"38209.78211949"
"1993-Q2";"WMF";"BBIP";"101741.35469195"
"1993-Q2";"WMF";"BBIPS";"101741.35453442"
"1993-Q2";"VVP";"PHPOE";"0.98467826"
"1993-Q2";"VVP";"S";"1.56739252"
"1993-Q2";"VVP";"T0";"1.08712816"
"1993-Q2";"VVP";"B";"-2.04798073"
"1993-Q2";"VVP";"A";"2.97004217"
"1993-Q2";"VVP";"T1";"0.80760281"
"1993-Q2";"VVP";"T2";"-5.19026931"
"1993-Q2";"VVP";"WG0";"0.85970058"
"1993-Q2";"VVP";"D0";"2.47973458"
"1993-Q2";"VVP";"D0S";"2.47973458"
"1993-Q2";"VVP";"T3";"-2.97173904"
"1993-Q2";"VVP";"T3S";"-2.97173904"
"1993-Q2";"VVP";"T4";"1.9024708"
"1993-Q2";"VVP";"WG1";"2.15522009"
"1993-Q2";"VVP";"D2";"1.61529955"
"1993-Q2";"VVP";"D2S";"1.61529955"
"1993-Q2";"VVP";"T5";"1.8315763"
"1993-Q2";"VVP";"T5S";"1.8315763"
"1993-Q2";"VVP";"BBIP";"1.69648145"
"1993-Q2";"VVP";"BBIPS";"1.69648147"
"1993-Q3";"WMF";"PHPOE";"57229.90371057"
"1993-Q3";"WMF";"S";"12209.61650435"
"1993-Q3";"WMF";"T0";"69439.52021492"
"1993-Q3";"WMF";"B";"11330.91106595"
"1993-Q3";"WMF";"A";"15498.79790695"
"1993-Q3";"WMF";"T1";"26829.7089729"
"1993-Q3";"WMF";"T2";"27072.75907"
"1993-Q3";"WMF";"WG0";"23551.94564655"
"1993-Q3";"WMF";"D0";"12603.35167255"
"1993-Q3";"WMF";"D0S";"12603.35167255"
"1993-Q3";"WMF";"T3";"39676.11074255"
"1993-Q3";"WMF";"T3S";"39676.11074255"
"1993-Q3";"WMF";"T4";"26950.40926098"
"1993-Q3";"WMF";"WG1";"23020.57622549"
"1993-Q3";"WMF";"D2";"9499.28685372"
"1993-Q3";"WMF";"D2S";"9499.28685372"
"1993-Q3";"WMF";"T5";"36449.6961147"
"1993-Q3";"WMF";"T5S";"36449.6961147"
"1993-Q3";"WMF";"BBIP";"102766.04748048"
"1993-Q3";"WMF";"BBIPS";"102766.04748397"
"1993-Q3";"VVP";"PHPOE";"1.00311477"
"1993-Q3";"VVP";"S";"0.43469889"
"1993-Q3";"VVP";"T0";"0.90270395"
"1993-Q3";"VVP";"B";"0.28505235"
"1993-Q3";"VVP";"A";"-1.18543566"
"1993-Q3";"VVP";"T1";"-0.56970201"
"1993-Q3";"VVP";"T2";"-4.07943235"
"1993-Q3";"VVP";"WG0";"-3.32981371"
"1993-Q3";"VVP";"D0";"1.51465732"
"1993-Q3";"VVP";"D0S";"1.51465732"
"1993-Q3";"VVP";"T3";"-2.37044463"
"1993-Q3";"VVP";"T3S";"-2.37044463"
"1993-Q3";"VVP";"T4";"-6.41210338"
"1993-Q3";"VVP";"WG1";"-0.55977218"
"1993-Q3";"VVP";"D2";"0.91789845"
"1993-Q3";"VVP";"D2S";"0.91789845"
"1993-Q3";"VVP";"T5";"-4.6063754"
"1993-Q3";"VVP";"T5S";"-4.6063754"
"1993-Q3";"VVP";"BBIP";"1.00715465"
"1993-Q3";"VVP";"BBIPS";"1.00715481"
"1993-Q4";"WMF";"PHPOE";"57111.38069395"
"1993-Q4";"WMF";"S";"12371.68290365"
"1993-Q4";"WMF";"T0";"69483.0635976"
"1993-Q4";"WMF";"B";"11657.48442403"
"1993-Q4";"WMF";"A";"15661.83080461"
"1993-Q4";"WMF";"T1";"27319.31522863"
"1993-Q4";"WMF";"T2";"28095.82640196"
"1993-Q4";"WMF";"WG0";"24197.2077701"
"1993-Q4";"WMF";"D0";"12889.62518055"
"1993-Q4";"WMF";"D0S";"12889.62518055"
"1993-Q4";"WMF";"T3";"40985.45158251"
"1993-Q4";"WMF";"T3S";"40985.45158251"
"1993-Q4";"WMF";"T4";"27437.39595523"
"1993-Q4";"WMF";"WG1";"23406.23602715"
"1993-Q4";"WMF";"D2";"9658.36043779"
"1993-Q4";"WMF";"D2S";"9658.36043779"
"1993-Q4";"WMF";"T5";"37095.75639302"
"1993-Q4";"WMF";"T5S";"37095.75639302"
"1993-Q4";"WMF";"BBIP";"103728.89190304"
"1993-Q4";"WMF";"BBIPS";"103728.89223178"
"1993-Q4";"VVP";"PHPOE";"-0.2070998"
"1993-Q4";"VVP";"S";"1.32736683"
"1993-Q4";"VVP";"T0";"0.06270692"
"1993-Q4";"VVP";"B";"2.88214563"
"1993-Q4";"VVP";"A";"1.05190673"
"1993-Q4";"VVP";"T1";"1.82486607"
"1993-Q4";"VVP";"T2";"3.77895481"
"1993-Q4";"VVP";"WG0";"2.7397402"
"1993-Q4";"VVP";"D0";"2.27140776"
"1993-Q4";"VVP";"D0S";"2.27140776"
"1993-Q4";"VVP";"T3";"3.30007356"
"1993-Q4";"VVP";"T3S";"3.30007356"
"1993-Q4";"VVP";"T4";"1.80697328"
"1993-Q4";"VVP";"WG1";"1.67528301"
"1993-Q4";"VVP";"D2";"1.67458449"
"1993-Q4";"VVP";"D2S";"1.67458449"
"1993-Q4";"VVP";"T5";"1.77247096"
"1993-Q4";"VVP";"T5S";"1.77247096"
"1993-Q4";"VVP";"BBIP";"0.93692853"
"1993-Q4";"VVP";"BBIPS";"0.93692885"
"1994-Q1";"WMF";"PHPOE";"57292.3881048"
"1994-Q1";"WMF";"S";"12453.41076631"
"1994-Q1";"WMF";"T0";"69745.79887112"
"1994-Q1";"WMF";"B";"11869.54565816"
"1994-Q1";"WMF";"A";"15377.49436575"
"1994-Q1";"WMF";"T1";"27247.04002391"
"1994-Q1";"WMF";"T2";"28752.05104586"
"1994-Q1";"WMF";"WG0";"25031.47087854"
"1994-Q1";"WMF";"D0";"12744.50214798"
"1994-Q1";"WMF";"D0S";"12744.50214798"
"1994-Q1";"WMF";"T3";"41496.55319384"
"1994-Q1";"WMF";"T3S";"41496.55319384"
"1994-Q1";"WMF";"T4";"26391.14187801"
"1994-Q1";"WMF";"WG1";"23094.2632733"
"1994-Q1";"WMF";"D2";"9710.95724536"
"1994-Q1";"WMF";"D2S";"9710.95724536"
"1994-Q1";"WMF";"T5";"36102.09912337"
"1994-Q1";"WMF";"T5S";"36102.09912337"
"1994-Q1";"WMF";"BBIP";"104661.36833486"
"1994-Q1";"WMF";"BBIPS";"104661.36911857"
"1994-Q1";"VVP";"PHPOE";"0.31693755"
"1994-Q1";"VVP";"S";"0.66060425"
"1994-Q1";"VVP";"T0";"0.37812851"
"1994-Q1";"VVP";"B";"1.81909944"
"1994-Q1";"VVP";"A";"-1.81547383"
"1994-Q1";"VVP";"T1";"-0.26455716"
"1994-Q1";"VVP";"T2";"2.33566593"
"1994-Q1";"VVP";"WG0";"3.44776602"
"1994-Q1";"VVP";"D0";"-1.12589025"
"1994-Q1";"VVP";"D0S";"-1.12589025"
"1994-Q1";"VVP";"T3";"1.24703179"
"1994-Q1";"VVP";"T3S";"1.24703179"
"1994-Q1";"VVP";"T4";"-3.81324117"
"1994-Q1";"VVP";"WG1";"-1.33286169"
"1994-Q1";"VVP";"D2";"0.54457284"
"1994-Q1";"VVP";"D2S";"0.54457284"
"1994-Q1";"VVP";"T5";"-2.67862787"
"1994-Q1";"VVP";"T5S";"-2.67862787"
"1994-Q1";"VVP";"BBIP";"0.89895536"
"1994-Q1";"VVP";"BBIPS";"0.89895579"
"1994-Q2";"WMF";"PHPOE";"57168.341768"
"1994-Q2";"WMF";"S";"12313.40456338"
"1994-Q2";"WMF";"T0";"69481.74633139"
"1994-Q2";"WMF";"B";"12286.1035783"
"1994-Q2";"WMF";"A";"15597.78467502"
"1994-Q2";"WMF";"T1";"27883.88825332"
"1994-Q2";"WMF";"T2";"28116.38290578"
"1994-Q2";"WMF";"WG0";"24115.9213657"
"1994-Q2";"WMF";"D0";"12206.27417339"
"1994-Q2";"WMF";"D0S";"12206.27417339"
"1994-Q2";"WMF";"T3";"40322.65707917"
"1994-Q2";"WMF";"T3S";"40322.65707917"
"1994-Q2";"WMF";"T4";"28608.33211586"
"1994-Q2";"WMF";"WG1";"23476.15961301"
"1994-Q2";"WMF";"D2";"9823.46724528"
"1994-Q2";"WMF";"D2S";"9823.46724528"
"1994-Q2";"WMF";"T5";"38431.79936114"
"1994-Q2";"WMF";"T5S";"38431.79936114"
"1994-Q2";"WMF";"BBIP";"103969.54768294"
"1994-Q2";"WMF";"BBIPS";"103969.54836736"
"1994-Q2";"VVP";"PHPOE";"-0.21651452"
"1994-Q2";"VVP";"S";"-1.12423982"
"1994-Q2";"VVP";"T0";"-0.37859275"
"1994-Q2";"VVP";"B";"3.50946811"
"1994-Q2";"VVP";"A";"1.43255009"
"1994-Q2";"VVP";"T1";"2.33731161"
"1994-Q2";"VVP";"T2";"-2.21086189"
"1994-Q2";"VVP";"WG0";"-3.65759374"
"1994-Q2";"VVP";"D0";"-4.22321695"
"1994-Q2";"VVP";"D0S";"-4.22321695"
"1994-Q2";"VVP";"T3";"-2.82890029"
"1994-Q2";"VVP";"T3S";"-2.82890029"
"1994-Q2";"VVP";"T4";"8.40126679"
"1994-Q2";"VVP";"WG1";"1.65364158"
"1994-Q2";"VVP";"D2";"1.15858815"
"1994-Q2";"VVP";"D2S";"1.15858815"
"1994-Q2";"VVP";"T5";"6.45308803"
"1994-Q2";"VVP";"T5S";"6.45308803"
"1994-Q2";"VVP";"BBIP";"-0.66100861"
"1994-Q2";"VVP";"BBIPS";"-0.6610087"
"1994-Q3";"WMF";"PHPOE";"57396.57990713"
"1994-Q3";"WMF";"S";"12547.34097579"
"1994-Q3";"WMF";"T0";"69943.92088293"
"1994-Q3";"WMF";"B";"12468.68890204"
"1994-Q3";"WMF";"A";"15739.08068082"
"1994-Q3";"WMF";"T1";"28207.76958287"
"1994-Q3";"WMF";"T2";"28085.13956215"
"1994-Q3";"WMF";"WG0";"24402.92833347"
"1994-Q3";"WMF";"D0";"12126.66013941"
"1994-Q3";"WMF";"D0S";"12126.66013941"
"1994-Q3";"WMF";"T3";"40211.79970155"
"1994-Q3";"WMF";"T3S";"40211.79970155"
"1994-Q3";"WMF";"T4";"26773.67659914"
"1994-Q3";"WMF";"WG1";"23806.13625662"
"1994-Q3";"WMF";"D2";"9795.68559029"
"1994-Q3";"WMF";"D2S";"9795.68559029"
"1994-Q3";"WMF";"T5";"36569.36218943"
"1994-Q3";"WMF";"T5S";"36569.36218943"
"1994-Q3";"WMF";"BBIP";"104722.24650699"
"1994-Q3";"WMF";"BBIPS";"104722.24647969"
"1994-Q3";"VVP";"PHPOE";"0.39923869"
"1994-Q3";"VVP";"S";"1.89985159"
"1994-Q3";"VVP";"T0";"0.66517406"
"1994-Q3";"VVP";"B";"1.48611252"
"1994-Q3";"VVP";"A";"0.90587227"
"1994-Q3";"VVP";"T1";"1.16153575"
"1994-Q3";"VVP";"T2";"-0.11112149"
"1994-Q3";"VVP";"WG0";"1.19011405"
"1994-Q3";"VVP";"D0";"-0.65223862"
"1994-Q3";"VVP";"D0S";"-0.65223862"
"1994-Q3";"VVP";"T3";"-0.27492578"
"1994-Q3";"VVP";"T3S";"-0.27492578"
"1994-Q3";"VVP";"T4";"-6.41301111"
"1994-Q3";"VVP";"WG1";"1.40558187"
"1994-Q3";"VVP";"D2";"-0.28280906"
"1994-Q3";"VVP";"D2S";"-0.28280906"
"1994-Q3";"VVP";"T5";"-4.84608372"
"1994-Q3";"VVP";"T5S";"-4.84608372"
"1994-Q3";"VVP";"BBIP";"0.72396085"
"1994-Q3";"VVP";"BBIPS";"0.72396016"
"1994-Q4";"WMF";"PHPOE";"57716.48434937"
"1994-Q4";"WMF";"S";"12598.40124165"
"1994-Q4";"WMF";"T0";"70314.88559102"
"1994-Q4";"WMF";"B";"12411.75164679"
"1994-Q4";"WMF";"A";"15812.67321517"
"1994-Q4";"WMF";"T1";"28224.42486196"
"1994-Q4";"WMF";"T2";"30009.04735776"
"1994-Q4";"WMF";"WG0";"25442.30029384"
"1994-Q4";"WMF";"D0";"12150.22175711"
"1994-Q4";"WMF";"D0S";"12150.22175711"
"1994-Q4";"WMF";"T3";"42159.26911487"
"1994-Q4";"WMF";"T3S";"42159.26911487"
"1994-Q4";"WMF";"T4";"28862.06803704"
"1994-Q4";"WMF";"WG1";"24447.40602512"
"1994-Q4";"WMF";"D2";"9817.15323197"
"1994-Q4";"WMF";"D2S";"9817.15323197"
"1994-Q4";"WMF";"T5";"38679.22126901"
"1994-Q4";"WMF";"T5S";"38679.22126901"
"1994-Q4";"WMF";"BBIP";"105039.65538712"
"1994-Q4";"WMF";"BBIPS";"105039.6539463"
"1994-Q4";"VVP";"PHPOE";"0.55735802"
"1994-Q4";"VVP";"S";"0.40694093"
"1994-Q4";"VVP";"T0";"0.53037448"
"1994-Q4";"VVP";"B";"-0.45664188"
"1994-Q4";"VVP";"A";"0.46757835"
"1994-Q4";"VVP";"T1";"0.05904501"
"1994-Q4";"VVP";"T2";"6.85026966"
"1994-Q4";"VVP";"WG0";"4.25920999"
"1994-Q4";"VVP";"D0";"0.19429602"
"1994-Q4";"VVP";"D0S";"0.19429602"
"1994-Q4";"VVP";"T3";"4.84302973"
"1994-Q4";"VVP";"T3S";"4.84302973"
"1994-Q4";"VVP";"T4";"7.80016682"
"1994-Q4";"VVP";"WG1";"2.69371628"
"1994-Q4";"VVP";"D2";"0.21915405"
"1994-Q4";"VVP";"D2S";"0.21915405"
"1994-Q4";"VVP";"T5";"5.76947191"
"1994-Q4";"VVP";"T5S";"5.76947191"
"1994-Q4";"VVP";"BBIP";"0.30309594"
"1994-Q4";"VVP";"BBIPS";"0.30309459"
"1995-Q1";"WMF";"PHPOE";"58123.4047536"
"1995-Q1";"WMF";"S";"12524.51127901"
"1995-Q1";"WMF";"T0";"70647.91603261"
"1995-Q1";"WMF";"B";"12123.75035925"
"1995-Q1";"WMF";"A";"16213.87495032"
"1995-Q1";"WMF";"T1";"28337.62530957"
"1995-Q1";"WMF";"T2";"30087.53311206"
"1995-Q1";"WMF";"WG0";"24907.04567066"
"1995-Q1";"WMF";"D0";"11985.20779342"
"1995-Q1";"WMF";"D0S";"11985.20779342"
"1995-Q1";"WMF";"T3";"42072.74090548"
"1995-Q1";"WMF";"T3S";"42072.74090548"
"1995-Q1";"WMF";"T4";"28629.07528955"
"1995-Q1";"WMF";"WG1";"23856.38657479"
"1995-Q1";"WMF";"D2";"9635.81438851"
"1995-Q1";"WMF";"D2S";"9635.81438851"
"1995-Q1";"WMF";"T5";"38264.88967806"
"1995-Q1";"WMF";"T5S";"38264.88967806"
"1995-Q1";"WMF";"BBIP";"104924.18230568"
"1995-Q1";"WMF";"BBIPS";"104946.44895313"
"1995-Q1";"VVP";"PHPOE";"0.70503325"
"1995-Q1";"VVP";"S";"-0.58650269"
"1995-Q1";"VVP";"T0";"0.47362723"
"1995-Q1";"VVP";"B";"-2.32039196"
"1995-Q1";"VVP";"A";"2.53721638"
"1995-Q1";"VVP";"T1";"0.40107265"
"1995-Q1";"VVP";"T2";"0.26154031"
"1995-Q1";"VVP";"WG0";"-2.10379807"
"1995-Q1";"VVP";"D0";"-1.35811483"
"1995-Q1";"VVP";"D0S";"-1.35811483"
"1995-Q1";"VVP";"T3";"-0.20524125"
"1995-Q1";"VVP";"T3S";"-0.20524125"
"1995-Q1";"VVP";"T4";"-0.80726283"
"1995-Q1";"VVP";"WG1";"-2.41751395"
"1995-Q1";"VVP";"D2";"-1.84716322"
"1995-Q1";"VVP";"D2S";"-1.84716322"
"1995-Q1";"VVP";"T5";"-1.07119941"
"1995-Q1";"VVP";"T5S";"-1.07119941"
"1995-Q1";"VVP";"BBIP";"-0.10993284"
"1995-Q1";"VVP";"BBIPS";"-0.08873315"
"1995-Q2";"WMF";"PHPOE";"58490.40665467"
"1995-Q2";"WMF";"S";"12560.18877484"
"1995-Q2";"WMF";"T0";"71050.59542951"
"1995-Q2";"WMF";"B";"11999.82776108"
"1995-Q2";"WMF";"A";"16359.85422694"
"1995-Q2";"WMF";"T1";"28359.68198802"
"1995-Q2";"WMF";"T2";"29306.94978108"
"1995-Q2";"WMF";"WG0";"24933.25084304"
"1995-Q2";"WMF";"D0";"12143.29347075"
"1995-Q2";"WMF";"D0S";"12143.29347075"
"1995-Q2";"WMF";"T3";"41450.24325182"
"1995-Q2";"WMF";"T3S";"41450.24325182"
"1995-Q2";"WMF";"T4";"29283.04826715"
"1995-Q2";"WMF";"WG1";"24498.47396974"
"1995-Q2";"WMF";"D2";"9693.00461589"
"1995-Q2";"WMF";"D2S";"9693.00461589"
"1995-Q2";"WMF";"T5";"38976.05288304"
"1995-Q2";"WMF";"T5S";"38976.05288304"
"1995-Q2";"WMF";"BBIP";"105779.5663618"
"1995-Q2";"WMF";"BBIPS";"105805.60479466"
"1995-Q2";"VVP";"PHPOE";"0.63141845"
"1995-Q2";"VVP";"S";"0.28486138"
"1995-Q2";"VVP";"T0";"0.56998057"
"1995-Q2";"VVP";"B";"-1.02214739"
"1995-Q2";"VVP";"A";"0.90033553"
"1995-Q2";"VVP";"T1";"0.07783531"
"1995-Q2";"VVP";"T2";"-2.59437465"
"1995-Q2";"VVP";"WG0";"0.10521189"
"1995-Q2";"VVP";"D0";"1.31900656"
"1995-Q2";"VVP";"D0S";"1.31900656"
"1995-Q2";"VVP";"T3";"-1.47957476"
"1995-Q2";"VVP";"T3S";"-1.47957476"
"1995-Q2";"VVP";"T4";"2.28429654"
"1995-Q2";"VVP";"WG1";"2.69146961"
"1995-Q2";"VVP";"D2";"0.59351732"
"1995-Q2";"VVP";"D2S";"0.59351732"
"1995-Q2";"VVP";"T5";"1.85852674"
"1995-Q2";"VVP";"T5S";"1.85852674"
"1995-Q2";"VVP";"BBIP";"0.81524015"
"1995-Q2";"VVP";"BBIPS";"0.81866118"
"1995-Q3";"WMF";"PHPOE";"58883.9962944"
"1995-Q3";"WMF";"S";"12617.74942"
"1995-Q3";"WMF";"T0";"71501.7457144"
"1995-Q3";"WMF";"B";"11692.85377692"
"1995-Q3";"WMF";"A";"16252.70734824"
"1995-Q3";"WMF";"T1";"27945.56112516"
"1995-Q3";"WMF";"T2";"28770.45240033"
"1995-Q3";"WMF";"WG0";"24784.61399109"
"1995-Q3";"WMF";"D0";"12456.39836158"
"1995-Q3";"WMF";"D0S";"12456.39836158"
"1995-Q3";"WMF";"T3";"41226.85076191"
"1995-Q3";"WMF";"T3S";"41226.85076191"
"1995-Q3";"WMF";"T4";"27573.08207975"
"1995-Q3";"WMF";"WG1";"23689.07270469"
"1995-Q3";"WMF";"D2";"9773.77813662"
"1995-Q3";"WMF";"D2S";"9773.77813662"
"1995-Q3";"WMF";"T5";"37346.86021637"
"1995-Q3";"WMF";"T5S";"37346.86021637"
"1995-Q3";"WMF";"BBIP";"106608.47336236"
"1995-Q3";"WMF";"BBIPS";"106638.88063678"
"1995-Q3";"VVP";"PHPOE";"0.67291315"
"1995-Q3";"VVP";"S";"0.4582785"
"1995-Q3";"VVP";"T0";"0.63497045"
"1995-Q3";"VVP";"B";"-2.55815325"
"1995-Q3";"VVP";"A";"-0.65493786"
"1995-Q3";"VVP";"T1";"-1.46024509"
"1995-Q3";"VVP";"T2";"-1.83061487"
"1995-Q3";"VVP";"WG0";"-0.59613908"
"1995-Q3";"VVP";"D0";"2.57841822"
"1995-Q3";"VVP";"D0S";"2.57841822"
"1995-Q3";"VVP";"T3";"-0.53894132"
"1995-Q3";"VVP";"T3S";"-0.53894132"
"1995-Q3";"VVP";"T4";"-5.83944052"
"1995-Q3";"VVP";"WG1";"-3.30388442"
"1995-Q3";"VVP";"D2";"0.83331768"
"1995-Q3";"VVP";"D2S";"0.83331768"
"1995-Q3";"VVP";"T5";"-4.17998372"
"1995-Q3";"VVP";"T5S";"-4.17998372"
"1995-Q3";"VVP";"BBIP";"0.78361732"
"1995-Q3";"VVP";"BBIPS";"0.78755359"
"1995-Q4";"WMF";"PHPOE";"58929.49395126"
"1995-Q4";"WMF";"S";"12673.03373818"
"1995-Q4";"WMF";"T0";"71602.52768943"
"1995-Q4";"WMF";"B";"11541.50721459"
"1995-Q4";"WMF";"A";"16535.10918871"
"1995-Q4";"WMF";"T1";"28076.6164033"
"1995-Q4";"WMF";"T2";"28849.14896026"
"1995-Q4";"WMF";"WG0";"25009.06065494"
"1995-Q4";"WMF";"D0";"12483.29480834"
"1995-Q4";"WMF";"D0S";"12483.29480834"
"1995-Q4";"WMF";"T3";"41332.4437686"
"1995-Q4";"WMF";"T3S";"41332.4437686"
"1995-Q4";"WMF";"T4";"27789.29380883"
"1995-Q4";"WMF";"WG1";"24413.37982457"
"1995-Q4";"WMF";"D2";"9897.80751822"
"1995-Q4";"WMF";"D2S";"9897.80751822"
"1995-Q4";"WMF";"T5";"37687.10132705"
"1995-Q4";"WMF";"T5S";"37687.10132705"
"1995-Q4";"WMF";"BBIP";"106379.05596832"
"1995-Q4";"WMF";"BBIPS";"106414.43569512"
"1995-Q4";"VVP";"PHPOE";"0.07726659"
"1995-Q4";"VVP";"S";"0.43814722"
"1995-Q4";"VVP";"T0";"0.14095037"
"1995-Q4";"VVP";"B";"-1.29435094"
"1995-Q4";"VVP";"A";"1.73756799"
"1995-Q4";"VVP";"T1";"0.46896635"
"1995-Q4";"VVP";"T2";"0.27353258"
"1995-Q4";"VVP";"WG0";"0.9055887"
"1995-Q4";"VVP";"D0";"0.21592475"
"1995-Q4";"VVP";"D0S";"0.21592475"
"1995-Q4";"VVP";"T3";"0.25612678"
"1995-Q4";"VVP";"T3S";"0.25612678"
"1995-Q4";"VVP";"T4";"0.78414059"
"1995-Q4";"VVP";"WG1";"3.05755793"
"1995-Q4";"VVP";"D2";"1.2690014"
"1995-Q4";"VVP";"D2S";"1.2690014"
"1995-Q4";"VVP";"T5";"0.91103003"
"1995-Q4";"VVP";"T5S";"0.91103003"
"1995-Q4";"VVP";"BBIP";"-0.21519621"
"1995-Q4";"VVP";"BBIPS";"-0.21047196"
"1996-Q1";"WMF";"PHPOE";"59598.35867808"
"1996-Q1";"WMF";"S";"12812.75294446"
"1996-Q1";"WMF";"T0";"72411.11162254"
"1996-Q1";"WMF";"B";"11154.35960627"
"1996-Q1";"WMF";"A";"16418.59008353"
"1996-Q1";"WMF";"T1";"27572.9496898"
"1996-Q1";"WMF";"T2";"30482.74807606"
"1996-Q1";"WMF";"WG0";"25421.09331744"
"1996-Q1";"WMF";"D0";"12817.7466311"
"1996-Q1";"WMF";"D0S";"12817.7466311"
"1996-Q1";"WMF";"T3";"43300.49470715"
"1996-Q1";"WMF";"T3S";"43300.49470715"
"1996-Q1";"WMF";"T4";"29328.87562579"
"1996-Q1";"WMF";"WG1";"24536.45380397"
"1996-Q1";"WMF";"D2";"10155.66626923"
"1996-Q1";"WMF";"D2S";"10155.66626923"
"1996-Q1";"WMF";"T5";"39484.54189502"
"1996-Q1";"WMF";"T5S";"39484.54189502"
"1996-Q1";"WMF";"BBIP";"107116.31576701"
"1996-Q1";"WMF";"BBIPS";"107120.59441647"
"1996-Q1";"VVP";"PHPOE";"1.1350254"
"1996-Q1";"VVP";"S";"1.10249218"
"1996-Q1";"VVP";"T0";"1.1292673"
"1996-Q1";"VVP";"B";"-3.35439385"
"1996-Q1";"VVP";"A";"-0.70467696"
"1996-Q1";"VVP";"T1";"-1.79390104"
"1996-Q1";"VVP";"T2";"5.66255565"
"1996-Q1";"VVP";"WG0";"1.64753354"
"1996-Q1";"VVP";"D0";"2.6791951"
"1996-Q1";"VVP";"D0S";"2.6791951"
"1996-Q1";"VVP";"T3";"4.76151604"
"1996-Q1";"VVP";"T3S";"4.76151604"
"1996-Q1";"VVP";"T4";"5.5401977"
"1996-Q1";"VVP";"WG1";"0.50412512"
"1996-Q1";"VVP";"D2";"2.60521081"
"1996-Q1";"VVP";"D2S";"2.60521081"
"1996-Q1";"VVP";"T5";"4.76937866"
"1996-Q1";"VVP";"T5S";"4.76937866"
"1996-Q1";"VVP";"BBIP";"0.69304977"
"1996-Q1";"VVP";"BBIPS";"0.66359298"
"1996-Q2";"WMF";"PHPOE";"59746.76215789"
"1996-Q2";"WMF";"S";"12872.82811677"
"1996-Q2";"WMF";"T0";"72619.59027466"
"1996-Q2";"WMF";"B";"10920.22308573"
"1996-Q2";"WMF";"A";"16372.85452728"
"1996-Q2";"WMF";"T1";"27293.07761301"
"1996-Q2";"WMF";"T2";"29089.56020772"
"1996-Q2";"WMF";"WG0";"25204.54576069"
"1996-Q2";"WMF";"D0";"12709.06854715"
"1996-Q2";"WMF";"D0S";"12709.06854715"
"1996-Q2";"WMF";"T3";"41798.62875487"
"1996-Q2";"WMF";"T3S";"41798.62875487"
"1996-Q2";"WMF";"T4";"29470.35047636"
"1996-Q2";"WMF";"WG1";"24608.01254046"
"1996-Q2";"WMF";"D2";"10438.93499209"
"1996-Q2";"WMF";"D2S";"10438.93499209"
"1996-Q2";"WMF";"T5";"39909.28546845"
"1996-Q2";"WMF";"T5S";"39909.28546845"
"1996-Q2";"WMF";"BBIP";"107094.02524076"
"1996-Q2";"WMF";"BBIPS";"107015.87301343"
"1996-Q2";"VVP";"PHPOE";"0.24900598"
"1996-Q2";"VVP";"S";"0.46887014"
"1996-Q2";"VVP";"T0";"0.28790975"
"1996-Q2";"VVP";"B";"-2.09905838"
"1996-Q2";"VVP";"A";"-0.27855958"
"1996-Q2";"VVP";"T1";"-1.01502407"
"1996-Q2";"VVP";"T2";"-4.57041427"
"1996-Q2";"VVP";"WG0";"-0.85184203"
"1996-Q2";"VVP";"D0";"-0.84787199"
"1996-Q2";"VVP";"D0S";"-0.84787199"
"1996-Q2";"VVP";"T3";"-3.46847296"
"1996-Q2";"VVP";"T3S";"-3.46847296"
"1996-Q2";"VVP";"T4";"0.48237393"
"1996-Q2";"VVP";"WG1";"0.29164254"
"1996-Q2";"VVP";"D2";"2.78926774"
"1996-Q2";"VVP";"D2S";"2.78926774"
"1996-Q2";"VVP";"T5";"1.07572116"
"1996-Q2";"VVP";"T5S";"1.07572116"
"1996-Q2";"VVP";"BBIP";"-0.02080965"
"1996-Q2";"VVP";"BBIPS";"-0.09776029"
"1996-Q3";"WMF";"PHPOE";"59867.63681021"
"1996-Q3";"WMF";"S";"12865.18667709"
"1996-Q3";"WMF";"T0";"72732.8234873"
"1996-Q3";"WMF";"B";"10702.6383847"
"1996-Q3";"WMF";"A";"16476.65199027"
"1996-Q3";"WMF";"T1";"27179.29037497"
"1996-Q3";"WMF";"T2";"29730.12671443"
"1996-Q3";"WMF";"WG0";"25245.60779623"
"1996-Q3";"WMF";"D0";"12879.86548069"
"1996-Q3";"WMF";"D0S";"12879.86548069"
"1996-Q3";"WMF";"T3";"42609.99219512"
"1996-Q3";"WMF";"T3S";"42609.99219512"
"1996-Q3";"WMF";"T4";"28539.39966706"
"1996-Q3";"WMF";"WG1";"24327.81210276"
"1996-Q3";"WMF";"D2";"10600.33308739"
"1996-Q3";"WMF";"D2S";"10600.33308739"
"1996-Q3";"WMF";"T5";"39139.73275445"
"1996-Q3";"WMF";"T5S";"39139.73275445"
"1996-Q3";"WMF";"BBIP";"106302.90684284"
"1996-Q3";"WMF";"BBIPS";"106142.5333092"
"1996-Q3";"VVP";"PHPOE";"0.20231164"
"1996-Q3";"VVP";"S";"-0.059361"
"1996-Q3";"VVP";"T0";"0.15592654"
"1996-Q3";"VVP";"B";"-1.99249319"
"1996-Q3";"VVP";"A";"0.6339607"
"1996-Q3";"VVP";"T1";"-0.41690878"
"1996-Q3";"VVP";"T2";"2.20204947"
"1996-Q3";"VVP";"WG0";"0.1629152"
"1996-Q3";"VVP";"D0";"1.34389812"
"1996-Q3";"VVP";"D0S";"1.34389812"
"1996-Q3";"VVP";"T3";"1.94112454"
"1996-Q3";"VVP";"T3S";"1.94112454"
"1996-Q3";"VVP";"T4";"-3.15894041"
"1996-Q3";"VVP";"WG1";"-1.13865529"
"1996-Q3";"VVP";"D2";"1.54611649"
"1996-Q3";"VVP";"D2S";"1.54611649"
"1996-Q3";"VVP";"T5";"-1.9282548"
"1996-Q3";"VVP";"T5S";"-1.9282548"
"1996-Q3";"VVP";"BBIP";"-0.73871385"
"1996-Q3";"VVP";"BBIPS";"-0.81608427"
"1996-Q4";"WMF";"PHPOE";"60404.370076"
"1996-Q4";"WMF";"S";"12818.15189122"
"1996-Q4";"WMF";"T0";"73222.52196723"
"1996-Q4";"WMF";"B";"10351.99476572"
"1996-Q4";"WMF";"A";"16337.77170915"
"1996-Q4";"WMF";"T1";"26689.76647487"
"1996-Q4";"WMF";"T2";"30900.24417667"
"1996-Q4";"WMF";"WG0";"25968.54187053"
"1996-Q4";"WMF";"D0";"13412.54197678"
"1996-Q4";"WMF";"D0S";"13412.54197678"
"1996-Q4";"WMF";"T3";"44312.78615346"
"1996-Q4";"WMF";"T3S";"44312.78615346"
"1996-Q4";"WMF";"T4";"30632.88319836"
"1996-Q4";"WMF";"WG1";"25013.07200838"
"1996-Q4";"WMF";"D2";"10911.16143306"
"1996-Q4";"WMF";"D2S";"10911.16143306"
"1996-Q4";"WMF";"T5";"41544.04463142"
"1996-Q4";"WMF";"T5S";"41544.04463142"
"1996-Q4";"WMF";"BBIP";"106487.24841517"
"1996-Q4";"WMF";"BBIPS";"106465.32651686"
"1996-Q4";"VVP";"PHPOE";"0.89653324"
"1996-Q4";"VVP";"S";"-0.36559738"
"1996-Q4";"VVP";"T0";"0.67328402"
"1996-Q4";"VVP";"B";"-3.27623532"
"1996-Q4";"VVP";"A";"-0.84289139"
"1996-Q4";"VVP";"T1";"-1.80109154"
"1996-Q4";"VVP";"T2";"3.93579709"
"1996-Q4";"VVP";"WG0";"2.86360336"
"1996-Q4";"VVP";"D0";"4.13573028"
"1996-Q4";"VVP";"D0S";"4.13573028"
"1996-Q4";"VVP";"T3";"3.99623157"
"1996-Q4";"VVP";"T3S";"3.99623157"
"1996-Q4";"VVP";"T4";"7.33541545"
"1996-Q4";"VVP";"WG1";"2.81677572"
"1996-Q4";"VVP";"D2";"2.93225074"
"1996-Q4";"VVP";"D2S";"2.93225074"
"1996-Q4";"VVP";"T5";"6.14289293"
"1996-Q4";"VVP";"T5S";"6.14289293"
"1996-Q4";"VVP";"BBIP";"0.1734116"
"1996-Q4";"VVP";"BBIPS";"0.30411297"
"1997-Q1";"WMF";"PHPOE";"60957.42375847"
"1997-Q1";"WMF";"S";"12754.63629879"
"1997-Q1";"WMF";"T0";"73712.06005726"
"1997-Q1";"WMF";"B";"10344.27911529"
"1997-Q1";"WMF";"A";"16716.94358904"
"1997-Q1";"WMF";"T1";"27061.22270433"
"1997-Q1";"WMF";"T2";"34099.52574498"
"1997-Q1";"WMF";"WG0";"27031.53219588"
"1997-Q1";"WMF";"D0";"13917.78155676"
"1997-Q1";"WMF";"D0S";"13917.78155676"
"1997-Q1";"WMF";"T3";"48017.30730175"
"1997-Q1";"WMF";"T3S";"48017.30730175"
"1997-Q1";"WMF";"T4";"32989.44672816"
"1997-Q1";"WMF";"WG1";"26751.72966126"
"1997-Q1";"WMF";"D2";"11074.94702058"
"1997-Q1";"WMF";"D2S";"11074.94702057"
"1997-Q1";"WMF";"T5";"44064.39374874"
"1997-Q1";"WMF";"T5S";"44064.39374873"
"1997-Q1";"WMF";"BBIP";"106843.71025907"
"1997-Q1";"WMF";"BBIPS";"106904.9950166"
"1997-Q1";"VVP";"PHPOE";"0.91558555"
"1997-Q1";"VVP";"S";"-0.49551287"
"1997-Q1";"VVP";"T0";"0.66856218"
"1997-Q1";"VVP";"B";"-0.07453298"
"1997-Q1";"VVP";"A";"2.32082983"
"1997-Q1";"VVP";"T1";"1.39175526"
"1997-Q1";"VVP";"T2";"10.35358022"
"1997-Q1";"VVP";"WG0";"4.09337702"
"1997-Q1";"VVP";"D0";"3.76691891"
"1997-Q1";"VVP";"D0S";"3.76691891"
"1997-Q1";"VVP";"T3";"8.35993732"
"1997-Q1";"VVP";"T3S";"8.35993732"
"1997-Q1";"VVP";"T4";"7.69292108"
"1997-Q1";"VVP";"WG1";"6.95099607"
"1997-Q1";"VVP";"D2";"1.50108298"
"1997-Q1";"VVP";"D2S";"1.50108298"
"1997-Q1";"VVP";"T5";"6.06669172"
"1997-Q1";"VVP";"T5S";"6.06669172"
"1997-Q1";"VVP";"BBIP";"0.33474604"
"1997-Q1";"VVP";"BBIPS";"0.41296872"
"1997-Q2";"WMF";"PHPOE";"61367.33983606"
"1997-Q2";"WMF";"S";"12742.59498832"
"1997-Q2";"WMF";"T0";"74109.93482438"
"1997-Q2";"WMF";"B";"10288.22185794"
"1997-Q2";"WMF";"A";"17241.24253337"
"1997-Q2";"WMF";"T1";"27529.46439132"
"1997-Q2";"WMF";"T2";"34982.03521693"
"1997-Q2";"WMF";"WG0";"28558.08567647"
"1997-Q2";"WMF";"D0";"14336.6825549"
"1997-Q2";"WMF";"D0S";"14336.6825549"
"1997-Q2";"WMF";"T3";"49318.71777183"
"1997-Q2";"WMF";"T3S";"49318.71777183"
"1997-Q2";"WMF";"T4";"35218.02378574"
"1997-Q2";"WMF";"WG1";"27999.12442878"
"1997-Q2";"WMF";"D2";"11205.76177933"
"1997-Q2";"WMF";"D2S";"11205.76177932"
"1997-Q2";"WMF";"T5";"46423.78556507"
"1997-Q2";"WMF";"T5S";"46423.78556506"
"1997-Q2";"WMF";"BBIP";"107905.22127107"
"1997-Q2";"WMF";"BBIPS";"107972.15979277"
"1997-Q2";"VVP";"PHPOE";"0.67246293"
"1997-Q2";"VVP";"S";"-0.09440732"
"1997-Q2";"VVP";"T0";"0.53976889"
"1997-Q2";"VVP";"B";"-0.54191555"
"1997-Q2";"VVP";"A";"3.13633256"
"1997-Q2";"VVP";"T1";"1.73030499"
"1997-Q2";"VVP";"T2";"2.58804031"
"1997-Q2";"VVP";"WG0";"5.64730652"
"1997-Q2";"VVP";"D0";"3.00982593"
"1997-Q2";"VVP";"D0S";"3.00982593"
"1997-Q2";"VVP";"T3";"2.71029457"
"1997-Q2";"VVP";"T3S";"2.71029457"
"1997-Q2";"VVP";"T4";"6.75542417"
"1997-Q2";"VVP";"WG1";"4.66285651"
"1997-Q2";"VVP";"D2";"1.18117729"
"1997-Q2";"VVP";"D2S";"1.18117729"
"1997-Q2";"VVP";"T5";"5.35441797"
"1997-Q2";"VVP";"T5S";"5.35441797"
"1997-Q2";"VVP";"BBIP";"0.99351755"
"1997-Q2";"VVP";"BBIPS";"0.99823659"
"1997-Q3";"WMF";"PHPOE";"61710.34512142"
"1997-Q3";"WMF";"S";"12780.90516861"
"1997-Q3";"WMF";"T0";"74491.25029003"
"1997-Q3";"WMF";"B";"10223.55778775"
"1997-Q3";"WMF";"A";"17901.05579252"
"1997-Q3";"WMF";"T1";"28124.61358027"
"1997-Q3";"WMF";"T2";"34990.72679295"
"1997-Q3";"WMF";"WG0";"28592.47362818"
"1997-Q3";"WMF";"D0";"14869.94368918"
"1997-Q3";"WMF";"D0S";"14869.94368918"
"1997-Q3";"WMF";"T3";"49860.67048213"
"1997-Q3";"WMF";"T3S";"49860.67048213"
"1997-Q3";"WMF";"T4";"34073.70347627"
"1997-Q3";"WMF";"WG1";"28437.84825338"
"1997-Q3";"WMF";"D2";"11390.93662409"
"1997-Q3";"WMF";"D2S";"11390.93662409"
"1997-Q3";"WMF";"T5";"45464.64010036"
"1997-Q3";"WMF";"T5S";"45464.64010036"
"1997-Q3";"WMF";"BBIP";"109323.68854424"
"1997-Q3";"WMF";"BBIPS";"109395.61871261"
"1997-Q3";"VVP";"PHPOE";"0.55893784"
"1997-Q3";"VVP";"S";"0.30064661"
"1997-Q3";"VVP";"T0";"0.51452679"
"1997-Q3";"VVP";"B";"-0.62852523"
"1997-Q3";"VVP";"A";"3.82694726"
"1997-Q3";"VVP";"T1";"2.16186258"
"1997-Q3";"VVP";"T2";"0.02484583"
"1997-Q3";"VVP";"WG0";"0.12041406"
"1997-Q3";"VVP";"D0";"3.71955738"
"1997-Q3";"VVP";"D0S";"3.71955738"
"1997-Q3";"VVP";"T3";"1.09887835"
"1997-Q3";"VVP";"T3S";"1.09887835"
"1997-Q3";"VVP";"T4";"-3.24924623"
"1997-Q3";"VVP";"WG1";"1.5669198"
"1997-Q3";"VVP";"D2";"1.65249671"
"1997-Q3";"VVP";"D2S";"1.65249671"
"1997-Q3";"VVP";"T5";"-2.06606474"
"1997-Q3";"VVP";"T5S";"-2.06606474"
"1997-Q3";"VVP";"BBIP";"1.31454925"
"1997-Q3";"VVP";"BBIPS";"1.31835736"
"1997-Q4";"WMF";"PHPOE";"62254.19023087"
"1997-Q4";"WMF";"S";"12821.98723539"
"1997-Q4";"WMF";"T0";"75076.17746626"
"1997-Q4";"WMF";"B";"10337.18499241"
"1997-Q4";"WMF";"A";"18161.16459627"
"1997-Q4";"WMF";"T1";"28498.34958868"
"1997-Q4";"WMF";"T2";"36640.04016322"
"1997-Q4";"WMF";"WG0";"30061.47855654"
"1997-Q4";"WMF";"D0";"14969.95840103"
"1997-Q4";"WMF";"D0S";"14969.95840103"
"1997-Q4";"WMF";"T3";"51609.99856425"
"1997-Q4";"WMF";"T3S";"51609.99856425"
"1997-Q4";"WMF";"T4";"34132.42225389"
"1997-Q4";"WMF";"WG1";"28520.68894209"
"1997-Q4";"WMF";"D2";"11558.60209473"
"1997-Q4";"WMF";"D2S";"11558.60209474"
"1997-Q4";"WMF";"T5";"45691.02434862"
"1997-Q4";"WMF";"T5S";"45691.02434862"
"1997-Q4";"WMF";"BBIP";"109642.63367058"
"1997-Q4";"WMF";"BBIPS";"109718.89518375"
"1997-Q4";"VVP";"PHPOE";"0.88128677"
"1997-Q4";"VVP";"S";"0.32143316"
"1997-Q4";"VVP";"T0";"0.78522937"
"1997-Q4";"VVP";"B";"1.11142527"
"1997-Q4";"VVP";"A";"1.4530361"
"1997-Q4";"VVP";"T1";"1.3288574"
"1997-Q4";"VVP";"T2";"4.71357277"
"1997-Q4";"VVP";"WG0";"5.13773291"
"1997-Q4";"VVP";"D0";"0.67259644"
"1997-Q4";"VVP";"D0S";"0.67259644"
"1997-Q4";"VVP";"T3";"3.50843273"
"1997-Q4";"VVP";"T3S";"3.50843273"
"1997-Q4";"VVP";"T4";"0.17232872"
"1997-Q4";"VVP";"WG1";"0.29130435"
"1997-Q4";"VVP";"D2";"1.47191997"
"1997-Q4";"VVP";"D2S";"1.47191997"
"1997-Q4";"VVP";"T5";"0.49793476"
"1997-Q4";"VVP";"T5S";"0.49793476"
"1997-Q4";"VVP";"BBIP";"0.29174384"
"1997-Q4";"VVP";"BBIPS";"0.29551135"
"1998-Q1";"WMF";"PHPOE";"62336.31481572"
"1998-Q1";"WMF";"S";"12835.13191641"
"1998-Q1";"WMF";"T0";"75171.44673213"
"1998-Q1";"WMF";"B";"10432.0303423"
"1998-Q1";"WMF";"A";"18727.26456482"
"1998-Q1";"WMF";"T1";"29159.29490712"
"1998-Q1";"WMF";"T2";"35059.18369839"
"1998-Q1";"WMF";"WG0";"29367.21858145"
"1998-Q1";"WMF";"D0";"15281.86880556"
"1998-Q1";"WMF";"D0S";"15281.86880556"
"1998-Q1";"WMF";"T3";"50341.05250394"
"1998-Q1";"WMF";"T3S";"50341.05250394"
"1998-Q1";"WMF";"T4";"35410.71659981"
"1998-Q1";"WMF";"WG1";"29151.20444292"
"1998-Q1";"WMF";"D2";"12207.93002714"
"1998-Q1";"WMF";"D2S";"12207.93002716"
"1998-Q1";"WMF";"T5";"47618.64662695"
"1998-Q1";"WMF";"T5S";"47618.64662697"
"1998-Q1";"WMF";"BBIP";"110592.53910625"
"1998-Q1";"WMF";"BBIPS";"110556.41122295"
"1998-Q1";"VVP";"PHPOE";"0.13191816"
"1998-Q1";"VVP";"S";"0.10251672"
"1998-Q1";"VVP";"T0";"0.1268968"
"1998-Q1";"VVP";"B";"0.91751623"
"1998-Q1";"VVP";"A";"3.11709068"
"1998-Q1";"VVP";"T1";"2.31924069"
"1998-Q1";"VVP";"T2";"-4.31455986"
"1998-Q1";"VVP";"WG0";"-2.30946716"
"1998-Q1";"VVP";"D0";"2.08357563"
"1998-Q1";"VVP";"D0S";"2.08357563"
"1998-Q1";"VVP";"T3";"-2.45872136"
"1998-Q1";"VVP";"T3S";"-2.45872136"
"1998-Q1";"VVP";"T4";"3.74510293"
"1998-Q1";"VVP";"WG1";"2.21073026"
"1998-Q1";"VVP";"D2";"5.61770296"
"1998-Q1";"VVP";"D2S";"5.61770296"
"1998-Q1";"VVP";"T5";"4.21882045"
"1998-Q1";"VVP";"T5S";"4.21882045"
"1998-Q1";"VVP";"BBIP";"0.86636503"
"1998-Q1";"VVP";"BBIPS";"0.7633289"
"1998-Q2";"WMF";"PHPOE";"62752.88275588"
"1998-Q2";"WMF";"S";"12887.58599327"
"1998-Q2";"WMF";"T0";"75640.46874915"
"1998-Q2";"WMF";"B";"10431.81251393"
"1998-Q2";"WMF";"A";"19462.14263751"
"1998-Q2";"WMF";"T1";"29893.95515144"
"1998-Q2";"WMF";"T2";"36157.41669068"
"1998-Q2";"WMF";"WG0";"29788.86214722"
"1998-Q2";"WMF";"D0";"15759.55835076"
"1998-Q2";"WMF";"D0S";"15759.55835076"
"1998-Q2";"WMF";"T3";"51916.97504144"
"1998-Q2";"WMF";"T3S";"51916.97504144"
"1998-Q2";"WMF";"T4";"35088.69122076"
"1998-Q2";"WMF";"WG1";"30009.75093875"
"1998-Q2";"WMF";"D2";"12481.31270732"
"1998-Q2";"WMF";"D2S";"12481.31270734"
"1998-Q2";"WMF";"T5";"47570.00392808"
"1998-Q2";"WMF";"T5S";"47570.0039281"
"1998-Q2";"WMF";"BBIP";"112001.19627352"
"1998-Q2";"WMF";"BBIPS";"111797.40211279"
"1998-Q2";"VVP";"PHPOE";"0.66825885"
"1998-Q2";"VVP";"S";"0.40867579"
"1998-Q2";"VVP";"T0";"0.6239364"
"1998-Q2";"VVP";"B";"-0.00208807"
"1998-Q2";"VVP";"A";"3.92410792"
"1998-Q2";"VVP";"T1";"2.51947191"
"1998-Q2";"VVP";"T2";"3.13251159"
"1998-Q2";"VVP";"WG0";"1.43576268"
"1998-Q2";"VVP";"D0";"3.12585817"
"1998-Q2";"VVP";"D0S";"3.12585817"
"1998-Q2";"VVP";"T3";"3.13049183"
"1998-Q2";"VVP";"T3S";"3.13049183"
"1998-Q2";"VVP";"T4";"-0.90940091"
"1998-Q2";"VVP";"WG1";"2.94514931"
"1998-Q2";"VVP";"D2";"2.23938603"
"1998-Q2";"VVP";"D2S";"2.23938603"
"1998-Q2";"VVP";"T5";"-0.10215053"
"1998-Q2";"VVP";"T5S";"-0.10215053"
"1998-Q2";"VVP";"BBIP";"1.27373617"
"1998-Q2";"VVP";"BBIPS";"1.12249563"
"1998-Q3";"WMF";"PHPOE";"63061.45272748"
"1998-Q3";"WMF";"S";"12968.2090463"
"1998-Q3";"WMF";"T0";"76029.66177378"
"1998-Q3";"WMF";"B";"10517.0825092"
"1998-Q3";"WMF";"A";"19581.79431655"
"1998-Q3";"WMF";"T1";"30098.87682574"
"1998-Q3";"WMF";"T2";"33962.33385101"
"1998-Q3";"WMF";"WG0";"29139.61355768"
"1998-Q3";"WMF";"D0";"15808.29609264"
"1998-Q3";"WMF";"D0S";"15808.29609264"
"1998-Q3";"WMF";"T3";"49770.62994364"
"1998-Q3";"WMF";"T3S";"49770.62994364"
"1998-Q3";"WMF";"T4";"32249.73474048"
"1998-Q3";"WMF";"WG1";"28600.70305604"
"1998-Q3";"WMF";"D2";"12754.03186972"
"1998-Q3";"WMF";"D2S";"12754.03186972"
"1998-Q3";"WMF";"T5";"45003.7666102"
"1998-Q3";"WMF";"T5S";"45003.7666102"
"1998-Q3";"WMF";"BBIP";"111571.55114359"
"1998-Q3";"WMF";"BBIPS";"111485.81257809"
"1998-Q3";"VVP";"PHPOE";"0.49172238"
"1998-Q3";"VVP";"S";"0.62558693"
"1998-Q3";"VVP";"T0";"0.51453016"
"1998-Q3";"VVP";"B";"0.81740345"
"1998-Q3";"VVP";"A";"0.61479191"
"1998-Q3";"VVP";"T1";"0.68549536"
"1998-Q3";"VVP";"T2";"-6.07090617"
"1998-Q3";"VVP";"WG0";"-2.17950114"
"1998-Q3";"VVP";"D0";"0.3092583"
"1998-Q3";"VVP";"D0S";"0.3092583"
"1998-Q3";"VVP";"T3";"-4.13418751"
"1998-Q3";"VVP";"T3S";"-4.13418751"
"1998-Q3";"VVP";"T4";"-8.09080186"
"1998-Q3";"VVP";"WG1";"-4.69530016"
"1998-Q3";"VVP";"D2";"2.18501987"
"1998-Q3";"VVP";"D2S";"2.18501987"
"1998-Q3";"VVP";"T5";"-5.39465442"
"1998-Q3";"VVP";"T5S";"-5.39465442"
"1998-Q3";"VVP";"BBIP";"-0.38360763"
"1998-Q3";"VVP";"BBIPS";"-0.2787091"
"1998-Q4";"WMF";"PHPOE";"63493.60119783"
"1998-Q4";"WMF";"S";"12959.75743477"
"1998-Q4";"WMF";"T0";"76453.3586326"
"1998-Q4";"WMF";"B";"10080.00925251"
"1998-Q4";"WMF";"A";"20427.44404247"
"1998-Q4";"WMF";"T1";"30507.45329498"
"1998-Q4";"WMF";"T2";"34058.06884408"
"1998-Q4";"WMF";"WG0";"28985.1471078"
"1998-Q4";"WMF";"D0";"15824.9095524"
"1998-Q4";"WMF";"D0S";"15824.9095524"
"1998-Q4";"WMF";"T3";"49882.97839649"
"1998-Q4";"WMF";"T3S";"49882.97839649"
"1998-Q4";"WMF";"T4";"34512.97272078"
"1998-Q4";"WMF";"WG1";"29596.42474991"
"1998-Q4";"WMF";"D2";"13001.57530963"
"1998-Q4";"WMF";"D2S";"13001.57530959"
"1998-Q4";"WMF";"T5";"47514.54803041"
"1998-Q4";"WMF";"T5S";"47514.54803037"
"1998-Q4";"WMF";"BBIP";"110576.00422841"
"1998-Q4";"WMF";"BBIPS";"110608.43122151"
"1998-Q4";"VVP";"PHPOE";"0.6852815"
"1998-Q4";"VVP";"S";"-0.06517177"
"1998-Q4";"VVP";"T0";"0.55727837"
"1998-Q4";"VVP";"B";"-4.15584128"
"1998-Q4";"VVP";"A";"4.31855075"
"1998-Q4";"VVP";"T1";"1.35744756"
"1998-Q4";"VVP";"T2";"0.28188579"
"1998-Q4";"VVP";"WG0";"-0.53009093"
"1998-Q4";"VVP";"D0";"0.1050933"
"1998-Q4";"VVP";"D0S";"0.1050933"
"1998-Q4";"VVP";"T3";"0.22573243"
"1998-Q4";"VVP";"T3S";"0.22573243"
"1998-Q4";"VVP";"T4";"7.01784991"
"1998-Q4";"VVP";"WG1";"3.4814588"
"1998-Q4";"VVP";"D2";"1.94090341"
"1998-Q4";"VVP";"D2S";"1.94090341"
"1998-Q4";"VVP";"T5";"5.57904729"
"1998-Q4";"VVP";"T5S";"5.57904729"
"1998-Q4";"VVP";"BBIP";"-0.89229459"
"1998-Q4";"VVP";"BBIPS";"-0.78698925"
"1999-Q1";"WMF";"PHPOE";"63866.83529759"
"1999-Q1";"WMF";"S";"12992.90955914"
"1999-Q1";"WMF";"T0";"76859.74485674"
"1999-Q1";"WMF";"B";"10041.50196572"
"1999-Q1";"WMF";"A";"20472.99281702"
"1999-Q1";"WMF";"T1";"30514.49478275"
"1999-Q1";"WMF";"T2";"33461.16222205"
"1999-Q1";"WMF";"WG0";"29507.2033171"
"1999-Q1";"WMF";"D0";"16293.70190155"
"1999-Q1";"WMF";"D0S";"16293.70190155"
"1999-Q1";"WMF";"T3";"49754.8641236"
"1999-Q1";"WMF";"T3S";"49754.86412361"
"1999-Q1";"WMF";"T4";"32711.9671139"
"1999-Q1";"WMF";"WG1";"29027.25996928"
"1999-Q1";"WMF";"D2";"13144.41748434"
"1999-Q1";"WMF";"D2S";"13144.41748424"
"1999-Q1";"WMF";"T5";"45856.38459825"
"1999-Q1";"WMF";"T5S";"45856.38459815"
"1999-Q1";"WMF";"BBIP";"111232.85170931"
"1999-Q1";"WMF";"BBIPS";"111309.10559775"
"1999-Q1";"VVP";"PHPOE";"0.58782947"
"1999-Q1";"VVP";"S";"0.25580822"
"1999-Q1";"VVP";"T0";"0.5315479"
"1999-Q1";"VVP";"B";"-0.38201638"
"1999-Q1";"VVP";"A";"0.22297833"
"1999-Q1";"VVP";"T1";"0.0230812"
"1999-Q1";"VVP";"T2";"-1.75261441"
"1999-Q1";"VVP";"WG0";"1.8011163"
"1999-Q1";"VVP";"D0";"2.96236985"
"1999-Q1";"VVP";"D0S";"2.96236985"
"1999-Q1";"VVP";"T3";"-0.25682964"
"1999-Q1";"VVP";"T3S";"-0.25682964"
"1999-Q1";"VVP";"T4";"-5.2183439"
"1999-Q1";"VVP";"WG1";"-1.92308627"
"1999-Q1";"VVP";"D2";"1.09865283"
"1999-Q1";"VVP";"D2S";"1.09865283"
"1999-Q1";"VVP";"T5";"-3.48980155"
"1999-Q1";"VVP";"T5S";"-3.48980155"
"1999-Q1";"VVP";"BBIP";"0.59402353"
"1999-Q1";"VVP";"BBIPS";"0.63347285"
"1999-Q2";"WMF";"PHPOE";"64378.25915569"
"1999-Q2";"WMF";"S";"13107.32468097"
"1999-Q2";"WMF";"T0";"77485.58383666"
"1999-Q2";"WMF";"B";"10047.12884303"
"1999-Q2";"WMF";"A";"20116.4437169"
"1999-Q2";"WMF";"T1";"30163.57255993"
"1999-Q2";"WMF";"T2";"34646.88494755"
"1999-Q2";"WMF";"WG0";"30159.39298286"
"1999-Q2";"WMF";"D0";"16876.12543469"
"1999-Q2";"WMF";"D0S";"16876.12543469"
"1999-Q2";"WMF";"T3";"51523.01038224"
"1999-Q2";"WMF";"T3S";"51523.01038224"
"1999-Q2";"WMF";"T4";"34142.95493827"
"1999-Q2";"WMF";"WG1";"29543.23319595"
"1999-Q2";"WMF";"D2";"13523.69104047"
"1999-Q2";"WMF";"D2S";"13523.69104039"
"1999-Q2";"WMF";"T5";"47666.64597874"
"1999-Q2";"WMF";"T5S";"47666.64597866"
"1999-Q2";"WMF";"BBIP";"112212.13999274"
"1999-Q2";"WMF";"BBIPS";"112292.40780143"
"1999-Q2";"VVP";"PHPOE";"0.80076593"
"1999-Q2";"VVP";"S";"0.88059662"
"1999-Q2";"VVP";"T0";"0.81426107"
"1999-Q2";"VVP";"B";"0.05603621"
"1999-Q2";"VVP";"A";"-1.74155827"
"1999-Q2";"VVP";"T1";"-1.15001813"
"1999-Q2";"VVP";"T2";"3.54357902"
"1999-Q2";"VVP";"WG0";"2.21027272"
"1999-Q2";"VVP";"D0";"3.57453166"
"1999-Q2";"VVP";"D0S";"3.57453166"
"1999-Q2";"VVP";"T3";"3.55371538"
"1999-Q2";"VVP";"T3S";"3.55371538"
"1999-Q2";"VVP";"T4";"4.37450863"
"1999-Q2";"VVP";"WG1";"1.77754713"
"1999-Q2";"VVP";"D2";"2.88543449"
"1999-Q2";"VVP";"D2S";"2.88543449"
"1999-Q2";"VVP";"T5";"3.94767576"
"1999-Q2";"VVP";"T5S";"3.94767576"
"1999-Q2";"VVP";"BBIP";"0.88039484"
"1999-Q2";"VVP";"BBIPS";"0.88339781"
"1999-Q3";"WMF";"PHPOE";"64971.83164513"
"1999-Q3";"WMF";"S";"13216.3675314"
"1999-Q3";"WMF";"T0";"78188.19917653"
"1999-Q3";"WMF";"B";"10134.42336667"
"1999-Q3";"WMF";"A";"20916.62816121"
"1999-Q3";"WMF";"T1";"31051.05152788"
"1999-Q3";"WMF";"T2";"36076.97755965"
"1999-Q3";"WMF";"WG0";"31277.86560921"
"1999-Q3";"WMF";"D0";"17160.93971868"
"1999-Q3";"WMF";"D0S";"17160.93971868"
"1999-Q3";"WMF";"T3";"53237.91727834"
"1999-Q3";"WMF";"T3S";"53237.91727834"
"1999-Q3";"WMF";"T4";"34229.04072783"
"1999-Q3";"WMF";"WG1";"30682.00944391"
"1999-Q3";"WMF";"D2";"13926.55337076"
"1999-Q3";"WMF";"D2S";"13926.55337076"
"1999-Q3";"WMF";"T5";"48155.59409859"
"1999-Q3";"WMF";"T5S";"48155.59409859"
"1999-Q3";"WMF";"BBIP";"113481.87468016"
"1999-Q3";"WMF";"BBIPS";"113566.21265237"
"1999-Q3";"VVP";"PHPOE";"0.92200767"
"1999-Q3";"VVP";"S";"0.83192301"
"1999-Q3";"VVP";"T0";"0.90676911"
"1999-Q3";"VVP";"B";"0.86885044"
"1999-Q3";"VVP";"A";"3.97776295"
"1999-Q3";"VVP";"T1";"2.94222101"
"1999-Q3";"VVP";"T2";"4.12762248"
"1999-Q3";"VVP";"WG0";"3.70853826"
"1999-Q3";"VVP";"D0";"1.68767579"
"1999-Q3";"VVP";"D0S";"1.68767579"
"1999-Q3";"VVP";"T3";"3.32842915"
"1999-Q3";"VVP";"T3S";"3.32842915"
"1999-Q3";"VVP";"T4";"0.25213339"
"1999-Q3";"VVP";"WG1";"3.85460941"
"1999-Q3";"VVP";"D2";"2.9789377"
"1999-Q3";"VVP";"D2S";"2.9789377"
"1999-Q3";"VVP";"T5";"1.02576573"
"1999-Q3";"VVP";"T5S";"1.02576573"
"1999-Q3";"VVP";"BBIP";"1.13154841"
"1999-Q3";"VVP";"BBIPS";"1.13436418"
"1999-Q4";"WMF";"PHPOE";"65748.4562386"
"1999-Q4";"WMF";"S";"13383.83365073"
"1999-Q4";"WMF";"T0";"79132.28988933"
"1999-Q4";"WMF";"B";"10642.07967259"
"1999-Q4";"WMF";"A";"21003.61181487"
"1999-Q4";"WMF";"T1";"31645.69148746"
"1999-Q4";"WMF";"T2";"36725.34303356"
"1999-Q4";"WMF";"WG0";"33244.44028764"
"1999-Q4";"WMF";"D0";"18119.0993458"
"1999-Q4";"WMF";"D0S";"18119.0993458"
"1999-Q4";"WMF";"T3";"54844.44237936"
"1999-Q4";"WMF";"T3S";"54844.44237936"
"1999-Q4";"WMF";"T4";"38305.10118965"
"1999-Q4";"WMF";"WG1";"32468.99090273"
"1999-Q4";"WMF";"D2";"14576.65388382"
"1999-Q4";"WMF";"D2S";"14576.653884"
"1999-Q4";"WMF";"T5";"52881.75507348"
"1999-Q4";"WMF";"T5S";"52881.75507365"
"1999-Q4";"WMF";"BBIP";"116288.81771608"
"1999-Q4";"WMF";"BBIPS";"116377.28116633"
"1999-Q4";"VVP";"PHPOE";"1.19532507"
"1999-Q4";"VVP";"S";"1.26711155"
"1999-Q4";"VVP";"T0";"1.20745934"
"1999-Q4";"VVP";"B";"5.00922734"
"1999-Q4";"VVP";"A";"0.41585887"
"1999-Q4";"VVP";"T1";"1.91503969"
"1999-Q4";"VVP";"T2";"1.79717237"
"1999-Q4";"VVP";"WG0";"6.28743247"
"1999-Q4";"VVP";"D0";"5.58337505"
"1999-Q4";"VVP";"D0S";"5.58337505"
"1999-Q4";"VVP";"T3";"3.01763326"
"1999-Q4";"VVP";"T3S";"3.01763326"
"1999-Q4";"VVP";"T4";"11.90819367"
"1999-Q4";"VVP";"WG1";"5.82419956"
"1999-Q4";"VVP";"D2";"4.66806464"
"1999-Q4";"VVP";"D2S";"4.66806464"
"1999-Q4";"VVP";"T5";"9.81435504"
"1999-Q4";"VVP";"T5S";"9.81435504"
"1999-Q4";"VVP";"BBIP";"2.47347256"
"1999-Q4";"VVP";"BBIPS";"2.47526835"
"2000-Q1";"WMF";"PHPOE";"66167.86832669"
"2000-Q1";"WMF";"S";"13490.79785951"
"2000-Q1";"WMF";"T0";"79658.6661862"
"2000-Q1";"WMF";"B";"10754.91343667"
"2000-Q1";"WMF";"A";"21195.90839837"
"2000-Q1";"WMF";"T1";"31950.82183504"
"2000-Q1";"WMF";"T2";"37753.03505132"
"2000-Q1";"WMF";"WG0";"33504.00192275"
"2000-Q1";"WMF";"D0";"19660.78145659"
"2000-Q1";"WMF";"D0S";"19660.78145659"
"2000-Q1";"WMF";"T3";"57413.81650792"
"2000-Q1";"WMF";"T3S";"57413.81650791"
"2000-Q1";"WMF";"T4";"39385.9414148"
"2000-Q1";"WMF";"WG1";"34182.97308904"
"2000-Q1";"WMF";"D2";"15418.72736705"
"2000-Q1";"WMF";"D2S";"15418.72736751"
"2000-Q1";"WMF";"T5";"54804.66878185"
"2000-Q1";"WMF";"T5S";"54804.6687823"
"2000-Q1";"WMF";"BBIP";"117356.09622973"
"2000-Q1";"WMF";"BBIPS";"117376.83402422"
"2000-Q1";"VVP";"PHPOE";"0.63790408"
"2000-Q1";"VVP";"S";"0.79920456"
"2000-Q1";"VVP";"T0";"0.66518522"
"2000-Q1";"VVP";"B";"1.06026047"
"2000-Q1";"VVP";"A";"0.91554055"
"2000-Q1";"VVP";"T1";"0.96420819"
"2000-Q1";"VVP";"T2";"2.79831836"
"2000-Q1";"VVP";"WG0";"0.78076705"
"2000-Q1";"VVP";"D0";"8.50860234"
"2000-Q1";"VVP";"D0S";"8.50860234"
"2000-Q1";"VVP";"T3";"4.68483955"
"2000-Q1";"VVP";"T3S";"4.68483955"
"2000-Q1";"VVP";"T4";"2.82166132"
"2000-Q1";"VVP";"WG1";"5.27882801"
"2000-Q1";"VVP";"D2";"5.77686409"
"2000-Q1";"VVP";"D2S";"5.77686409"
"2000-Q1";"VVP";"T5";"3.63625168"
"2000-Q1";"VVP";"T5S";"3.63625168"
"2000-Q1";"VVP";"BBIP";"0.91778258"
"2000-Q1";"VVP";"BBIPS";"0.85889002"
"2000-Q2";"WMF";"PHPOE";"66647.21190213"
"2000-Q2";"WMF";"S";"13648.21461626"
"2000-Q2";"WMF";"T0";"80295.42651839"
"2000-Q2";"WMF";"B";"10947.3070474"
"2000-Q2";"WMF";"A";"21646.77337254"
"2000-Q2";"WMF";"T1";"32594.08041994"
"2000-Q2";"WMF";"T2";"41253.6030378"
"2000-Q2";"WMF";"WG0";"34210.39026383"
"2000-Q2";"WMF";"D0";"20345.49916596"
"2000-Q2";"WMF";"D0S";"20345.49916596"
"2000-Q2";"WMF";"T3";"61599.10220376"
"2000-Q2";"WMF";"T3S";"61599.10220376"
"2000-Q2";"WMF";"T4";"37240.82487274"
"2000-Q2";"WMF";"WG1";"33922.09201008"
"2000-Q2";"WMF";"D2";"15796.46563434"
"2000-Q2";"WMF";"D2S";"15796.46563475"
"2000-Q2";"WMF";"T5";"53037.29050708"
"2000-Q2";"WMF";"T5S";"53037.29050749"
"2000-Q2";"WMF";"BBIP";"118229.22265863"
"2000-Q2";"WMF";"BBIPS";"118108.13401094"
"2000-Q2";"VVP";"PHPOE";"0.72443557"
"2000-Q2";"VVP";"S";"1.16684542"
"2000-Q2";"VVP";"T0";"0.79936103"
"2000-Q2";"VVP";"B";"1.78889037"
"2000-Q2";"VVP";"A";"2.12713211"
"2000-Q2";"VVP";"T1";"2.01327712"
"2000-Q2";"VVP";"T2";"9.2722823"
"2000-Q2";"VVP";"WG0";"2.10837005"
"2000-Q2";"VVP";"D0";"3.48265765"
"2000-Q2";"VVP";"D0S";"3.48265765"
"2000-Q2";"VVP";"T3";"7.28968383"
"2000-Q2";"VVP";"T3S";"7.28968383"
"2000-Q2";"VVP";"T4";"-5.4464016"
"2000-Q2";"VVP";"WG1";"-0.76319014"
"2000-Q2";"VVP";"D2";"2.4498667"
"2000-Q2";"VVP";"D2S";"2.4498667"
"2000-Q2";"VVP";"T5";"-3.22486809"
"2000-Q2";"VVP";"T5S";"-3.22486809"
"2000-Q2";"VVP";"BBIP";"0.74399751"
"2000-Q2";"VVP";"BBIPS";"0.62303605"
"2000-Q3";"WMF";"PHPOE";"67397.81493672"
"2000-Q3";"WMF";"S";"13764.33248189"
"2000-Q3";"WMF";"T0";"81162.14741861"
"2000-Q3";"WMF";"B";"11016.57266991"
"2000-Q3";"WMF";"A";"21961.29176299"
"2000-Q3";"WMF";"T1";"32977.86443291"
"2000-Q3";"WMF";"T2";"40252.39912822"
"2000-Q3";"WMF";"WG0";"35297.91426261"
"2000-Q3";"WMF";"D0";"20353.25151276"
"2000-Q3";"WMF";"D0S";"20353.25151276"
"2000-Q3";"WMF";"T3";"60605.65064097"
"2000-Q3";"WMF";"T3S";"60605.65064097"
"2000-Q3";"WMF";"T4";"39436.86070081"
"2000-Q3";"WMF";"WG1";"35184.74977871"
"2000-Q3";"WMF";"D2";"15927.18449566"
"2000-Q3";"WMF";"D2S";"15927.18449564"
"2000-Q3";"WMF";"T5";"55364.04519647"
"2000-Q3";"WMF";"T5S";"55364.04519645"
"2000-Q3";"WMF";"BBIP";"119694.69302198"
"2000-Q3";"WMF";"BBIPS";"119431.94371421"
"2000-Q3";"VVP";"PHPOE";"1.12623321"
"2000-Q3";"VVP";"S";"0.85079162"
"2000-Q3";"VVP";"T0";"1.07941503"
"2000-Q3";"VVP";"B";"0.63271837"
"2000-Q3";"VVP";"A";"1.45295738"
"2000-Q3";"VVP";"T1";"1.17746538"
"2000-Q3";"VVP";"T2";"-2.42694901"
"2000-Q3";"VVP";"WG0";"3.17892895"
"2000-Q3";"VVP";"D0";"0.0381035"
"2000-Q3";"VVP";"D0S";"0.0381035"
"2000-Q3";"VVP";"T3";"-1.61276955"
"2000-Q3";"VVP";"T3S";"-1.61276955"
"2000-Q3";"VVP";"T4";"5.89685066"
"2000-Q3";"VVP";"WG1";"3.72222848"
"2000-Q3";"VVP";"D2";"0.82751968"
"2000-Q3";"VVP";"D2S";"0.82751967"
"2000-Q3";"VVP";"T5";"4.38701651"
"2000-Q3";"VVP";"T5S";"4.38701651"
"2000-Q3";"VVP";"BBIP";"1.2395162"
"2000-Q3";"VVP";"BBIPS";"1.1208455"
"2000-Q4";"WMF";"PHPOE";"67895.62349365"
"2000-Q4";"WMF";"S";"13912.68269699"
"2000-Q4";"WMF";"T0";"81808.30619063"
"2000-Q4";"WMF";"B";"11112.00532288"
"2000-Q4";"WMF";"A";"22652.85183429"
"2000-Q4";"WMF";"T1";"33764.85715718"
"2000-Q4";"WMF";"T2";"42025.09830943"
"2000-Q4";"WMF";"WG0";"35850.96912659"
"2000-Q4";"WMF";"D0";"21026.67094101"
"2000-Q4";"WMF";"D0S";"21026.67094102"
"2000-Q4";"WMF";"T3";"63051.76925044"
"2000-Q4";"WMF";"T3S";"63051.76925045"
"2000-Q4";"WMF";"T4";"42171.45422102"
"2000-Q4";"WMF";"WG1";"37158.4332119"
"2000-Q4";"WMF";"D2";"16282.84521816"
"2000-Q4";"WMF";"D2S";"16282.84521731"
"2000-Q4";"WMF";"T5";"58454.29943919"
"2000-Q4";"WMF";"T5S";"58454.29943833"
"2000-Q4";"WMF";"BBIP";"121671.44961863"
"2000-Q4";"WMF";"BBIPS";"121632.81268124"
"2000-Q4";"VVP";"PHPOE";"0.73861231"
"2000-Q4";"VVP";"S";"1.07778721"
"2000-Q4";"VVP";"T0";"0.79613316"
"2000-Q4";"VVP";"B";"0.86626445"
"2000-Q4";"VVP";"A";"3.14899542"
"2000-Q4";"VVP";"T1";"2.38642719"
"2000-Q4";"VVP";"T2";"4.40395907"
"2000-Q4";"VVP";"WG0";"1.56682024"
"2000-Q4";"VVP";"D0";"3.30865772"
"2000-Q4";"VVP";"D0S";"3.30865772"
"2000-Q4";"VVP";"T3";"4.03612301"
"2000-Q4";"VVP";"T3S";"4.03612301"
"2000-Q4";"VVP";"T4";"6.93410548"
"2000-Q4";"VVP";"WG1";"5.60948549"
"2000-Q4";"VVP";"D2";"2.23304202"
"2000-Q4";"VVP";"D2S";"2.23304202"
"2000-Q4";"VVP";"T5";"5.58169879"
"2000-Q4";"VVP";"T5S";"5.58169879"
"2000-Q4";"VVP";"BBIP";"1.65149895"
"2000-Q4";"VVP";"BBIPS";"1.84278083"
"2001-Q1";"WMF";"PHPOE";"68453.63113484"
"2001-Q1";"WMF";"S";"14132.60698849"
"2001-Q1";"WMF";"T0";"82586.23812333"
"2001-Q1";"WMF";"B";"11050.5190439"
"2001-Q1";"WMF";"A";"22405.72468791"
"2001-Q1";"WMF";"T1";"33456.24373181"
"2001-Q1";"WMF";"T2";"42624.43581038"
"2001-Q1";"WMF";"WG0";"36759.55378042"
"2001-Q1";"WMF";"D0";"20194.53499636"
"2001-Q1";"WMF";"D0S";"20194.53499638"
"2001-Q1";"WMF";"T3";"62818.97080674"
"2001-Q1";"WMF";"T3S";"62818.97080675"
"2001-Q1";"WMF";"T4";"43587.46599867"
"2001-Q1";"WMF";"WG1";"39294.63634183"
"2001-Q1";"WMF";"D2";"15897.83242802"
"2001-Q1";"WMF";"D2S";"15897.83242606"
"2001-Q1";"WMF";"T5";"59485.29842669"
"2001-Q1";"WMF";"T5S";"59485.29842474"
"2001-Q1";"WMF";"BBIP";"122166.43317676"
"2001-Q1";"WMF";"BBIPS";"122279.77271723"
"2001-Q1";"VVP";"PHPOE";"0.82186099"
"2001-Q1";"VVP";"S";"1.58074684"
"2001-Q1";"VVP";"T0";"0.95092047"
"2001-Q1";"VVP";"B";"-0.55333198"
"2001-Q1";"VVP";"A";"-1.09093172"
"2001-Q1";"VVP";"T1";"-0.91400779"
"2001-Q1";"VVP";"T2";"1.42614182"
"2001-Q1";"VVP";"WG0";"2.53433778"
"2001-Q1";"VVP";"D0";"-3.95752588"
"2001-Q1";"VVP";"D0S";"-3.95752588"
"2001-Q1";"VVP";"T3";"-0.36921794"
"2001-Q1";"VVP";"T3S";"-0.36921794"
"2001-Q1";"VVP";"T4";"3.35774946"
"2001-Q1";"VVP";"WG1";"5.74890528"
"2001-Q1";"VVP";"D2";"-2.36453018"
"2001-Q1";"VVP";"D2S";"-2.36453019"
"2001-Q1";"VVP";"T5";"1.7637693"
"2001-Q1";"VVP";"T5S";"1.7637693"
"2001-Q1";"VVP";"BBIP";"0.40681981"
"2001-Q1";"VVP";"BBIPS";"0.53189598"
"2001-Q2";"WMF";"PHPOE";"69070.86509157"
"2001-Q2";"WMF";"S";"14046.30189522"
"2001-Q2";"WMF";"T0";"83117.16698679"
"2001-Q2";"WMF";"B";"10948.38686683"
"2001-Q2";"WMF";"A";"22293.21052065"
"2001-Q2";"WMF";"T1";"33241.59738748"
"2001-Q2";"WMF";"T2";"40986.90463382"
"2001-Q2";"WMF";"WG0";"36154.48748894"
"2001-Q2";"WMF";"D0";"20306.21157421"
"2001-Q2";"WMF";"D0S";"20306.21157422"
"2001-Q2";"WMF";"T3";"61293.11620802"
"2001-Q2";"WMF";"T3S";"61293.11620804"
"2001-Q2";"WMF";"T4";"42706.75905844"
"2001-Q2";"WMF";"WG1";"36598.37646161"
"2001-Q2";"WMF";"D2";"15957.33701959"
"2001-Q2";"WMF";"D2S";"15957.33701784"
"2001-Q2";"WMF";"T5";"58664.09607803"
"2001-Q2";"WMF";"T5S";"58664.09607628"
"2001-Q2";"WMF";"BBIP";"122744.1486774"
"2001-Q2";"WMF";"BBIPS";"122861.19809662"
"2001-Q2";"VVP";"PHPOE";"0.90168183"
"2001-Q2";"VVP";"S";"-0.61068063"
"2001-Q2";"VVP";"T0";"0.64287813"
"2001-Q2";"VVP";"B";"-0.92422968"
"2001-Q2";"VVP";"A";"-0.50216705"
"2001-Q2";"VVP";"T1";"-0.64157335"
"2001-Q2";"VVP";"T2";"-3.84176622"
"2001-Q2";"VVP";"WG0";"-1.64601098"
"2001-Q2";"VVP";"D0";"0.55300396"
"2001-Q2";"VVP";"D0S";"0.55300396"
"2001-Q2";"VVP";"T3";"-2.42897102"
"2001-Q2";"VVP";"T3S";"-2.42897102"
"2001-Q2";"VVP";"T4";"-2.02055091"
"2001-Q2";"VVP";"WG1";"-6.86164864"
"2001-Q2";"VVP";"D2";"0.37429374"
"2001-Q2";"VVP";"D2S";"0.37429374"
"2001-Q2";"VVP";"T5";"-1.38051312"
"2001-Q2";"VVP";"T5S";"-1.38051312"
"2001-Q2";"VVP";"BBIP";"0.47289217"
"2001-Q2";"VVP";"BBIPS";"0.47548778"
"2001-Q3";"WMF";"PHPOE";"69155.08086402"
"2001-Q3";"WMF";"S";"14167.43062879"
"2001-Q3";"WMF";"T0";"83322.51149281"
"2001-Q3";"WMF";"B";"10937.84359527"
"2001-Q3";"WMF";"A";"21900.89564639"
"2001-Q3";"WMF";"T1";"32838.73924166"
"2001-Q3";"WMF";"T2";"39087.54501428"
"2001-Q3";"WMF";"WG0";"34712.15418374"
"2001-Q3";"WMF";"D0";"19220.79498978"
"2001-Q3";"WMF";"D0S";"19220.79498978"
"2001-Q3";"WMF";"T3";"58308.34000406"
"2001-Q3";"WMF";"T3S";"58308.34000406"
"2001-Q3";"WMF";"T4";"37905.64750909"
"2001-Q3";"WMF";"WG1";"34901.69922127"
"2001-Q3";"WMF";"D2";"15798.66967198"
"2001-Q3";"WMF";"D2S";"15798.66967219"
"2001-Q3";"WMF";"T5";"53704.31718107"
"2001-Q3";"WMF";"T5S";"53704.31718128"
"2001-Q3";"WMF";"BBIP";"122627.66475608"
"2001-Q3";"WMF";"BBIPS";"122747.1085994"
"2001-Q3";"VVP";"PHPOE";"0.12192662"
"2001-Q3";"VVP";"S";"0.8623532"
"2001-Q3";"VVP";"T0";"0.24705427"
"2001-Q3";"VVP";"B";"-0.09629977"
"2001-Q3";"VVP";"A";"-1.75979531"
"2001-Q3";"VVP";"T1";"-1.21190971"
"2001-Q3";"VVP";"T2";"-4.63406455"
"2001-Q3";"VVP";"WG0";"-3.98936178"
"2001-Q3";"VVP";"D0";"-5.34524414"
"2001-Q3";"VVP";"D0S";"-5.34524414"
"2001-Q3";"VVP";"T3";"-4.86967606"
"2001-Q3";"VVP";"T3S";"-4.86967606"
"2001-Q3";"VVP";"T4";"-11.24204144"
"2001-Q3";"VVP";"WG1";"-4.63593581"
"2001-Q3";"VVP";"D2";"-0.99432222"
"2001-Q3";"VVP";"D2S";"-0.99432221"
"2001-Q3";"VVP";"T5";"-8.45453903"
"2001-Q3";"VVP";"T5S";"-8.45453902"
"2001-Q3";"VVP";"BBIP";"-0.09489978"
"2001-Q3";"VVP";"BBIPS";"-0.09286048"
"2001-Q4";"WMF";"PHPOE";"68870.38340385"
"2001-Q4";"WMF";"S";"14264.83573163"
"2001-Q4";"WMF";"T0";"83135.21913548"
"2001-Q4";"WMF";"B";"10842.1968448"
"2001-Q4";"WMF";"A";"21421.52440175"
"2001-Q4";"WMF";"T1";"32263.72124655"
"2001-Q4";"WMF";"T2";"40755.21057532"
"2001-Q4";"WMF";"WG0";"34171.99114269"
"2001-Q4";"WMF";"D0";"18861.61155758"
"2001-Q4";"WMF";"D0S";"18861.61155754"
"2001-Q4";"WMF";"T3";"59616.8221329"
"2001-Q4";"WMF";"T3S";"59616.82213287"
"2001-Q4";"WMF";"T4";"36955.54425562"
"2001-Q4";"WMF";"WG1";"32805.99532569"
"2001-Q4";"WMF";"D2";"15507.11418811"
"2001-Q4";"WMF";"D2S";"15507.11419161"
"2001-Q4";"WMF";"T5";"52462.65844374"
"2001-Q4";"WMF";"T5S";"52462.65844724"
"2001-Q4";"WMF";"BBIP";"122440.92463424"
"2001-Q4";"WMF";"BBIPS";"122561.44676559"
"2001-Q4";"VVP";"PHPOE";"-0.41167974"
"2001-Q4";"VVP";"S";"0.68752836"
"2001-Q4";"VVP";"T0";"-0.22478002"
"2001-Q4";"VVP";"B";"-0.87445711"
"2001-Q4";"VVP";"A";"-2.18882028"
"2001-Q4";"VVP";"T1";"-1.75103554"
"2001-Q4";"VVP";"T2";"4.26648837"
"2001-Q4";"VVP";"WG0";"-1.55612077"
"2001-Q4";"VVP";"D0";"-1.86872308"
"2001-Q4";"VVP";"D0S";"-1.86872308"
"2001-Q4";"VVP";"T3";"2.24407371"
"2001-Q4";"VVP";"T3S";"2.24407371"
"2001-Q4";"VVP";"T4";"-2.50649525"
"2001-Q4";"VVP";"WG1";"-6.00458987"
"2001-Q4";"VVP";"D2";"-1.84544326"
"2001-Q4";"VVP";"D2S";"-1.84544323"
"2001-Q4";"VVP";"T5";"-2.31202779"
"2001-Q4";"VVP";"T5S";"-2.31202778"
"2001-Q4";"VVP";"BBIP";"-0.15228221"
"2001-Q4";"VVP";"BBIPS";"-0.15125557"
"2002-Q1";"WMF";"PHPOE";"68562.61963506"
"2002-Q1";"WMF";"S";"14457.35271402"
"2002-Q1";"WMF";"T0";"83019.97234908"
"2002-Q1";"WMF";"B";"11012.09977472"
"2002-Q1";"WMF";"A";"22167.31244724"
"2002-Q1";"WMF";"T1";"33179.41222196"
"2002-Q1";"WMF";"T2";"38986.38177758"
"2002-Q1";"WMF";"WG0";"34353.41934161"
"2002-Q1";"WMF";"D0";"18958.5805266"
"2002-Q1";"WMF";"D0S";"18958.58052651"
"2002-Q1";"WMF";"T3";"57944.96230419"
"2002-Q1";"WMF";"T3S";"57944.9623041"
"2002-Q1";"WMF";"T4";"38846.98582898"
"2002-Q1";"WMF";"WG1";"32941.66718811"
"2002-Q1";"WMF";"D2";"15643.32105128"
"2002-Q1";"WMF";"D2S";"15643.32105976"
"2002-Q1";"WMF";"T5";"54490.30688026"
"2002-Q1";"WMF";"T5S";"54490.30688875"
"2002-Q1";"WMF";"BBIP";"122006.02844064"
"2002-Q1";"WMF";"BBIPS";"121930.93407643"
"2002-Q1";"VVP";"PHPOE";"-0.4468739"
"2002-Q1";"VVP";"S";"1.3495913"
"2002-Q1";"VVP";"T0";"-0.13862571"
"2002-Q1";"VVP";"B";"1.56705262"
"2002-Q1";"VVP";"A";"3.48148914"
"2002-Q1";"VVP";"T1";"2.83814433"
"2002-Q1";"VVP";"T2";"-4.34012921"
"2002-Q1";"VVP";"WG0";"0.53092662"
"2002-Q1";"VVP";"D0";"0.51410755"
"2002-Q1";"VVP";"D0S";"0.51410755"
"2002-Q1";"VVP";"T3";"-2.80434241"
"2002-Q1";"VVP";"T3S";"-2.80434241"
"2002-Q1";"VVP";"T4";"5.11815375"
"2002-Q1";"VVP";"WG1";"0.41355813"
"2002-Q1";"VVP";"D2";"0.87835081"
"2002-Q1";"VVP";"D2S";"0.87835084"
"2002-Q1";"VVP";"T5";"3.8649365"
"2002-Q1";"VVP";"T5S";"3.86493651"
"2002-Q1";"VVP";"BBIP";"-0.35518859"
"2002-Q1";"VVP";"BBIPS";"-0.51444619"
"2002-Q2";"WMF";"PHPOE";"68526.20404459"
"2002-Q2";"WMF";"S";"14543.83932091"
"2002-Q2";"WMF";"T0";"83070.0433655"
"2002-Q2";"WMF";"B";"11083.36710339"
"2002-Q2";"WMF";"A";"22239.40308059"
"2002-Q2";"WMF";"T1";"33322.77018398"
"2002-Q2";"WMF";"T2";"40789.28002725"
"2002-Q2";"WMF";"WG0";"36237.50186917"
"2002-Q2";"WMF";"D0";"18718.00245419"
"2002-Q2";"WMF";"D0S";"18718.00245411"
"2002-Q2";"WMF";"T3";"59507.28248145"
"2002-Q2";"WMF";"T3S";"59507.28248136"
"2002-Q2";"WMF";"T4";"38380.75404781"
"2002-Q2";"WMF";"WG1";"34480.6783636"
"2002-Q2";"WMF";"D2";"15609.03240049"
"2002-Q2";"WMF";"D2S";"15609.03240746"
"2002-Q2";"WMF";"T5";"53989.7864483"
"2002-Q2";"WMF";"T5S";"53989.78645527"
"2002-Q2";"WMF";"BBIP";"122584.50516995"
"2002-Q2";"WMF";"BBIPS";"122241.75789236"
"2002-Q2";"VVP";"PHPOE";"-0.05311289"
"2002-Q2";"VVP";"S";"0.59821883"
"2002-Q2";"VVP";"T0";"0.06031201"
"2002-Q2";"VVP";"B";"0.64717293"
"2002-Q2";"VVP";"A";"0.32521143"
"2002-Q2";"VVP";"T1";"0.43206902"
"2002-Q2";"VVP";"T2";"4.62443081"
"2002-Q2";"VVP";"WG0";"5.48441047"
"2002-Q2";"VVP";"D0";"-1.26896669"
"2002-Q2";"VVP";"D0S";"-1.26896669"
"2002-Q2";"VVP";"T3";"2.69621399"
"2002-Q2";"VVP";"T3S";"2.69621399"
"2002-Q2";"VVP";"T4";"-1.20017492"
"2002-Q2";"VVP";"WG1";"4.67192861"
"2002-Q2";"VVP";"D2";"-0.21919035"
"2002-Q2";"VVP";"D2S";"-0.21919036"
"2002-Q2";"VVP";"T5";"-0.91854948"
"2002-Q2";"VVP";"T5S";"-0.91854949"
"2002-Q2";"VVP";"BBIP";"0.47413782"
"2002-Q2";"VVP";"BBIPS";"0.25491793"
"2002-Q3";"WMF";"PHPOE";"68681.07849051"
"2002-Q3";"WMF";"S";"14696.29230231"
"2002-Q3";"WMF";"T0";"83377.37079282"
"2002-Q3";"WMF";"B";"11045.89958524"
"2002-Q3";"WMF";"A";"22252.31348099"
"2002-Q3";"WMF";"T1";"33298.21306623"
"2002-Q3";"WMF";"T2";"39804.93775291"
"2002-Q3";"WMF";"WG0";"35368.21753894"
"2002-Q3";"WMF";"D0";"18517.90462847"
"2002-Q3";"WMF";"D0S";"18517.90462847"
"2002-Q3";"WMF";"T3";"58322.84238138"
"2002-Q3";"WMF";"T3S";"58322.84238139"
"2002-Q3";"WMF";"T4";"36010.90282464"
"2002-Q3";"WMF";"WG1";"32612.59066759"
"2002-Q3";"WMF";"D2";"15506.34673107"
"2002-Q3";"WMF";"D2S";"15506.34673046"
"2002-Q3";"WMF";"T5";"51517.24955571"
"2002-Q3";"WMF";"T5S";"51517.24955511"
"2002-Q3";"WMF";"BBIP";"122776.58182728"
"2002-Q3";"WMF";"BBIPS";"122612.86299281"
"2002-Q3";"VVP";"PHPOE";"0.22600762"
"2002-Q3";"VVP";"S";"1.04823065"
"2002-Q3";"VVP";"T0";"0.3699618"
"2002-Q3";"VVP";"B";"-0.33805177"
"2002-Q3";"VVP";"A";"0.05805192"
"2002-Q3";"VVP";"T1";"-0.07369471"
"2002-Q3";"VVP";"T2";"-2.41323768"
"2002-Q3";"VVP";"WG0";"-2.39885281"
"2002-Q3";"VVP";"D0";"-1.06901271"
"2002-Q3";"VVP";"D0S";"-1.06901271"
"2002-Q3";"VVP";"T3";"-1.99041201"
"2002-Q3";"VVP";"T3S";"-1.99041201"
"2002-Q3";"VVP";"T4";"-6.17458224"
"2002-Q3";"VVP";"WG1";"-5.41778116"
"2002-Q3";"VVP";"D2";"-0.65786057"
"2002-Q3";"VVP";"D2S";"-0.65786062"
"2002-Q3";"VVP";"T5";"-4.57963822"
"2002-Q3";"VVP";"T5S";"-4.57963823"
"2002-Q3";"VVP";"BBIP";"0.15668918"
"2002-Q3";"VVP";"BBIPS";"0.30358292"
"2002-Q4";"WMF";"PHPOE";"68743.03996269"
"2002-Q4";"WMF";"S";"14747.88370515"
"2002-Q4";"WMF";"T0";"83490.92366784"
"2002-Q4";"WMF";"B";"11073.33656637"
"2002-Q4";"WMF";"A";"21748.11870587"
"2002-Q4";"WMF";"T1";"32821.45527224"
"2002-Q4";"WMF";"T2";"39730.56259406"
"2002-Q4";"WMF";"WG0";"34780.0379841"
"2002-Q4";"WMF";"D0";"18366.69115999"
"2002-Q4";"WMF";"D0S";"18366.69116015"
"2002-Q4";"WMF";"T3";"58097.25375404"
"2002-Q4";"WMF";"T3S";"58097.25375421"
"2002-Q4";"WMF";"T4";"35426.0805616"
"2002-Q4";"WMF";"WG1";"31984.57386751"
"2002-Q4";"WMF";"D2";"15576.34785358"
"2002-Q4";"WMF";"D2S";"15576.34783873"
"2002-Q4";"WMF";"T5";"51002.42841518"
"2002-Q4";"WMF";"T5S";"51002.42840032"
"2002-Q4";"WMF";"BBIP";"122187.26569852"
"2002-Q4";"WMF";"BBIPS";"122202.87853344"
"2002-Q4";"VVP";"PHPOE";"0.09021622"
"2002-Q4";"VVP";"S";"0.35105047"
"2002-Q4";"VVP";"T0";"0.13619148"
"2002-Q4";"VVP";"B";"0.24839064"
"2002-Q4";"VVP";"A";"-2.26580834"
"2002-Q4";"VVP";"T1";"-1.43178192"
"2002-Q4";"VVP";"T2";"-0.18684908"
"2002-Q4";"VVP";"WG0";"-1.66301724"
"2002-Q4";"VVP";"D0";"-0.8165798"
"2002-Q4";"VVP";"D0S";"-0.8165798"
"2002-Q4";"VVP";"T3";"-0.38679292"
"2002-Q4";"VVP";"T3S";"-0.38679292"
"2002-Q4";"VVP";"T4";"-1.62401444"
"2002-Q4";"VVP";"WG1";"-1.92568817"
"2002-Q4";"VVP";"D2";"0.4514353"
"2002-Q4";"VVP";"D2S";"0.45143521"
"2002-Q4";"VVP";"T5";"-0.99931799"
"2002-Q4";"VVP";"T5S";"-0.99931801"
"2002-Q4";"VVP";"BBIP";"-0.47999066"
"2002-Q4";"VVP";"BBIPS";"-0.33437312"
"2003-Q1";"WMF";"PHPOE";"69231.47225712"
"2003-Q1";"WMF";"S";"14882.29253295"
"2003-Q1";"WMF";"T0";"84113.76479007"
"2003-Q1";"WMF";"B";"10966.81467858"
"2003-Q1";"WMF";"A";"21402.87977189"
"2003-Q1";"WMF";"T1";"32369.69445047"
"2003-Q1";"WMF";"T2";"38602.04464679"
"2003-Q1";"WMF";"WG0";"34018.56423565"
"2003-Q1";"WMF";"D0";"17602.74963532"
"2003-Q1";"WMF";"D0S";"17602.74963568"
"2003-Q1";"WMF";"T3";"56204.7942821"
"2003-Q1";"WMF";"T3S";"56204.79428247"
"2003-Q1";"WMF";"T4";"36972.3304438"
"2003-Q1";"WMF";"WG1";"33008.33156491"
"2003-Q1";"WMF";"D2";"15237.51208476"
"2003-Q1";"WMF";"D2S";"15237.51205009"
"2003-Q1";"WMF";"T5";"52209.84252856"
"2003-Q1";"WMF";"T5S";"52209.8424939"
"2003-Q1";"WMF";"BBIP";"122028.86892317"
"2003-Q1";"WMF";"BBIPS";"122141.32768948"
"2003-Q1";"VVP";"PHPOE";"0.7105189"
"2003-Q1";"VVP";"S";"0.91137705"
"2003-Q1";"VVP";"T0";"0.7459986"
"2003-Q1";"VVP";"B";"-0.9619674"
"2003-Q1";"VVP";"A";"-1.58744275"
"2003-Q1";"VVP";"T1";"-1.37641923"
"2003-Q1";"VVP";"T2";"-2.84042781"
"2003-Q1";"VVP";"WG0";"-2.18939884"
"2003-Q1";"VVP";"D0";"-4.15938569"
"2003-Q1";"VVP";"D0S";"-4.15938569"
"2003-Q1";"VVP";"T3";"-3.25739919"
"2003-Q1";"VVP";"T3S";"-3.25739919"
"2003-Q1";"VVP";"T4";"4.36472186"
"2003-Q1";"VVP";"WG1";"3.2007858"
"2003-Q1";"VVP";"D2";"-2.1753223"
"2003-Q1";"VVP";"D2S";"-2.17532243"
"2003-Q1";"VVP";"T5";"2.36736593"
"2003-Q1";"VVP";"T5S";"2.36736589"
"2003-Q1";"VVP";"BBIP";"-0.12963444"
"2003-Q1";"VVP";"BBIPS";"-0.05036775"
"2003-Q2";"WMF";"PHPOE";"69462.63981187"
"2003-Q2";"WMF";"S";"14951.6183018"
"2003-Q2";"WMF";"T0";"84414.25811367"
"2003-Q2";"WMF";"B";"11023.88639875"
"2003-Q2";"WMF";"A";"21083.18791641"
"2003-Q2";"WMF";"T1";"32107.07431515"
"2003-Q2";"WMF";"T2";"39440.92047015"
"2003-Q2";"WMF";"WG0";"34751.03268851"
"2003-Q2";"WMF";"D0";"18047.36929306"
"2003-Q2";"WMF";"D0S";"18047.36929335"
"2003-Q2";"WMF";"T3";"57488.28976321"
"2003-Q2";"WMF";"T3S";"57488.28976351"
"2003-Q2";"WMF";"T4";"35506.17679258"
"2003-Q2";"WMF";"WG1";"31909.13695687"
"2003-Q2";"WMF";"D2";"15160.77171721"
"2003-Q2";"WMF";"D2S";"15160.77168904"
"2003-Q2";"WMF";"T5";"50666.94850979"
"2003-Q2";"WMF";"T5S";"50666.94848162"
"2003-Q2";"WMF";"BBIP";"122554.75647722"
"2003-Q2";"WMF";"BBIPS";"122668.29304425"
"2003-Q2";"VVP";"PHPOE";"0.3339053"
"2003-Q2";"VVP";"S";"0.46582722"
"2003-Q2";"VVP";"T0";"0.35724631"
"2003-Q2";"VVP";"B";"0.5204038"
"2003-Q2";"VVP";"A";"-1.49368617"
"2003-Q2";"VVP";"T1";"-0.81131484"
"2003-Q2";"VVP";"T2";"2.17313832"
"2003-Q2";"VVP";"WG0";"2.15314335"
"2003-Q2";"VVP";"D0";"2.52585344"
"2003-Q2";"VVP";"D0S";"2.52585344"
"2003-Q2";"VVP";"T3";"2.28360498"
"2003-Q2";"VVP";"T3S";"2.28360498"
"2003-Q2";"VVP";"T4";"-3.96554297"
"2003-Q2";"VVP";"WG1";"-3.33005201"
"2003-Q2";"VVP";"D2";"-0.50362794"
"2003-Q2";"VVP";"D2S";"-0.50362789"
"2003-Q2";"VVP";"T5";"-2.95517846"
"2003-Q2";"VVP";"T5S";"-2.95517845"
"2003-Q2";"VVP";"BBIP";"0.4309534"
"2003-Q2";"VVP";"BBIPS";"0.43143903"
"2003-Q3";"WMF";"PHPOE";"69860.6841697"
"2003-Q3";"WMF";"S";"15082.40743288"
"2003-Q3";"WMF";"T0";"84943.09160258"
"2003-Q3";"WMF";"B";"11127.49062178"
"2003-Q3";"WMF";"A";"21774.25767407"
"2003-Q3";"WMF";"T1";"32901.74829584"
"2003-Q3";"WMF";"T2";"39811.0852664"
"2003-Q3";"WMF";"WG0";"35316.15221364"
"2003-Q3";"WMF";"D0";"18644.22759345"
"2003-Q3";"WMF";"D0S";"18644.22759343"
"2003-Q3";"WMF";"T3";"58455.31285985"
"2003-Q3";"WMF";"T3S";"58455.31285983"
"2003-Q3";"WMF";"T4";"37360.23519456"
"2003-Q3";"WMF";"WG1";"32811.06294684"
"2003-Q3";"WMF";"D2";"15764.44577222"
"2003-Q3";"WMF";"D2S";"15764.44577419"
"2003-Q3";"WMF";"T5";"53124.68096679"
"2003-Q3";"WMF";"T5S";"53124.68096876"
"2003-Q3";"WMF";"BBIP";"123826.13795766"
"2003-Q3";"WMF";"BBIPS";"123940.65848783"
"2003-Q3";"VVP";"PHPOE";"0.57303373"
"2003-Q3";"VVP";"S";"0.874749"
"2003-Q3";"VVP";"T0";"0.62647413"
"2003-Q3";"VVP";"B";"0.93981577"
"2003-Q3";"VVP";"A";"3.27782383"
"2003-Q3";"VVP";"T1";"2.47507441"
"2003-Q3";"VVP";"T2";"0.93852981"
"2003-Q3";"VVP";"WG0";"1.62619491"
"2003-Q3";"VVP";"D0";"3.30717619"
"2003-Q3";"VVP";"D0S";"3.30717619"
"2003-Q3";"VVP";"T3";"1.68212187"
"2003-Q3";"VVP";"T3S";"1.68212187"
"2003-Q3";"VVP";"T4";"5.22179116"
"2003-Q3";"VVP";"WG1";"2.82654461"
"2003-Q3";"VVP";"D2";"3.98181614"
"2003-Q3";"VVP";"D2S";"3.98181635"
"2003-Q3";"VVP";"T5";"4.85076076"
"2003-Q3";"VVP";"T5S";"4.85076082"
"2003-Q3";"VVP";"BBIP";"1.03739872"
"2003-Q3";"VVP";"BBIPS";"1.03724069"
"2003-Q4";"WMF";"PHPOE";"70395.44151909"
"2003-Q4";"WMF";"S";"15122.0960536"
"2003-Q4";"WMF";"T0";"85517.53757269"
"2003-Q4";"WMF";"B";"11247.87826807"
"2003-Q4";"WMF";"A";"22492.24390797"
"2003-Q4";"WMF";"T1";"33740.12217604"
"2003-Q4";"WMF";"T2";"41083.99990668"
"2003-Q4";"WMF";"WG0";"36613.87193921"
"2003-Q4";"WMF";"D0";"19477.86123586"
"2003-Q4";"WMF";"D0S";"19477.86123522"
"2003-Q4";"WMF";"T3";"60561.86114254"
"2003-Q4";"WMF";"T3S";"60561.8611419"
"2003-Q4";"WMF";"T4";"37985.55324523"
"2003-Q4";"WMF";"WG1";"33964.70624474"
"2003-Q4";"WMF";"D2";"16316.13528808"
"2003-Q4";"WMF";"D2S";"16316.13534895"
"2003-Q4";"WMF";"T5";"54301.68853332"
"2003-Q4";"WMF";"T5S";"54301.68859419"
"2003-Q4";"WMF";"BBIP";"125224.73808436"
"2003-Q4";"WMF";"BBIPS";"125340.14852346"
"2003-Q4";"VVP";"PHPOE";"0.76546251"
"2003-Q4";"VVP";"S";"0.26314513"
"2003-Q4";"VVP";"T0";"0.67627156"
"2003-Q4";"VVP";"B";"1.08189394"
"2003-Q4";"VVP";"A";"3.29740855"
"2003-Q4";"VVP";"T1";"2.54811347"
"2003-Q4";"VVP";"T2";"3.19738744"
"2003-Q4";"VVP";"WG0";"3.67457847"
"2003-Q4";"VVP";"D0";"4.4712694"
"2003-Q4";"VVP";"D0S";"4.47126939"
"2003-Q4";"VVP";"T3";"3.60369003"
"2003-Q4";"VVP";"T3S";"3.60369003"
"2003-Q4";"VVP";"T4";"1.67375298"
"2003-Q4";"VVP";"WG1";"3.51601928"
"2003-Q4";"VVP";"D2";"3.49958079"
"2003-Q4";"VVP";"D2S";"3.49958116"
"2003-Q4";"VVP";"T5";"2.21555696"
"2003-Q4";"VVP";"T5S";"2.21555707"
"2003-Q4";"VVP";"BBIP";"1.129487"
"2003-Q4";"VVP";"BBIPS";"1.12916137"
"2004-Q1";"WMF";"PHPOE";"71015.15368896"
"2004-Q1";"WMF";"S";"15034.84451869"
"2004-Q1";"WMF";"T0";"86049.99820765"
"2004-Q1";"WMF";"B";"11439.71909665"
"2004-Q1";"WMF";"A";"22332.5005907"
"2004-Q1";"WMF";"T1";"33772.21968735"
"2004-Q1";"WMF";"T2";"43653.18432307"
"2004-Q1";"WMF";"WG0";"38492.96789595"
"2004-Q1";"WMF";"D0";"19132.18439385"
"2004-Q1";"WMF";"D0S";"19132.18439213"
"2004-Q1";"WMF";"T3";"62785.36871692"
"2004-Q1";"WMF";"T3S";"62785.3687152"
"2004-Q1";"WMF";"T4";"37022.0964557"
"2004-Q1";"WMF";"WG1";"34330.47898387"
"2004-Q1";"WMF";"D2";"17063.84060178"
"2004-Q1";"WMF";"D2S";"17063.84075671"
"2004-Q1";"WMF";"T5";"54085.93705748"
"2004-Q1";"WMF";"T5S";"54085.93721241"
"2004-Q1";"WMF";"BBIP";"126091.37480932"
"2004-Q1";"WMF";"BBIPS";"126134.7508718"
"2004-Q1";"VVP";"PHPOE";"0.88032997"
"2004-Q1";"VVP";"S";"-0.57698043"
"2004-Q1";"VVP";"T0";"0.62263326"
"2004-Q1";"VVP";"B";"1.70557348"
"2004-Q1";"VVP";"A";"-0.71021512"
"2004-Q1";"VVP";"T1";"0.09513158"
"2004-Q1";"VVP";"T2";"6.25349144"
"2004-Q1";"VVP";"WG0";"5.13219678"
"2004-Q1";"VVP";"D0";"-1.77471663"
"2004-Q1";"VVP";"D0S";"-1.77471663"
"2004-Q1";"VVP";"T3";"3.67146506"
"2004-Q1";"VVP";"T3S";"3.67146506"
"2004-Q1";"VVP";"T4";"-2.53637688"
"2004-Q1";"VVP";"WG1";"1.07692007"
"2004-Q1";"VVP";"D2";"4.58261286"
"2004-Q1";"VVP";"D2S";"4.58261342"
"2004-Q1";"VVP";"T5";"-0.39732001"
"2004-Q1";"VVP";"T5S";"-0.39731984"
"2004-Q1";"VVP";"BBIP";"0.69206511"
"2004-Q1";"VVP";"BBIPS";"0.63395676"
"2004-Q2";"WMF";"PHPOE";"71505.18564925"
"2004-Q2";"WMF";"S";"15185.94860873"
"2004-Q2";"WMF";"T0";"86691.13425797"
"2004-Q2";"WMF";"B";"11493.10029415"
"2004-Q2";"WMF";"A";"23011.62018197"
"2004-Q2";"WMF";"T1";"34504.72047612"
"2004-Q2";"WMF";"T2";"45728.26753515"
"2004-Q2";"WMF";"WG0";"39099.48357248"
"2004-Q2";"WMF";"D0";"19491.09306352"
"2004-Q2";"WMF";"D0S";"19491.09306176"
"2004-Q2";"WMF";"T3";"65219.36059867"
"2004-Q2";"WMF";"T3S";"65219.36059692"
"2004-Q2";"WMF";"T4";"37300.38311697"
"2004-Q2";"WMF";"WG1";"34763.88032096"
"2004-Q2";"WMF";"D2";"17735.94367316"
"2004-Q2";"WMF";"D2S";"17735.94381177"
"2004-Q2";"WMF";"T5";"55036.32679014"
"2004-Q2";"WMF";"T5S";"55036.32692874"
"2004-Q2";"WMF";"BBIP";"127008.90842009"
"2004-Q2";"WMF";"BBIPS";"126897.41318839"
"2004-Q2";"VVP";"PHPOE";"0.69003858"
"2004-Q2";"VVP";"S";"1.00502596"
"2004-Q2";"VVP";"T0";"0.74507387"
"2004-Q2";"VVP";"B";"0.46663032"
"2004-Q2";"VVP";"A";"3.04094738"
"2004-Q2";"VVP";"T1";"2.16894476"
"2004-Q2";"VVP";"T2";"4.75356665"
"2004-Q2";"VVP";"WG0";"1.57565319"
"2004-Q2";"VVP";"D0";"1.87594193"
"2004-Q2";"VVP";"D0S";"1.87594193"
"2004-Q2";"VVP";"T3";"3.87668645"
"2004-Q2";"VVP";"T3S";"3.87668645"
"2004-Q2";"VVP";"T4";"0.75167721"
"2004-Q2";"VVP";"WG1";"1.26243895"
"2004-Q2";"VVP";"D2";"3.93875615"
"2004-Q2";"VVP";"D2S";"3.93875602"
"2004-Q2";"VVP";"T5";"1.75718456"
"2004-Q2";"VVP";"T5S";"1.75718452"
"2004-Q2";"VVP";"BBIP";"0.72767357"
"2004-Q2";"VVP";"BBIPS";"0.60464092"
"2004-Q3";"WMF";"PHPOE";"71749.88476468"
"2004-Q3";"WMF";"S";"15182.4868474"
"2004-Q3";"WMF";"T0";"86932.37161207"
"2004-Q3";"WMF";"B";"11851.81680537"
"2004-Q3";"WMF";"A";"23728.49998777"
"2004-Q3";"WMF";"T1";"35580.31679314"
"2004-Q3";"WMF";"T2";"45197.59851357"
"2004-Q3";"WMF";"WG0";"39504.29700522"
"2004-Q3";"WMF";"D0";"19471.11630511"
"2004-Q3";"WMF";"D0S";"19471.11630493"
"2004-Q3";"WMF";"T3";"64668.71481868"
"2004-Q3";"WMF";"T3S";"64668.7148185"
"2004-Q3";"WMF";"T4";"38828.03813961"
"2004-Q3";"WMF";"WG1";"35730.22494186"
"2004-Q3";"WMF";"D2";"18121.93094188"
"2004-Q3";"WMF";"D2S";"18121.93093101"
"2004-Q3";"WMF";"T5";"56949.96908149"
"2004-Q3";"WMF";"T5S";"56949.96907062"
"2004-Q3";"WMF";"BBIP";"127177.29277385"
"2004-Q3";"WMF";"BBIPS";"126910.94026351"
"2004-Q3";"VVP";"PHPOE";"0.34221171"
"2004-Q3";"VVP";"S";"-0.02279582"
"2004-Q3";"VVP";"T0";"0.27827223"
"2004-Q3";"VVP";"B";"3.12114662"
"2004-Q3";"VVP";"A";"3.1152948"
"2004-Q3";"VVP";"T1";"3.11724397"
"2004-Q3";"VVP";"T2";"-1.16048355"
"2004-Q3";"VVP";"WG0";"1.03534215"
"2004-Q3";"VVP";"D0";"-0.10249173"
"2004-Q3";"VVP";"D0S";"-0.10249172"
"2004-Q3";"VVP";"T3";"-0.84429804"
"2004-Q3";"VVP";"T3S";"-0.84429803"
"2004-Q3";"VVP";"T4";"4.09554781"
"2004-Q3";"VVP";"WG1";"2.77973751"
"2004-Q3";"VVP";"D2";"2.17629959"
"2004-Q3";"VVP";"D2S";"2.17629873"
"2004-Q3";"VVP";"T5";"3.47705307"
"2004-Q3";"VVP";"T5S";"3.47705279"
"2004-Q3";"VVP";"BBIP";"0.13257681"
"2004-Q3";"VVP";"BBIPS";"0.01065985"
"2004-Q4";"WMF";"PHPOE";"72338.34146766"
"2004-Q4";"WMF";"S";"15286.71142268"
"2004-Q4";"WMF";"T0";"87625.05289034"
"2004-Q4";"WMF";"B";"11995.9578334"
"2004-Q4";"WMF";"A";"23293.77534904"
"2004-Q4";"WMF";"T1";"35289.73318243"
"2004-Q4";"WMF";"T2";"45601.98220361"
"2004-Q4";"WMF";"WG0";"40075.30863576"
"2004-Q4";"WMF";"D0";"20266.81950957"
"2004-Q4";"WMF";"D0S";"20266.81951323"
"2004-Q4";"WMF";"T3";"65868.80171318"
"2004-Q4";"WMF";"T3S";"65868.80171684"
"2004-Q4";"WMF";"T4";"39924.41907654"
"2004-Q4";"WMF";"WG1";"35786.38249364"
"2004-Q4";"WMF";"D2";"18491.05128575"
"2004-Q4";"WMF";"D2S";"18491.05100308"
"2004-Q4";"WMF";"T5";"58415.47036229"
"2004-Q4";"WMF";"T5S";"58415.47007962"
"2004-Q4";"WMF";"BBIP";"127976.39830189"
"2004-Q4";"WMF";"BBIPS";"127944.49022251"
"2004-Q4";"VVP";"PHPOE";"0.82015003"
"2004-Q4";"VVP";"S";"0.68647894"
"2004-Q4";"VVP";"T0";"0.79680476"
"2004-Q4";"VVP";"B";"1.21619352"
"2004-Q4";"VVP";"A";"-1.83207805"
"2004-Q4";"VVP";"T1";"-0.81669765"
"2004-Q4";"VVP";"T2";"0.89470172"
"2004-Q4";"VVP";"WG0";"1.44544182"
"2004-Q4";"VVP";"D0";"4.08658236"
"2004-Q4";"VVP";"D0S";"4.08658238"
"2004-Q4";"VVP";"T3";"1.8557457"
"2004-Q4";"VVP";"T3S";"1.85574571"
"2004-Q4";"VVP";"T4";"2.82368358"
"2004-Q4";"VVP";"WG1";"0.157171"
"2004-Q4";"VVP";"D2";"2.03687093"
"2004-Q4";"VVP";"D2S";"2.03686943"
"2004-Q4";"VVP";"T5";"2.57331357"
"2004-Q4";"VVP";"T5S";"2.57331309"
"2004-Q4";"VVP";"BBIP";"0.62833979"
"2004-Q4";"VVP";"BBIPS";"0.81438996"
"2005-Q1";"WMF";"PHPOE";"72891.07404469"
"2005-Q1";"WMF";"S";"15421.81550476"
"2005-Q1";"WMF";"T0";"88312.88954944"
"2005-Q1";"WMF";"B";"12057.12874658"
"2005-Q1";"WMF";"A";"23294.39078363"
"2005-Q1";"WMF";"T1";"35351.51953021"
"2005-Q1";"WMF";"T2";"47363.1883182"
"2005-Q1";"WMF";"WG0";"39687.30203799"
"2005-Q1";"WMF";"D0";"20734.34433074"
"2005-Q1";"WMF";"D0S";"20734.34434131"
"2005-Q1";"WMF";"T3";"68097.53264894"
"2005-Q1";"WMF";"T3S";"68097.53265951"
"2005-Q1";"WMF";"T4";"41579.05197803"
"2005-Q1";"WMF";"WG1";"36774.0155054"
"2005-Q1";"WMF";"D2";"18949.87716462"
"2005-Q1";"WMF";"D2S";"18949.87648543"
"2005-Q1";"WMF";"T5";"60528.92914265"
"2005-Q1";"WMF";"T5S";"60528.92846346"
"2005-Q1";"WMF";"BBIP";"129264.06387587"
"2005-Q1";"WMF";"BBIPS";"129383.60909941"
"2005-Q1";"VVP";"PHPOE";"0.76409352"
"2005-Q1";"VVP";"S";"0.88380083"
"2005-Q1";"VVP";"T0";"0.78497717"
"2005-Q1";"VVP";"B";"0.50992938"
"2005-Q1";"VVP";"A";"0.00264206"
"2005-Q1";"VVP";"T1";"0.17508307"
"2005-Q1";"VVP";"T2";"3.86212623"
"2005-Q1";"VVP";"WG0";"-0.96819366"
"2005-Q1";"VVP";"D0";"2.3068485"
"2005-Q1";"VVP";"D0S";"2.30684853"
"2005-Q1";"VVP";"T3";"3.38359114"
"2005-Q1";"VVP";"T3S";"3.38359115"
"2005-Q1";"VVP";"T4";"4.14441322"
"2005-Q1";"VVP";"WG1";"2.7598012"
"2005-Q1";"VVP";"D2";"2.48134015"
"2005-Q1";"VVP";"D2S";"2.48133804"
"2005-Q1";"VVP";"T5";"3.61797785"
"2005-Q1";"VVP";"T5S";"3.61797719"
"2005-Q1";"VVP";"BBIP";"1.00617426"
"2005-Q1";"VVP";"BBIPS";"1.12479941"
"2005-Q2";"WMF";"PHPOE";"73343.11984288"
"2005-Q2";"WMF";"S";"15488.39480913"
"2005-Q2";"WMF";"T0";"88831.51465201"
"2005-Q2";"WMF";"B";"12391.74930409"
"2005-Q2";"WMF";"A";"23476.62261015"
"2005-Q2";"WMF";"T1";"35868.37191424"
"2005-Q2";"WMF";"T2";"49109.72282335"
"2005-Q2";"WMF";"WG0";"42691.97605812"
"2005-Q2";"WMF";"D0";"21549.40453328"
"2005-Q2";"WMF";"D0S";"21549.40454295"
"2005-Q2";"WMF";"T3";"70659.12735663"
"2005-Q2";"WMF";"T3S";"70659.1273663"
"2005-Q2";"WMF";"T4";"45570.80154504"
"2005-Q2";"WMF";"WG1";"38075.34676153"
"2005-Q2";"WMF";"D2";"19284.28965239"
"2005-Q2";"WMF";"D2S";"19284.28911272"
"2005-Q2";"WMF";"T5";"64855.09119744"
"2005-Q2";"WMF";"T5S";"64855.09065776"
"2005-Q2";"WMF";"BBIP";"131088.89922358"
"2005-Q2";"WMF";"BBIPS";"131210.37787006"
"2005-Q2";"VVP";"PHPOE";"0.62016619"
"2005-Q2";"VVP";"S";"0.43172157"
"2005-Q2";"VVP";"T0";"0.58725867"
"2005-Q2";"VVP";"B";"2.77529223"
"2005-Q2";"VVP";"A";"0.78229917"
"2005-Q2";"VVP";"T1";"1.46203725"
"2005-Q2";"VVP";"T2";"3.68753576"
"2005-Q2";"VVP";"WG0";"7.57086994"
"2005-Q2";"VVP";"D0";"3.93096685"
"2005-Q2";"VVP";"D0S";"3.93096685"
"2005-Q2";"VVP";"T3";"3.76165568"
"2005-Q2";"VVP";"T3S";"3.76165568"
"2005-Q2";"VVP";"T4";"9.6003862"
"2005-Q2";"VVP";"WG1";"3.53872493"
"2005-Q2";"VVP";"D2";"1.76472114"
"2005-Q2";"VVP";"D2S";"1.76472194"
"2005-Q2";"VVP";"T5";"7.14726349"
"2005-Q2";"VVP";"T5S";"7.1472638"
"2005-Q2";"VVP";"BBIP";"1.41171126"
"2005-Q2";"VVP";"BBIPS";"1.41190123"
"2005-Q3";"WMF";"PHPOE";"73930.77643114"
"2005-Q3";"WMF";"S";"15441.16517239"
"2005-Q3";"WMF";"T0";"89371.94160353"
"2005-Q3";"WMF";"B";"12460.80848066"
"2005-Q3";"WMF";"A";"23727.96631098"
"2005-Q3";"WMF";"T1";"36188.77479163"
"2005-Q3";"WMF";"T2";"47720.1404081"
"2005-Q3";"WMF";"WG0";"42669.53305596"
"2005-Q3";"WMF";"D0";"22520.99658571"
"2005-Q3";"WMF";"D0S";"22520.99658513"
"2005-Q3";"WMF";"T3";"70241.13699381"
"2005-Q3";"WMF";"T3S";"70241.13699323"
"2005-Q3";"WMF";"T4";"44409.29608688"
"2005-Q3";"WMF";"WG1";"39057.57009072"
"2005-Q3";"WMF";"D2";"19359.94274106"
"2005-Q3";"WMF";"D2S";"19359.94281347"
"2005-Q3";"WMF";"T5";"63769.23882794"
"2005-Q3";"WMF";"T5S";"63769.23890035"
"2005-Q3";"WMF";"BBIP";"133065.2167065"
"2005-Q3";"WMF";"BBIPS";"133189.63140397"
"2005-Q3";"VVP";"PHPOE";"0.80124297"
"2005-Q3";"VVP";"S";"-0.30493565"
"2005-Q3";"VVP";"T0";"0.608373"
"2005-Q3";"VVP";"B";"0.55729966"
"2005-Q3";"VVP";"A";"1.07061269"
"2005-Q3";"VVP";"T1";"0.8932741"
"2005-Q3";"VVP";"T2";"-2.82954644"
"2005-Q3";"VVP";"WG0";"-0.0525696"
"2005-Q3";"VVP";"D0";"4.50867239"
"2005-Q3";"VVP";"D0S";"4.50867234"
"2005-Q3";"VVP";"T3";"-0.59155891"
"2005-Q3";"VVP";"T3S";"-0.59155892"
"2005-Q3";"VVP";"T4";"-2.54879313"
"2005-Q3";"VVP";"WG1";"2.57968321"
"2005-Q3";"VVP";"D2";"0.39230425"
"2005-Q3";"VVP";"D2S";"0.39230744"
"2005-Q3";"VVP";"T5";"-1.67427468"
"2005-Q3";"VVP";"T5S";"-1.67427375"
"2005-Q3";"VVP";"BBIP";"1.5076162"
"2005-Q3";"VVP";"BBIPS";"1.50845807"
"2005-Q4";"WMF";"PHPOE";"74647.84942706"
"2005-Q4";"WMF";"S";"15476.59280723"
"2005-Q4";"WMF";"T0";"90124.44223429"
"2005-Q4";"WMF";"B";"12604.8550051"
"2005-Q4";"WMF";"A";"24187.1656612"
"2005-Q4";"WMF";"T1";"36792.0206663"
"2005-Q4";"WMF";"T2";"50291.50777363"
"2005-Q4";"WMF";"WG0";"44843.4905532"
"2005-Q4";"WMF";"D0";"22968.50344864"
"2005-Q4";"WMF";"D0S";"22968.50342899"
"2005-Q4";"WMF";"T3";"73260.01122226"
"2005-Q4";"WMF";"T3S";"73260.01120262"
"2005-Q4";"WMF";"T4";"46408.78347888"
"2005-Q4";"WMF";"WG1";"40377.31668381"
"2005-Q4";"WMF";"D2";"19688.5621526"
"2005-Q4";"WMF";"D2S";"19688.56329905"
"2005-Q4";"WMF";"T5";"66097.34563148"
"2005-Q4";"WMF";"T5S";"66097.34677793"
"2005-Q4";"WMF";"BBIP";"135094.85665414"
"2005-Q4";"WMF";"BBIPS";"135223.20872002"
"2005-Q4";"VVP";"PHPOE";"0.96992488"
"2005-Q4";"VVP";"S";"0.22943628"
"2005-Q4";"VVP";"T0";"0.84198756"
"2005-Q4";"VVP";"B";"1.15599662"
"2005-Q4";"VVP";"A";"1.93526636"
"2005-Q4";"VVP";"T1";"1.66694197"
"2005-Q4";"VVP";"T2";"5.3884321"
"2005-Q4";"VVP";"WG0";"5.09487061"
"2005-Q4";"VVP";"D0";"1.9870651"
"2005-Q4";"VVP";"D0S";"1.98706501"
"2005-Q4";"VVP";"T3";"4.2978721"
"2005-Q4";"VVP";"T3S";"4.29787207"
"2005-Q4";"VVP";"T4";"4.50240731"
"2005-Q4";"VVP";"WG1";"3.37897772"
"2005-Q4";"VVP";"D2";"1.69741934"
"2005-Q4";"VVP";"D2S";"1.69742488"
"2005-Q4";"VVP";"T5";"3.65083047"
"2005-Q4";"VVP";"T5S";"3.65083215"
"2005-Q4";"VVP";"BBIP";"1.52529714"
"2005-Q4";"VVP";"BBIPS";"1.52682855"
"2006-Q1";"WMF";"PHPOE";"75227.40369785"
"2006-Q1";"WMF";"S";"15609.3524162"
"2006-Q1";"WMF";"T0";"90836.75611405"
"2006-Q1";"WMF";"B";"12509.93165657"
"2006-Q1";"WMF";"A";"24632.99750571"
"2006-Q1";"WMF";"T1";"37142.92916228"
"2006-Q1";"WMF";"T2";"52489.92634729"
"2006-Q1";"WMF";"WG0";"47990.7875456"
"2006-Q1";"WMF";"D0";"23271.83721397"
"2006-Q1";"WMF";"D0S";"23271.83716822"
"2006-Q1";"WMF";"T3";"75761.76356126"
"2006-Q1";"WMF";"T3S";"75761.76351551"
"2006-Q1";"WMF";"T4";"47828.34616248"
"2006-Q1";"WMF";"WG1";"42091.87068835"
"2006-Q1";"WMF";"D2";"19755.72605045"
"2006-Q1";"WMF";"D2S";"19755.72867152"
"2006-Q1";"WMF";"T5";"67584.07221293"
"2006-Q1";"WMF";"T5S";"67584.07483399"
"2006-Q1";"WMF";"BBIP";"137657.43240841"
"2006-Q1";"WMF";"BBIPS";"137592.05008572"
"2006-Q1";"VVP";"PHPOE";"0.77638442"
"2006-Q1";"VVP";"S";"0.85780902"
"2006-Q1";"VVP";"T0";"0.79036703"
"2006-Q1";"VVP";"B";"-0.75306974"
"2006-Q1";"VVP";"A";"1.84325791"
"2006-Q1";"VVP";"T1";"0.9537625"
"2006-Q1";"VVP";"T2";"4.37135149"
"2006-Q1";"VVP";"WG0";"7.01840324"
"2006-Q1";"VVP";"D0";"1.32065098"
"2006-Q1";"VVP";"D0S";"1.32065087"
"2006-Q1";"VVP";"T3";"3.41489483"
"2006-Q1";"VVP";"T3S";"3.4148948"
"2006-Q1";"VVP";"T4";"3.0588233"
"2006-Q1";"VVP";"WG1";"4.24632974"
"2006-Q1";"VVP";"D2";"0.34113155"
"2006-Q1";"VVP";"D2S";"0.34113902"
"2006-Q1";"VVP";"T5";"2.24929847"
"2006-Q1";"VVP";"T5S";"2.24930066"
"2006-Q1";"VVP";"BBIP";"1.89687144"
"2006-Q1";"VVP";"BBIPS";"1.75180088"
"2006-Q2";"WMF";"PHPOE";"75728.35512891"
"2006-Q2";"WMF";"S";"15513.54118016"
"2006-Q2";"WMF";"T0";"91241.89630907"
"2006-Q2";"WMF";"B";"12546.70442376"
"2006-Q2";"WMF";"A";"25048.0242209"
"2006-Q2";"WMF";"T1";"37594.72864466"
"2006-Q2";"WMF";"T2";"53096.01490535"
"2006-Q2";"WMF";"WG0";"47474.33699992"
"2006-Q2";"WMF";"D0";"23261.45347062"
"2006-Q2";"WMF";"D0S";"23261.45343482"
"2006-Q2";"WMF";"T3";"76357.46837597"
"2006-Q2";"WMF";"T3S";"76357.46834017"
"2006-Q2";"WMF";"T4";"48852.58746189"
"2006-Q2";"WMF";"WG1";"42937.44413497"
"2006-Q2";"WMF";"D2";"19913.67501697"
"2006-Q2";"WMF";"D2S";"19913.67737764"
"2006-Q2";"WMF";"T5";"68766.26247886"
"2006-Q2";"WMF";"T5S";"68766.26483953"
"2006-Q2";"WMF";"BBIP";"139571.20286379"
"2006-Q2";"WMF";"BBIPS";"139228.40207345"
"2006-Q2";"VVP";"PHPOE";"0.66591615"
"2006-Q2";"VVP";"S";"-0.6138066"
"2006-Q2";"VVP";"T0";"0.4460091"
"2006-Q2";"VVP";"B";"0.29394859"
"2006-Q2";"VVP";"A";"1.68484049"
"2006-Q2";"VVP";"T1";"1.21638086"
"2006-Q2";"VVP";"T2";"1.15467595"
"2006-Q2";"VVP";"WG0";"-1.07614518"
"2006-Q2";"VVP";"D0";"-0.04461935"
"2006-Q2";"VVP";"D0S";"-0.04461931"
"2006-Q2";"VVP";"T3";"0.78628689"
"2006-Q2";"VVP";"T3S";"0.7862869"
"2006-Q2";"VVP";"T4";"2.14149428"
"2006-Q2";"VVP";"WG1";"2.0088759"
"2006-Q2";"VVP";"D2";"0.7995098"
"2006-Q2";"VVP";"D2S";"0.79950838"
"2006-Q2";"VVP";"T5";"1.74921432"
"2006-Q2";"VVP";"T5S";"1.74921386"
"2006-Q2";"VVP";"BBIP";"1.39024128"
"2006-Q2";"VVP";"BBIPS";"1.189278"
"2006-Q3";"WMF";"PHPOE";"76381.94556589"
"2006-Q3";"WMF";"S";"15667.48192914"
"2006-Q3";"WMF";"T0";"92049.42749503"
"2006-Q3";"WMF";"B";"12613.48364531"
"2006-Q3";"WMF";"A";"25422.5875615"
"2006-Q3";"WMF";"T1";"38036.07120681"
"2006-Q3";"WMF";"T2";"55148.29384664"
"2006-Q3";"WMF";"WG0";"48936.05243616"
"2006-Q3";"WMF";"D0";"23965.25364398"
"2006-Q3";"WMF";"D0S";"23965.2536487"
"2006-Q3";"WMF";"T3";"79113.54749062"
"2006-Q3";"WMF";"T3S";"79113.54749534"
"2006-Q3";"WMF";"T4";"47840.45535173"
"2006-Q3";"WMF";"WG1";"42411.43692793"
"2006-Q3";"WMF";"D2";"20536.59274102"
"2006-Q3";"WMF";"D2S";"20536.59264213"
"2006-Q3";"WMF";"T5";"68377.04809274"
"2006-Q3";"WMF";"T5S";"68377.04799386"
"2006-Q3";"WMF";"BBIP";"141106.77801177"
"2006-Q3";"WMF";"BBIPS";"140955.09129419"
"2006-Q3";"VVP";"PHPOE";"0.86307227"
"2006-Q3";"VVP";"S";"0.99229923"
"2006-Q3";"VVP";"T0";"0.88504428"
"2006-Q3";"VVP";"B";"0.53224512"
"2006-Q3";"VVP";"A";"1.49538078"
"2006-Q3";"VVP";"T1";"1.17394799"
"2006-Q3";"VVP";"T2";"3.86522217"
"2006-Q3";"VVP";"WG0";"3.07895914"
"2006-Q3";"VVP";"D0";"3.02560704"
"2006-Q3";"VVP";"D0S";"3.02560722"
"2006-Q3";"VVP";"T3";"3.60944276"
"2006-Q3";"VVP";"T3S";"3.60944282"
"2006-Q3";"VVP";"T4";"-2.0718086"
"2006-Q3";"VVP";"WG1";"-1.22505477"
"2006-Q3";"VVP";"D2";"3.12809024"
"2006-Q3";"VVP";"D2S";"3.12807752"
"2006-Q3";"VVP";"T5";"-0.56599613"
"2006-Q3";"VVP";"T5S";"-0.56599969"
"2006-Q3";"VVP";"BBIP";"1.10020915"
"2006-Q3";"VVP";"BBIPS";"1.24018461"
"2006-Q4";"WMF";"PHPOE";"76600.31524418"
"2006-Q4";"WMF";"S";"15772.82547867"
"2006-Q4";"WMF";"T0";"92373.14072286"
"2006-Q4";"WMF";"B";"12649.2303033"
"2006-Q4";"WMF";"A";"26787.05483644"
"2006-Q4";"WMF";"T1";"39436.28513974"
"2006-Q4";"WMF";"T2";"60269.08512118"
"2006-Q4";"WMF";"WG0";"53199.14542378"
"2006-Q4";"WMF";"D0";"24441.72302288"
"2006-Q4";"WMF";"D0S";"24441.72309972"
"2006-Q4";"WMF";"T3";"84710.80814407"
"2006-Q4";"WMF";"T3S";"84710.8082209"
"2006-Q4";"WMF";"T4";"53529.97509366"
"2006-Q4";"WMF";"WG1";"46458.33040892"
"2006-Q4";"WMF";"D2";"20556.00361297"
"2006-Q4";"WMF";"D2S";"20555.99873013"
"2006-Q4";"WMF";"T5";"74085.97870663"
"2006-Q4";"WMF";"T5S";"74085.97382379"
"2006-Q4";"WMF";"BBIP";"144059.82420685"
"2006-Q4";"WMF";"BBIPS";"144098.49746026"
"2006-Q4";"VVP";"PHPOE";"0.28589175"
"2006-Q4";"VVP";"S";"0.67237065"
"2006-Q4";"VVP";"T0";"0.35167327"
"2006-Q4";"VVP";"B";"0.28340036"
"2006-Q4";"VVP";"A";"5.36714554"
"2006-Q4";"VVP";"T1";"3.68127908"
"2006-Q4";"VVP";"T2";"9.28549356"
"2006-Q4";"VVP";"WG0";"8.71155881"
"2006-Q4";"VVP";"D0";"1.98816748"
"2006-Q4";"VVP";"D0S";"1.98816778"
"2006-Q4";"VVP";"T3";"7.07497114"
"2006-Q4";"VVP";"T3S";"7.07497123"
"2006-Q4";"VVP";"T4";"11.89269563"
"2006-Q4";"VVP";"WG1";"9.54198625"
"2006-Q4";"VVP";"D2";"0.09451846"
"2006-Q4";"VVP";"D2S";"0.09449517"
"2006-Q4";"VVP";"T5";"8.34919139"
"2006-Q4";"VVP";"T5S";"8.34918441"
"2006-Q4";"VVP";"BBIP";"2.09277416"
"2006-Q4";"VVP";"BBIPS";"2.23007636"
"2007-Q1";"WMF";"PHPOE";"77573.06401225"
"2007-Q1";"WMF";"S";"15880.38193576"
"2007-Q1";"WMF";"T0";"93453.44594801"
"2007-Q1";"WMF";"B";"12718.79509788"
"2007-Q1";"WMF";"A";"27025.9171451"
"2007-Q1";"WMF";"T1";"39744.71224298"
"2007-Q1";"WMF";"T2";"59999.4311967"
"2007-Q1";"WMF";"WG0";"53635.06880884"
"2007-Q1";"WMF";"D0";"26565.65896436"
"2007-Q1";"WMF";"D0S";"26565.65915767"
"2007-Q1";"WMF";"T3";"86565.09016106"
"2007-Q1";"WMF";"T3S";"86565.09035437"
"2007-Q1";"WMF";"T4";"51699.7604065"
"2007-Q1";"WMF";"WG1";"46352.50850438"
"2007-Q1";"WMF";"D2";"21838.02374606"
"2007-Q1";"WMF";"D2S";"21838.01189075"
"2007-Q1";"WMF";"T5";"73537.78415257"
"2007-Q1";"WMF";"T5S";"73537.77229726"
"2007-Q1";"WMF";"BBIP";"146388.80864826"
"2007-Q1";"WMF";"BBIPS";"146502.61048028"
"2007-Q1";"VVP";"PHPOE";"1.26990178"
"2007-Q1";"VVP";"S";"0.68190989"
"2007-Q1";"VVP";"T0";"1.16950146"
"2007-Q1";"VVP";"B";"0.54995279"
"2007-Q1";"VVP";"A";"0.89170799"
"2007-Q1";"VVP";"T1";"0.78208965"
"2007-Q1";"VVP";"T2";"-0.44741665"
"2007-Q1";"VVP";"WG0";"0.81941802"
"2007-Q1";"VVP";"D0";"8.68979629"
"2007-Q1";"VVP";"D0S";"8.68979674"
"2007-Q1";"VVP";"T3";"2.18895565"
"2007-Q1";"VVP";"T3S";"2.18895578"
"2007-Q1";"VVP";"T4";"-3.4190464"
"2007-Q1";"VVP";"WG1";"-0.2277781"
"2007-Q1";"VVP";"D2";"6.23671876"
"2007-Q1";"VVP";"D2S";"6.23668632"
"2007-Q1";"VVP";"T5";"-0.73994373"
"2007-Q1";"VVP";"T5S";"-0.73995319"
"2007-Q1";"VVP";"BBIP";"1.61667866"
"2007-Q1";"VVP";"BBIPS";"1.66838174"
"2007-Q2";"WMF";"PHPOE";"78396.81668727"
"2007-Q2";"WMF";"S";"16007.6256071"
"2007-Q2";"WMF";"T0";"94404.44229437"
"2007-Q2";"WMF";"B";"12678.62930456"
"2007-Q2";"WMF";"A";"28239.12977116"
"2007-Q2";"WMF";"T1";"40917.75907572"
"2007-Q2";"WMF";"T2";"64197.61843981"
"2007-Q2";"WMF";"WG0";"54970.66808024"
"2007-Q2";"WMF";"D0";"27574.93176368"
"2007-Q2";"WMF";"D0S";"27574.93195108"
"2007-Q2";"WMF";"T3";"91772.55020349"
"2007-Q2";"WMF";"T3S";"91772.55039089"
"2007-Q2";"WMF";"T4";"54439.55944059"
"2007-Q2";"WMF";"WG1";"47054.15286213"
"2007-Q2";"WMF";"D2";"22227.28639549"
"2007-Q2";"WMF";"D2S";"22227.27618973"
"2007-Q2";"WMF";"T5";"76666.84583608"
"2007-Q2";"WMF";"T5S";"76666.83563032"
"2007-Q2";"WMF";"BBIP";"149182.46256045"
"2007-Q2";"WMF";"BBIPS";"149299.14723341"
"2007-Q2";"VVP";"PHPOE";"1.06190555"
"2007-Q2";"VVP";"S";"0.80126329"
"2007-Q2";"VVP";"T0";"1.01761507"
"2007-Q2";"VVP";"B";"-0.31579873"
"2007-Q2";"VVP";"A";"4.48907106"
"2007-Q2";"VVP";"T1";"2.95145383"
"2007-Q2";"VVP";"T2";"6.99704507"
"2007-Q2";"VVP";"WG0";"2.49016045"
"2007-Q2";"VVP";"D0";"3.79916343"
"2007-Q2";"VVP";"D0S";"3.79916338"
"2007-Q2";"VVP";"T3";"6.01565831"
"2007-Q2";"VVP";"T3S";"6.01565829"
"2007-Q2";"VVP";"T4";"5.29944242"
"2007-Q2";"VVP";"WG1";"1.51371389"
"2007-Q2";"VVP";"D2";"1.78249943"
"2007-Q2";"VVP";"D2S";"1.78250795"
"2007-Q2";"VVP";"T5";"4.25503939"
"2007-Q2";"VVP";"T5S";"4.25504232"
"2007-Q2";"VVP";"BBIP";"1.90837943"
"2007-Q2";"VVP";"BBIPS";"1.90886479"
"2007-Q3";"WMF";"PHPOE";"79120.854858"
"2007-Q3";"WMF";"S";"16090.906911"
"2007-Q3";"WMF";"T0";"95211.761769"
"2007-Q3";"WMF";"B";"12808.55649291"
"2007-Q3";"WMF";"A";"28185.29267718"
"2007-Q3";"WMF";"T1";"40993.84917008"
"2007-Q3";"WMF";"T2";"68600.38661546"
"2007-Q3";"WMF";"WG0";"57031.47675761"
"2007-Q3";"WMF";"D0";"27875.82216757"
"2007-Q3";"WMF";"D0S";"27875.82215347"
"2007-Q3";"WMF";"T3";"96476.20878303"
"2007-Q3";"WMF";"T3S";"96476.20876893"
"2007-Q3";"WMF";"T4";"56792.20475867"
"2007-Q3";"WMF";"WG1";"47547.95393782"
"2007-Q3";"WMF";"D2";"22492.99748344"
"2007-Q3";"WMF";"D2S";"22492.99825473"
"2007-Q3";"WMF";"T5";"79285.20224211"
"2007-Q3";"WMF";"T5S";"79285.2030134"
"2007-Q3";"WMF";"BBIP";"151031.61392067"
"2007-Q3";"WMF";"BBIPS";"151152.18698585"
"2007-Q3";"VVP";"PHPOE";"0.92355557"
"2007-Q3";"VVP";"S";"0.52026019"
"2007-Q3";"VVP";"T0";"0.85517107"
"2007-Q3";"VVP";"B";"1.02477315"
"2007-Q3";"VVP";"A";"-0.19064714"
"2007-Q3";"VVP";"T1";"0.18595861"
"2007-Q3";"VVP";"T2";"6.85814876"
"2007-Q3";"VVP";"WG0";"3.7489242"
"2007-Q3";"VVP";"D0";"1.0911737"
"2007-Q3";"VVP";"D0S";"1.09117296"
"2007-Q3";"VVP";"T3";"5.12534366"
"2007-Q3";"VVP";"T3S";"5.12534343"
"2007-Q3";"VVP";"T4";"4.32157303"
"2007-Q3";"VVP";"WG1";"1.04943144"
"2007-Q3";"VVP";"D2";"1.19542747"
"2007-Q3";"VVP";"D2S";"1.19547741"
"2007-Q3";"VVP";"T5";"3.4152395"
"2007-Q3";"VVP";"T5S";"3.41525428"
"2007-Q3";"VVP";"BBIP";"1.23952328"
"2007-Q3";"VVP";"BBIPS";"1.24115897"
"2007-Q4";"WMF";"PHPOE";"80134.71155758"
"2007-Q4";"WMF";"S";"16229.51256071"
"2007-Q4";"WMF";"T0";"96364.22411829"
"2007-Q4";"WMF";"B";"12940.83869222"
"2007-Q4";"WMF";"A";"28526.89192594"
"2007-Q4";"WMF";"T1";"41467.73061816"
"2007-Q4";"WMF";"T2";"61986.67485357"
"2007-Q4";"WMF";"WG0";"56026.53207685"
"2007-Q4";"WMF";"D0";"29067.01381347"
"2007-Q4";"WMF";"D0S";"29067.01344687"
"2007-Q4";"WMF";"T3";"91053.68866704"
"2007-Q4";"WMF";"T3S";"91053.68830043"
"2007-Q4";"WMF";"T4";"57042.28494208"
"2007-Q4";"WMF";"WG1";"48988.88534527"
"2007-Q4";"WMF";"D2";"22903.36903741"
"2007-Q4";"WMF";"D2S";"22903.39032719"
"2007-Q4";"WMF";"T5";"79945.65397949"
"2007-Q4";"WMF";"T5S";"79945.67526927"
"2007-Q4";"WMF";"BBIP";"152800.84739761"
"2007-Q4";"WMF";"BBIPS";"152926.31063246"
"2007-Q4";"VVP";"PHPOE";"1.28140261"
"2007-Q4";"VVP";"S";"0.86139116"
"2007-Q4";"VVP";"T0";"1.21042015"
"2007-Q4";"VVP";"B";"1.0327643"
"2007-Q4";"VVP";"A";"1.21197694"
"2007-Q4";"VVP";"T1";"1.15598183"
"2007-Q4";"VVP";"T2";"-9.64092491"
"2007-Q4";"VVP";"WG0";"-1.76208778"
"2007-Q4";"VVP";"D0";"4.27320722"
"2007-Q4";"VVP";"D0S";"4.27320596"
"2007-Q4";"VVP";"T3";"-5.62057753"
"2007-Q4";"VVP";"T3S";"-5.6205779"
"2007-Q4";"VVP";"T4";"0.44034245"
"2007-Q4";"VVP";"WG1";"3.03048036"
"2007-Q4";"VVP";"D2";"1.82444138"
"2007-Q4";"VVP";"D2S";"1.82453254"
"2007-Q4";"VVP";"T5";"0.83300757"
"2007-Q4";"VVP";"T5S";"0.83303344"
"2007-Q4";"VVP";"BBIP";"1.17143254"
"2007-Q4";"VVP";"BBIPS";"1.17373336"
"2008-Q1";"WMF";"PHPOE";"80677.286416"
"2008-Q1";"WMF";"S";"16576.02073264"
"2008-Q1";"WMF";"T0";"97253.30714864"
"2008-Q1";"WMF";"B";"13075.27673322"
"2008-Q1";"WMF";"A";"28387.60184805"
"2008-Q1";"WMF";"T1";"41462.87858127"
"2008-Q1";"WMF";"T2";"68752.56641034"
"2008-Q1";"WMF";"WG0";"58035.95867959"
"2008-Q1";"WMF";"D0";"26776.20155014"
"2008-Q1";"WMF";"D0S";"26776.20070314"
"2008-Q1";"WMF";"T3";"95528.76796048"
"2008-Q1";"WMF";"T3S";"95528.76711348"
"2008-Q1";"WMF";"T4";"63241.79277622"
"2008-Q1";"WMF";"WG1";"48689.56280034"
"2008-Q1";"WMF";"D2";"22329.73816689"
"2008-Q1";"WMF";"D2S";"22329.78927231"
"2008-Q1";"WMF";"T5";"85571.53094311"
"2008-Q1";"WMF";"T5S";"85571.58204853"
"2008-Q1";"WMF";"BBIP";"154361.75983131"
"2008-Q1";"WMF";"BBIPS";"154402.95419955"
"2008-Q1";"VVP";"PHPOE";"0.67707844"
"2008-Q1";"VVP";"S";"2.13504978"
"2008-Q1";"VVP";"T0";"0.92262771"
"2008-Q1";"VVP";"B";"1.03886652"
"2008-Q1";"VVP";"A";"-0.48827639"
"2008-Q1";"VVP";"T1";"-0.01170075"
"2008-Q1";"VVP";"T2";"10.9150742"
"2008-Q1";"VVP";"WG0";"3.58656252"
"2008-Q1";"VVP";"D0";"-7.88114073"
"2008-Q1";"VVP";"D0S";"-7.88114248"
"2008-Q1";"VVP";"T3";"4.91476991"
"2008-Q1";"VVP";"T3S";"4.9147694"
"2008-Q1";"VVP";"T4";"10.86826701"
"2008-Q1";"VVP";"WG1";"-0.61100093"
"2008-Q1";"VVP";"D2";"-2.50456983"
"2008-Q1";"VVP";"D2S";"-2.50443732"
"2008-Q1";"VVP";"T5";"7.0371267"
"2008-Q1";"VVP";"T5S";"7.03716212"
"2008-Q1";"VVP";"BBIP";"1.02153389"
"2008-Q1";"VVP";"BBIPS";"0.96559157"
"2008-Q2";"WMF";"PHPOE";"81349.68376733"
"2008-Q2";"WMF";"S";"16826.07698261"
"2008-Q2";"WMF";"T0";"98175.76074994"
"2008-Q2";"WMF";"B";"13210.6596821"
"2008-Q2";"WMF";"A";"29344.63758193"
"2008-Q2";"WMF";"T1";"42555.29726404"
"2008-Q2";"WMF";"T2";"73673.17986921"
"2008-Q2";"WMF";"WG0";"63615.64375201"
"2008-Q2";"WMF";"D0";"26847.28615437"
"2008-Q2";"WMF";"D0S";"26847.28536661"
"2008-Q2";"WMF";"T3";"100520.46602358"
"2008-Q2";"WMF";"T3S";"100520.46523582"
"2008-Q2";"WMF";"T4";"58676.67003502"
"2008-Q2";"WMF";"WG1";"50452.49926159"
"2008-Q2";"WMF";"D2";"22155.01796289"
"2008-Q2";"WMF";"D2S";"22155.06045153"
"2008-Q2";"WMF";"T5";"80831.68799791"
"2008-Q2";"WMF";"T5S";"80831.73048655"
"2008-Q2";"WMF";"BBIP";"156586.57919513"
"2008-Q2";"WMF";"BBIPS";"156428.09663414"
"2008-Q2";"VVP";"PHPOE";"0.83344071"
"2008-Q2";"VVP";"S";"1.50854209"
"2008-Q2";"VVP";"T0";"0.94850615"
"2008-Q2";"VVP";"B";"1.03541173"
"2008-Q2";"VVP";"A";"3.3713159"
"2008-Q2";"VVP";"T1";"2.63469089"
"2008-Q2";"VVP";"T2";"7.15698877"
"2008-Q2";"VVP";"WG0";"9.6141861"
"2008-Q2";"VVP";"D0";"0.2654768"
"2008-Q2";"VVP";"D0S";"0.26547703"
"2008-Q2";"VVP";"T3";"5.22533491"
"2008-Q2";"VVP";"T3S";"5.22533502"
"2008-Q2";"VVP";"T4";"-7.21852203"
"2008-Q2";"VVP";"WG1";"3.62076872"
"2008-Q2";"VVP";"D2";"-0.78245523"
"2008-Q2";"VVP";"D2S";"-0.78249203"
"2008-Q2";"VVP";"T5";"-5.53904189"
"2008-Q2";"VVP";"T5S";"-5.53904865"
"2008-Q2";"VVP";"BBIP";"1.44130215"
"2008-Q2";"VVP";"BBIPS";"1.31159565"
"2008-Q3";"WMF";"PHPOE";"81971.12264578"
"2008-Q3";"WMF";"S";"17032.55461234"
"2008-Q3";"WMF";"T0";"99003.67725812"
"2008-Q3";"WMF";"B";"13346.56237475"
"2008-Q3";"WMF";"A";"28920.23515494"
"2008-Q3";"WMF";"T1";"42266.79752969"
"2008-Q3";"WMF";"T2";"77244.02459346"
"2008-Q3";"WMF";"WG0";"63607.83526875"
"2008-Q3";"WMF";"D0";"27136.21618136"
"2008-Q3";"WMF";"D0S";"27136.21614009"
"2008-Q3";"WMF";"T3";"104380.24077483"
"2008-Q3";"WMF";"T3S";"104380.24073355"
"2008-Q3";"WMF";"T4";"61616.38097261"
"2008-Q3";"WMF";"WG1";"50294.98918544"
"2008-Q3";"WMF";"D2";"22324.94011145"
"2008-Q3";"WMF";"D2S";"22324.93673481"
"2008-Q3";"WMF";"T5";"83941.32108406"
"2008-Q3";"WMF";"T5S";"83941.31770742"
"2008-Q3";"WMF";"BBIP";"157189.39422946"
"2008-Q3";"WMF";"BBIPS";"156830.30203765"
"2008-Q3";"VVP";"PHPOE";"0.76391063"
"2008-Q3";"VVP";"S";"1.22712876"
"2008-Q3";"VVP";"T0";"0.84330032"
"2008-Q3";"VVP";"B";"1.0287351"
"2008-Q3";"VVP";"A";"-1.4462691"
"2008-Q3";"VVP";"T1";"-0.67794083"
"2008-Q3";"VVP";"T2";"4.846872"
"2008-Q3";"VVP";"WG0";"-0.01227447"
"2008-Q3";"VVP";"D0";"1.07619826"
"2008-Q3";"VVP";"D0S";"1.07620107"
"2008-Q3";"VVP";"T3";"3.83978995"
"2008-Q3";"VVP";"T3S";"3.83979072"
"2008-Q3";"VVP";"T4";"5.01001665"
"2008-Q3";"VVP";"WG1";"-0.31219479"
"2008-Q3";"VVP";"D2";"0.76696913"
"2008-Q3";"VVP";"D2S";"0.76676064"
"2008-Q3";"VVP";"T5";"3.84704707"
"2008-Q3";"VVP";"T5S";"3.84698831"
"2008-Q3";"VVP";"BBIP";"0.38497235"
"2008-Q3";"VVP";"BBIPS";"0.25711839"
"2008-Q4";"WMF";"PHPOE";"81403.94750333"
"2008-Q4";"WMF";"S";"17273.95762955"
"2008-Q4";"WMF";"T0";"98677.90513288"
"2008-Q4";"WMF";"B";"13461.59606277"
"2008-Q4";"WMF";"A";"27533.78241384"
"2008-Q4";"WMF";"T1";"40995.37847661"
"2008-Q4";"WMF";"T2";"61611.78643581"
"2008-Q4";"WMF";"WG0";"52988.51904348"
"2008-Q4";"WMF";"D0";"28466.55392104"
"2008-Q4";"WMF";"D0S";"28466.55559707"
"2008-Q4";"WMF";"T3";"90078.34035685"
"2008-Q4";"WMF";"T3S";"90078.34203289"
"2008-Q4";"WMF";"T4";"59965.35854609"
"2008-Q4";"WMF";"WG1";"45078.22633942"
"2008-Q4";"WMF";"D2";"22970.66992879"
"2008-Q4";"WMF";"D2S";"22970.57971137"
"2008-Q4";"WMF";"T5";"82936.02847489"
"2008-Q4";"WMF";"T5S";"82935.93825747"
"2008-Q4";"WMF";"BBIP";"154092.93804602"
"2008-Q4";"WMF";"BBIPS";"154043.94011246"
"2008-Q4";"VVP";"PHPOE";"-0.69192067"
"2008-Q4";"VVP";"S";"1.41730364"
"2008-Q4";"VVP";"T0";"-0.32905053"
"2008-Q4";"VVP";"B";"0.8618975"
"2008-Q4";"VVP";"A";"-4.79405763"
"2008-Q4";"VVP";"T1";"-3.00807993"
"2008-Q4";"VVP";"T2";"-20.2374724"
"2008-Q4";"VVP";"WG0";"-16.69498133"
"2008-Q4";"VVP";"D0";"4.90244377"
"2008-Q4";"VVP";"D0S";"4.90245011"
"2008-Q4";"VVP";"T3";"-13.70173158"
"2008-Q4";"VVP";"T3S";"-13.70172994"
"2008-Q4";"VVP";"T4";"-2.67951866"
"2008-Q4";"VVP";"WG1";"-10.37233118"
"2008-Q4";"VVP";"D2";"2.89241456"
"2008-Q4";"VVP";"D2S";"2.89202601"
"2008-Q4";"VVP";"T5";"-1.19761352"
"2008-Q4";"VVP";"T5S";"-1.19771702"
"2008-Q4";"VVP";"BBIP";"-1.96988874"
"2008-Q4";"VVP";"BBIPS";"-1.77667319"
"2009-Q1";"WMF";"PHPOE";"81293.41405475"
"2009-Q1";"WMF";"S";"17573.77597034"
"2009-Q1";"WMF";"T0";"98867.1900251"
"2009-Q1";"WMF";"B";"13344.4231052"
"2009-Q1";"WMF";"A";"25749.8151768"
"2009-Q1";"WMF";"T1";"39094.238282"
"2009-Q1";"WMF";"T2";"57552.69123678"
"2009-Q1";"WMF";"WG0";"51144.69707772"
"2009-Q1";"WMF";"D0";"26617.21118"
"2009-Q1";"WMF";"D0S";"26617.21556104"
"2009-Q1";"WMF";"T3";"84169.90241678"
"2009-Q1";"WMF";"T3S";"84169.90679782"
"2009-Q1";"WMF";"T4";"62938.08295299"
"2009-Q1";"WMF";"WG1";"43218.5154587"
"2009-Q1";"WMF";"D2";"23219.28773104"
"2009-Q1";"WMF";"D2S";"23219.06026459"
"2009-Q1";"WMF";"T5";"86157.37068403"
"2009-Q1";"WMF";"T5S";"86157.14321759"
"2009-Q1";"WMF";"BBIP";"151721.84303171"
"2009-Q1";"WMF";"BBIPS";"151897.0073824"
"2009-Q1";"VVP";"PHPOE";"-0.13578389"
"2009-Q1";"VVP";"S";"1.73566676"
"2009-Q1";"VVP";"T0";"0.19182095"
"2009-Q1";"VVP";"B";"-0.87042396"
"2009-Q1";"VVP";"A";"-6.47919421"
"2009-Q1";"VVP";"T1";"-4.63745004"
"2009-Q1";"VVP";"T2";"-6.58817969"
"2009-Q1";"VVP";"WG0";"-3.47966314"
"2009-Q1";"VVP";"D0";"-6.4965459"
"2009-Q1";"VVP";"D0S";"-6.49653601"
"2009-Q1";"VVP";"T3";"-6.55922158"
"2009-Q1";"VVP";"T3S";"-6.55921846"
"2009-Q1";"VVP";"T4";"4.95740287"
"2009-Q1";"VVP";"WG1";"-4.1255192"
"2009-Q1";"VVP";"D2";"1.08232717"
"2009-Q1";"VVP";"D2S";"1.08173392"
"2009-Q1";"VVP";"T5";"3.88412885"
"2009-Q1";"VVP";"T5S";"3.88396759"
"2009-Q1";"VVP";"BBIP";"-1.53874347"
"2009-Q1";"VVP";"BBIPS";"-1.3937145"
"2009-Q2";"WMF";"PHPOE";"81494.64908869"
"2009-Q2";"WMF";"S";"17774.12850928"
"2009-Q2";"WMF";"T0";"99268.77759796"
"2009-Q2";"WMF";"B";"13375.70185093"
"2009-Q2";"WMF";"A";"24964.16580725"
"2009-Q2";"WMF";"T1";"38339.86765817"
"2009-Q2";"WMF";"T2";"60268.83106284"
"2009-Q2";"WMF";"WG0";"50547.59541531"
"2009-Q2";"WMF";"D0";"26446.13642502"
"2009-Q2";"WMF";"D0S";"26446.14078202"
"2009-Q2";"WMF";"T3";"86714.96748786"
"2009-Q2";"WMF";"T3S";"86714.97184486"
"2009-Q2";"WMF";"T4";"50754.09000427"
"2009-Q2";"WMF";"WG1";"40002.60478369"
"2009-Q2";"WMF";"D2";"23144.52891422"
"2009-Q2";"WMF";"D2S";"23144.33573796"
"2009-Q2";"WMF";"T5";"73898.61891849"
"2009-Q2";"WMF";"T5S";"73898.42574223"
"2009-Q2";"WMF";"BBIP";"152236.02220164"
"2009-Q2";"WMF";"BBIPS";"152412.32648836"
"2009-Q2";"VVP";"PHPOE";"0.24754162"
"2009-Q2";"VVP";"S";"1.1400654"
"2009-Q2";"VVP";"T0";"0.40618892"
"2009-Q2";"VVP";"B";"0.23439564"
"2009-Q2";"VVP";"A";"-3.05108741"
"2009-Q2";"VVP";"T1";"-1.92962098"
"2009-Q2";"VVP";"T2";"4.71939673"
"2009-Q2";"VVP";"WG0";"-1.16747522"
"2009-Q2";"VVP";"D0";"-0.64272231"
"2009-Q2";"VVP";"D0S";"-0.6427223"
"2009-Q2";"VVP";"T3";"3.02372344"
"2009-Q2";"VVP";"T3S";"3.02372326"
"2009-Q2";"VVP";"T4";"-19.35869727"
"2009-Q2";"VVP";"WG1";"-7.44104845"
"2009-Q2";"VVP";"D2";"-0.32196861"
"2009-Q2";"VVP";"D2S";"-0.32182408"
"2009-Q2";"VVP";"T5";"-14.22832622"
"2009-Q2";"VVP";"T5S";"-14.22832399"
"2009-Q2";"VVP";"BBIP";"0.33889594"
"2009-Q2";"VVP";"BBIPS";"0.3392556"
"2009-Q3";"WMF";"PHPOE";"82151.29583639"
"2009-Q3";"WMF";"S";"17997.85206099"
"2009-Q3";"WMF";"T0";"100149.14789738"
"2009-Q3";"WMF";"B";"13722.12807352"
"2009-Q3";"WMF";"A";"25400.65079229"
"2009-Q3";"WMF";"T1";"39122.77886581"
"2009-Q3";"WMF";"T2";"61314.38019502"
"2009-Q3";"WMF";"WG0";"54351.16766782"
"2009-Q3";"WMF";"D0";"27441.46783271"
"2009-Q3";"WMF";"D0S";"27441.46808197"
"2009-Q3";"WMF";"T3";"88755.84802773"
"2009-Q3";"WMF";"T3S";"88755.84827699"
"2009-Q3";"WMF";"T4";"52511.20921021"
"2009-Q3";"WMF";"WG1";"41148.59733252"
"2009-Q3";"WMF";"D2";"23291.00104858"
"2009-Q3";"WMF";"D2S";"23291.0199115"
"2009-Q3";"WMF";"T5";"75802.21025879"
"2009-Q3";"WMF";"T5S";"75802.22912171"
"2009-Q3";"WMF";"BBIP";"153922.10264468"
"2009-Q3";"WMF";"BBIPS";"154098.46821567"
"2009-Q3";"VVP";"PHPOE";"0.80575443"
"2009-Q3";"VVP";"S";"1.25870335"
"2009-Q3";"VVP";"T0";"0.88685518"
"2009-Q3";"VVP";"B";"2.58996669"
"2009-Q3";"VVP";"A";"1.74844611"
"2009-Q3";"VVP";"T1";"2.04202898"
"2009-Q3";"VVP";"T2";"1.73480904"
"2009-Q3";"VVP";"WG0";"7.5247343"
"2009-Q3";"VVP";"D0";"3.76361746"
"2009-Q3";"VVP";"D0S";"3.76360131"
"2009-Q3";"VVP";"T3";"2.35355049"
"2009-Q3";"VVP";"T3S";"2.35354563"
"2009-Q3";"VVP";"T4";"3.46202485"
"2009-Q3";"VVP";"WG1";"2.86479482"
"2009-Q3";"VVP";"D2";"0.63285857"
"2009-Q3";"VVP";"D2S";"0.63378001"
"2009-Q3";"VVP";"T5";"2.57594982"
"2009-Q3";"VVP";"T5S";"2.57624349"
"2009-Q3";"VVP";"BBIP";"1.10754368"
"2009-Q3";"VVP";"BBIPS";"1.10630273"
"2009-Q4";"WMF";"PHPOE";"82701.28271074"
"2009-Q4";"WMF";"S";"18112.15559669"
"2009-Q4";"WMF";"T0";"100813.43830743"
"2009-Q4";"WMF";"B";"13704.81637432"
"2009-Q4";"WMF";"A";"25363.25194067"
"2009-Q4";"WMF";"T1";"39068.068315"
"2009-Q4";"WMF";"T2";"66420.02283259"
"2009-Q4";"WMF";"WG0";"54800.26676138"
"2009-Q4";"WMF";"D0";"27280.632692"
"2009-Q4";"WMF";"D0S";"27280.62370471"
"2009-Q4";"WMF";"T3";"93700.65552459"
"2009-Q4";"WMF";"T3S";"93700.6465373"
"2009-Q4";"WMF";"T4";"55774.74984915"
"2009-Q4";"WMF";"WG1";"41587.48902104"
"2009-Q4";"WMF";"D2";"23855.92850762"
"2009-Q4";"WMF";"D2S";"23856.33028741"
"2009-Q4";"WMF";"T5";"79630.67835677"
"2009-Q4";"WMF";"T5S";"79631.08013656"
"2009-Q4";"WMF";"BBIP";"155091.55613519"
"2009-Q4";"WMF";"BBIPS";"155266.89963341"
"2009-Q4";"VVP";"PHPOE";"0.66948046"
"2009-Q4";"VVP";"S";"0.63509543"
"2009-Q4";"VVP";"T0";"0.66330111"
"2009-Q4";"VVP";"B";"-0.126159"
"2009-Q4";"VVP";"A";"-0.1472358"
"2009-Q4";"VVP";"T1";"-0.13984321"
"2009-Q4";"VVP";"T2";"8.32699054"
"2009-Q4";"VVP";"WG0";"0.82629153"
"2009-Q4";"VVP";"D0";"-0.58610254"
"2009-Q4";"VVP";"D0S";"-0.5861362"
"2009-Q4";"VVP";"T3";"5.57124697"
"2009-Q4";"VVP";"T3S";"5.57123655"
"2009-Q4";"VVP";"T4";"6.21494094"
"2009-Q4";"VVP";"WG1";"1.06660182"
"2009-Q4";"VVP";"D2";"2.42551816"
"2009-Q4";"VVP";"D2S";"2.42716024"
"2009-Q4";"VVP";"T5";"5.0506022"
"2009-Q4";"VVP";"T5S";"5.05110609"
"2009-Q4";"VVP";"BBIP";"0.7597697"
"2009-Q4";"VVP";"BBIPS";"0.75823688"
"2010-Q1";"WMF";"PHPOE";"83419.88896455"
"2010-Q1";"WMF";"S";"18033.92774057"
"2010-Q1";"WMF";"T0";"101453.81670512"
"2010-Q1";"WMF";"B";"13784.83848754"
"2010-Q1";"WMF";"A";"25959.98690992"
"2010-Q1";"WMF";"T1";"39744.82539746"
"2010-Q1";"WMF";"T2";"73717.66226917"
"2010-Q1";"WMF";"WG0";"56080.79743097"
"2010-Q1";"WMF";"D0";"26485.65816114"
"2010-Q1";"WMF";"D0S";"26485.63620866"
"2010-Q1";"WMF";"T3";"100203.32043031"
"2010-Q1";"WMF";"T3S";"100203.29847783"
"2010-Q1";"WMF";"T4";"58950.96328384"
"2010-Q1";"WMF";"WG1";"43828.44584514"
"2010-Q1";"WMF";"D2";"23661.4547317"
"2010-Q1";"WMF";"D2S";"23662.44292935"
"2010-Q1";"WMF";"T5";"82612.41801554"
"2010-Q1";"WMF";"T5S";"82613.40621319"
"2010-Q1";"WMF";"BBIP";"157045.1085247"
"2010-Q1";"WMF";"BBIPS";"156902.60063193"
"2010-Q1";"VVP";"PHPOE";"0.86891791"
"2010-Q1";"VVP";"S";"-0.43190804"
"2010-Q1";"VVP";"T0";"0.63521135"
"2010-Q1";"VVP";"B";"0.58389774"
"2010-Q1";"VVP";"A";"2.35275418"
"2010-Q1";"VVP";"T1";"1.7322512"
"2010-Q1";"VVP";"T2";"10.98710769"
"2010-Q1";"VVP";"WG0";"2.33672342"
"2010-Q1";"VVP";"D0";"-2.91406193"
"2010-Q1";"VVP";"D0S";"-2.91411041"
"2010-Q1";"VVP";"T3";"6.93982862"
"2010-Q1";"VVP";"T3S";"6.93981545"
"2010-Q1";"VVP";"T4";"5.6947157"
"2010-Q1";"VVP";"WG1";"5.38853602"
"2010-Q1";"VVP";"D2";"-0.81520103"
"2010-Q1";"VVP";"D2S";"-0.81272918"
"2010-Q1";"VVP";"T5";"3.74446095"
"2010-Q1";"VVP";"T5S";"3.74517848"
"2010-Q1";"VVP";"BBIP";"1.25961235"
"2010-Q1";"VVP";"BBIPS";"1.05347695"
"2010-Q2";"WMF";"PHPOE";"83641.67671608"
"2010-Q2";"WMF";"S";"18068.81251535"
"2010-Q2";"WMF";"T0";"101710.48923143"
"2010-Q2";"WMF";"B";"14005.81481285"
"2010-Q2";"WMF";"A";"26171.59221953"
"2010-Q2";"WMF";"T1";"40177.40703238"
"2010-Q2";"WMF";"T2";"74221.3988344"
"2010-Q2";"WMF";"WG0";"61657.83444604"
"2010-Q2";"WMF";"D0";"26818.59346794"
"2010-Q2";"WMF";"D0S";"26818.57300979"
"2010-Q2";"WMF";"T3";"101039.99230234"
"2010-Q2";"WMF";"T3S";"101039.97184419"
"2010-Q2";"WMF";"T4";"65102.87035365"
"2010-Q2";"WMF";"WG1";"45962.92237055"
"2010-Q2";"WMF";"D2";"24315.00346582"
"2010-Q2";"WMF";"D2S";"24315.79120572"
"2010-Q2";"WMF";"T5";"89417.87381947"
"2010-Q2";"WMF";"T5S";"89418.66155937"
"2010-Q2";"WMF";"BBIP";"158557.96787878"
"2010-Q2";"WMF";"BBIPS";"158014.08971497"
"2010-Q2";"VVP";"PHPOE";"0.26586915"
"2010-Q2";"VVP";"S";"0.19343969"
"2010-Q2";"VVP";"T0";"0.25299445"
"2010-Q2";"VVP";"B";"1.60303891"
"2010-Q2";"VVP";"A";"0.81512102"
"2010-Q2";"VVP";"T1";"1.08839737"
"2010-Q2";"VVP";"T2";"0.68333226"
"2010-Q2";"VVP";"WG0";"9.94464642"
"2010-Q2";"VVP";"D0";"1.25703996"
"2010-Q2";"VVP";"D0S";"1.25704664"
"2010-Q2";"VVP";"T3";"0.8349742"
"2010-Q2";"VVP";"T3S";"0.83497587"
"2010-Q2";"VVP";"T4";"10.43563451"
"2010-Q2";"VVP";"WG1";"4.87007122"
"2010-Q2";"VVP";"D2";"2.7620818"
"2010-Q2";"VVP";"D2S";"2.76111929"
"2010-Q2";"VVP";"T5";"8.23781214"
"2010-Q2";"VVP";"T5S";"8.23747096"
"2010-Q2";"VVP";"BBIP";"0.96332791"
"2010-Q2";"VVP";"BBIPS";"0.7083943"
"2010-Q3";"WMF";"PHPOE";"83852.20574101"
"2010-Q3";"WMF";"S";"18180.42722581"
"2010-Q3";"WMF";"T0";"102032.63296682"
"2010-Q3";"WMF";"B";"14099.12558363"
"2010-Q3";"WMF";"A";"26349.31810569"
"2010-Q3";"WMF";"T1";"40448.44368932"
"2010-Q3";"WMF";"T2";"72501.81611684"
"2010-Q3";"WMF";"WG0";"57308.23364415"
"2010-Q3";"WMF";"D0";"26681.68864798"
"2010-Q3";"WMF";"D0S";"26681.68965464"
"2010-Q3";"WMF";"T3";"99183.50476482"
"2010-Q3";"WMF";"T3S";"99183.50577148"
"2010-Q3";"WMF";"T4";"62502.7612555"
"2010-Q3";"WMF";"WG1";"45645.99508571"
"2010-Q3";"WMF";"D2";"24121.09963377"
"2010-Q3";"WMF";"D2S";"24121.01925348"
"2010-Q3";"WMF";"T5";"86623.86088928"
"2010-Q3";"WMF";"T5S";"86623.78050899"
"2010-Q3";"WMF";"BBIP";"159308.07530594"
"2010-Q3";"WMF";"BBIPS";"159032.41394402"
"2010-Q3";"VVP";"PHPOE";"0.2517035"
"2010-Q3";"VVP";"S";"0.61772023"
"2010-Q3";"VVP";"T0";"0.31672617"
"2010-Q3";"VVP";"B";"0.66622879"
"2010-Q3";"VVP";"A";"0.67907938"
"2010-Q3";"VVP";"T1";"0.67459967"
"2010-Q3";"VVP";"T2";"-2.31682876"
"2010-Q3";"VVP";"WG0";"-7.05441708"
"2010-Q3";"VVP";"D0";"-0.51048471"
"2010-Q3";"VVP";"D0S";"-0.51040507"
"2010-Q3";"VVP";"T3";"-1.83737894"
"2010-Q3";"VVP";"T3S";"-1.83735807"
"2010-Q3";"VVP";"T4";"-3.9938471"
"2010-Q3";"VVP";"WG1";"-0.68952814"
"2010-Q3";"VVP";"D2";"-0.79746578"
"2010-Q3";"VVP";"D2S";"-0.80101014"
"2010-Q3";"VVP";"T5";"-3.12466939"
"2010-Q3";"VVP";"T5S";"-3.12561271"
"2010-Q3";"VVP";"BBIP";"0.47308088"
"2010-Q3";"VVP";"BBIPS";"0.64445154"
"2010-Q4";"WMF";"PHPOE";"84361.8421022"
"2010-Q4";"WMF";"S";"18311.1075755"
"2010-Q4";"WMF";"T0";"102672.94967771"
"2010-Q4";"WMF";"B";"14373.65746827"
"2010-Q4";"WMF";"A";"26648.68466631"
"2010-Q4";"WMF";"T1";"41022.34213457"
"2010-Q4";"WMF";"T2";"82226.5664612"
"2010-Q4";"WMF";"WG0";"63528.30649845"
"2010-Q4";"WMF";"D0";"26802.69684107"
"2010-Q4";"WMF";"D0S";"26802.73824503"
"2010-Q4";"WMF";"T3";"109029.26330227"
"2010-Q4";"WMF";"T3S";"109029.30470623"
"2010-Q4";"WMF";"T4";"65600.57244276"
"2010-Q4";"WMF";"WG1";"46121.66274297"
"2010-Q4";"WMF";"D2";"24486.2530949"
"2010-Q4";"WMF";"D2S";"24484.55753763"
"2010-Q4";"WMF";"T5";"90086.82553765"
"2010-Q4";"WMF";"T5S";"90085.12998039"
"2010-Q4";"WMF";"BBIP";"160730.99096145"
"2010-Q4";"WMF";"BBIPS";"160725.01976928"
"2010-Q4";"VVP";"PHPOE";"0.60777931"
"2010-Q4";"VVP";"S";"0.71879691"
"2010-Q4";"VVP";"T0";"0.62756071"
"2010-Q4";"VVP";"B";"1.9471554"
"2010-Q4";"VVP";"A";"1.13614538"
"2010-Q4";"VVP";"T1";"1.41883937"
"2010-Q4";"VVP";"T2";"13.41311275"
"2010-Q4";"VVP";"WG0";"10.85371588"
"2010-Q4";"VVP";"D0";"0.45352524"
"2010-Q4";"VVP";"D0S";"0.45367663"
"2010-Q4";"VVP";"T3";"9.92681047"
"2010-Q4";"VVP";"T3S";"9.9268511"
"2010-Q4";"VVP";"T4";"4.95627893"
"2010-Q4";"VVP";"WG1";"1.04207972"
"2010-Q4";"VVP";"D2";"1.51383422"
"2010-Q4";"VVP";"D2S";"1.50714313"
"2010-Q4";"VVP";"T5";"3.99770296"
"2010-Q4";"VVP";"T5S";"3.99584208"
"2010-Q4";"VVP";"BBIP";"0.89318489"
"2010-Q4";"VVP";"BBIPS";"1.06431499"
"2011-Q1";"WMF";"PHPOE";"84465.34367738"
"2011-Q1";"WMF";"S";"18375.20011444"
"2011-Q1";"WMF";"T0";"102840.54379181"
"2011-Q1";"WMF";"B";"14616.4637127"
"2011-Q1";"WMF";"A";"26829.62922573"
"2011-Q1";"WMF";"T1";"41446.09293843"
"2011-Q1";"WMF";"T2";"87052.80848009"
"2011-Q1";"WMF";"WG0";"66550.42101002"
"2011-Q1";"WMF";"D0";"26845.33078905"
"2011-Q1";"WMF";"D0S";"26845.42716851"
"2011-Q1";"WMF";"T3";"113898.13926914"
"2011-Q1";"WMF";"T3S";"113898.2356486"
"2011-Q1";"WMF";"T4";"69396.22887163"
"2011-Q1";"WMF";"WG1";"46558.73640741"
"2011-Q1";"WMF";"D2";"24739.45138202"
"2011-Q1";"WMF";"D2S";"24735.56570982"
"2011-Q1";"WMF";"T5";"94135.68025364"
"2011-Q1";"WMF";"T5S";"94131.79458145"
"2011-Q1";"WMF";"BBIP";"161136.93699571"
"2011-Q1";"WMF";"BBIPS";"161369.42534909"
"2011-Q1";"VVP";"PHPOE";"0.12268767"
"2011-Q1";"VVP";"S";"0.35002"
"2011-Q1";"VVP";"T0";"0.16323103"
"2011-Q1";"VVP";"B";"1.68924468"
"2011-Q1";"VVP";"A";"0.67899996"
"2011-Q1";"VVP";"T1";"1.03297565"
"2011-Q1";"VVP";"T2";"5.86944369"
"2011-Q1";"VVP";"WG0";"4.75711486"
"2011-Q1";"VVP";"D0";"0.15906589"
"2011-Q1";"VVP";"D0S";"0.15927075"
"2011-Q1";"VVP";"T3";"4.46565979"
"2011-Q1";"VVP";"T3S";"4.46570851"
"2011-Q1";"VVP";"T4";"5.78601114"
"2011-Q1";"VVP";"WG1";"0.94765375"
"2011-Q1";"VVP";"D2";"1.0340426"
"2011-Q1";"VVP";"D2S";"1.02516932"
"2011-Q1";"VVP";"T5";"4.4943916"
"2011-Q1";"VVP";"T5S";"4.49204503"
"2011-Q1";"VVP";"BBIP";"0.25256239"
"2011-Q1";"VVP";"BBIPS";"0.40093669"
"2011-Q2";"WMF";"PHPOE";"84627.2808804"
"2011-Q2";"WMF";"S";"18564.55221097"
"2011-Q2";"WMF";"T0";"103191.83309137"
"2011-Q2";"WMF";"B";"14692.58561424"
"2011-Q2";"WMF";"A";"26534.72865973"
"2011-Q2";"WMF";"T1";"41227.31427397"
"2011-Q2";"WMF";"T2";"81028.09890225"
"2011-Q2";"WMF";"WG0";"63652.29045631"
"2011-Q2";"WMF";"D0";"26350.61266895"
"2011-Q2";"WMF";"D0S";"26350.69577472"
"2011-Q2";"WMF";"T3";"107378.7115712"
"2011-Q2";"WMF";"T3S";"107378.79467697"
"2011-Q2";"WMF";"T4";"65520.92998915"
"2011-Q2";"WMF";"WG1";"46423.19380734"
"2011-Q2";"WMF";"D2";"24704.09809819"
"2011-Q2";"WMF";"D2S";"24700.67774229"
"2011-Q2";"WMF";"T5";"90225.02808734"
"2011-Q2";"WMF";"T5S";"90221.60773144"
"2011-Q2";"WMF";"BBIP";"162009.99637111"
"2011-Q2";"WMF";"BBIPS";"162245.43746555"
"2011-Q2";"VVP";"PHPOE";"0.19172029"
"2011-Q2";"VVP";"S";"1.03047638"
"2011-Q2";"VVP";"T0";"0.34158639"
"2011-Q2";"VVP";"B";"0.52079561"
"2011-Q2";"VVP";"A";"-1.09916005"
"2011-Q2";"VVP";"T1";"-0.52786318"
"2011-Q2";"VVP";"T2";"-6.92075268"
"2011-Q2";"VVP";"WG0";"-4.35478921"
"2011-Q2";"VVP";"D0";"-1.84284606"
"2011-Q2";"VVP";"D0S";"-1.84288889"
"2011-Q2";"VVP";"T3";"-5.72391063"
"2011-Q2";"VVP";"T3S";"-5.72391744"
"2011-Q2";"VVP";"T4";"-5.5843076"
"2011-Q2";"VVP";"WG1";"-0.29112173"
"2011-Q2";"VVP";"D2";"-0.14290246"
"2011-Q2";"VVP";"D2S";"-0.14104374"
"2011-Q2";"VVP";"T5";"-4.15427196"
"2011-Q2";"VVP";"T5S";"-4.15394912"
"2011-Q2";"VVP";"BBIP";"0.54181207"
"2011-Q2";"VVP";"BBIPS";"0.54286127"
"2011-Q3";"WMF";"PHPOE";"84338.59185623"
"2011-Q3";"WMF";"S";"18657.12969799"
"2011-Q3";"WMF";"T0";"102995.72155422"
"2011-Q3";"WMF";"B";"14799.04170318"
"2011-Q3";"WMF";"A";"26311.30115741"
"2011-Q3";"WMF";"T1";"41110.34286059"
"2011-Q3";"WMF";"T2";"75342.85802123"
"2011-Q3";"WMF";"WG0";"56022.36886196"
"2011-Q3";"WMF";"D0";"25862.22772873"
"2011-Q3";"WMF";"D0S";"25862.22640901"
"2011-Q3";"WMF";"T3";"101205.08574996"
"2011-Q3";"WMF";"T3S";"101205.08443024"
"2011-Q3";"WMF";"T4";"70129.13598418"
"2011-Q3";"WMF";"WG1";"45709.56980724"
"2011-Q3";"WMF";"D2";"24328.12732999"
"2011-Q3";"WMF";"D2S";"24328.45965539"
"2011-Q3";"WMF";"T5";"94457.26331417"
"2011-Q3";"WMF";"T5S";"94457.59563957"
"2011-Q3";"WMF";"BBIP";"161057.34973025"
"2011-Q3";"WMF";"BBIPS";"161294.66254891"
"2011-Q3";"VVP";"PHPOE";"-0.34112998"
"2011-Q3";"VVP";"S";"0.4986788"
"2011-Q3";"VVP";"T0";"-0.1900456"
"2011-Q3";"VVP";"B";"0.72455653"
"2011-Q3";"VVP";"A";"-0.84201917"
"2011-Q3";"VVP";"T1";"-0.2837231"
"2011-Q3";"VVP";"T2";"-7.01638192"
"2011-Q3";"VVP";"WG0";"-11.98687673"
"2011-Q3";"VVP";"D0";"-1.85341019"
"2011-Q3";"VVP";"D0S";"-1.85372474"
"2011-Q3";"VVP";"T3";"-5.74939458"
"2011-Q3";"VVP";"T3S";"-5.74946875"
"2011-Q3";"VVP";"T4";"7.0331816"
"2011-Q3";"VVP";"WG1";"-1.53721436"
"2011-Q3";"VVP";"D2";"-1.52189635"
"2011-Q3";"VVP";"D2S";"-1.50691447"
"2011-Q3";"VVP";"T5";"4.69075523"
"2011-Q3";"VVP";"T5S";"4.69509247"
"2011-Q3";"VVP";"BBIP";"-0.5880172"
"2011-Q3";"VVP";"BBIPS";"-0.58601026"
"2011-Q4";"WMF";"PHPOE";"84963.33387711"
"2011-Q4";"WMF";"S";"18679.9792786"
"2011-Q4";"WMF";"T0";"103643.31315571"
"2011-Q4";"WMF";"B";"14872.79580372"
"2011-Q4";"WMF";"A";"26831.54586091"
"2011-Q4";"WMF";"T1";"41704.34166464"
"2011-Q4";"WMF";"T2";"78186.57372047"
"2011-Q4";"WMF";"WG0";"57128.30347174"
"2011-Q4";"WMF";"D0";"27041.84168037"
"2011-Q4";"WMF";"D0S";"27041.66351486"
"2011-Q4";"WMF";"T3";"105228.41540084"
"2011-Q4";"WMF";"T3S";"105228.23723533"
"2011-Q4";"WMF";"T4";"75050.08330555"
"2011-Q4";"WMF";"WG1";"45846.86323942"
"2011-Q4";"WMF";"D2";"26092.701509"
"2011-Q4";"WMF";"D2S";"26099.67521171"
"2011-Q4";"WMF";"T5";"101142.78481455"
"2011-Q4";"WMF";"T5S";"101149.75851726"
"2011-Q4";"WMF";"BBIP";"161512.87740347"
"2011-Q4";"WMF";"BBIPS";"161750.98429999"
"2011-Q4";"VVP";"PHPOE";"0.74075463"
"2011-Q4";"VVP";"S";"0.12247104"
"2011-Q4";"VVP";"T0";"0.62875583"
"2011-Q4";"VVP";"B";"0.49837079"
"2011-Q4";"VVP";"A";"1.97726711"
"2011-Q4";"VVP";"T1";"1.44488896"
"2011-Q4";"VVP";"T2";"3.77436664"
"2011-Q4";"VVP";"WG0";"1.97409469"
"2011-Q4";"VVP";"D0";"4.56114595"
"2011-Q4";"VVP";"D0S";"4.56046238"
"2011-Q4";"VVP";"T3";"3.9754224"
"2011-Q4";"VVP";"T3S";"3.97524771"
"2011-Q4";"VVP";"T4";"7.01697982"
"2011-Q4";"VVP";"WG1";"0.30036037"
"2011-Q4";"VVP";"D2";"7.2532265"
"2011-Q4";"VVP";"D2S";"7.28042622"
"2011-Q4";"VVP";"T5";"7.0778268"
"2011-Q4";"VVP";"T5S";"7.08483297"
"2011-Q4";"VVP";"BBIP";"0.28283569"
"2011-Q4";"VVP";"BBIPS";"0.28291187"
"2012-Q1";"WMF";"PHPOE";"85652.13431043"
"2012-Q1";"WMF";"S";"18692.04930719"
"2012-Q1";"WMF";"T0";"104344.18361763"
"2012-Q1";"WMF";"B";"14968.81706045"
"2012-Q1";"WMF";"A";"27549.13107812"
"2012-Q1";"WMF";"T1";"42517.94813857"
"2012-Q1";"WMF";"T2";"80158.98189147"
"2012-Q1";"WMF";"WG0";"61033.68908789"
"2012-Q1";"WMF";"D0";"28134.87229565"
"2012-Q1";"WMF";"D0S";"28145.8557447"
"2012-Q1";"WMF";"T3";"108293.85418712"
"2012-Q1";"WMF";"T3S";"108304.83763617"
"2012-Q1";"WMF";"T4";"69576.06462192"
"2012-Q1";"WMF";"WG1";"47068.99912044"
"2012-Q1";"WMF";"D2";"26084.63093866"
"2012-Q1";"WMF";"D2S";"25775.63187594"
"2012-Q1";"WMF";"T5";"95660.69556058"
"2012-Q1";"WMF";"T5S";"95351.69649786"
"2012-Q1";"WMF";"BBIP";"162635.72782646"
"2012-Q1";"WMF";"BBIPS";"162666.23408994"
"2012-Q1";"VVP";"PHPOE";"0.81070316"
"2012-Q1";"VVP";"S";"0.06461479"
"2012-Q1";"VVP";"T0";"0.67623317"
"2012-Q1";"VVP";"B";"0.64561672"
"2012-Q1";"VVP";"A";"2.67440878"
"2012-Q1";"VVP";"T1";"1.95089154"
"2012-Q1";"VVP";"T2";"2.52269421"
"2012-Q1";"VVP";"WG0";"6.83616593"
"2012-Q1";"VVP";"D0";"4.04199769"
"2012-Q1";"VVP";"D0S";"4.08329994"
"2012-Q1";"VVP";"T3";"2.91312834"
"2012-Q1";"VVP";"T3S";"2.92374032"
"2012-Q1";"VVP";"T4";"-7.29382093"
"2012-Q1";"VVP";"WG1";"2.66569138"
"2012-Q1";"VVP";"D2";"-0.03093037"
"2012-Q1";"VVP";"D2S";"-1.2415608"
"2012-Q1";"VVP";"T5";"-5.42014862"
"2012-Q1";"VVP";"T5S";"-5.73215607"
"2012-Q1";"VVP";"BBIP";"0.69520799"
"2012-Q1";"VVP";"BBIPS";"0.56583878"
"2012-Q2";"WMF";"PHPOE";"85550.8192328"
"2012-Q2";"WMF";"S";"18795.43223029"
"2012-Q2";"WMF";"T0";"104346.2514631"
"2012-Q2";"WMF";"B";"15163.51054257"
"2012-Q2";"WMF";"A";"27216.29190481"
"2012-Q2";"WMF";"T1";"42379.80244738"
"2012-Q2";"WMF";"T2";"78555.20020489"
"2012-Q2";"WMF";"WG0";"61117.19798513"
"2012-Q2";"WMF";"D0";"28554.46290393"
"2012-Q2";"WMF";"D0S";"28662.52128376"
"2012-Q2";"WMF";"T3";"107109.66310882"
"2012-Q2";"WMF";"T3S";"107217.72148866"
"2012-Q2";"WMF";"T4";"65356.37239731"
"2012-Q2";"WMF";"WG1";"46122.52722204"
"2012-Q2";"WMF";"D2";"26716.42361368"
"2012-Q2";"WMF";"D2S";"26566.92619835"
"2012-Q2";"WMF";"T5";"92072.79601099"
"2012-Q2";"WMF";"T5S";"91923.29859567"
"2012-Q2";"WMF";"BBIP";"163009.37458241"
"2012-Q2";"WMF";"BBIPS";"162799.52757483"
"2012-Q2";"VVP";"PHPOE";"-0.11828669"
"2012-Q2";"VVP";"S";"0.55308501"
"2012-Q2";"VVP";"T0";"0.00198175"
"2012-Q2";"VVP";"B";"1.30066044"
"2012-Q2";"VVP";"A";"-1.20816578"
"2012-Q2";"VVP";"T1";"-0.32491147"
"2012-Q2";"VVP";"T2";"-2.00075107"
"2012-Q2";"VVP";"WG0";"0.13682427"
"2012-Q2";"VVP";"D0";"1.49135423"
"2012-Q2";"VVP";"D0S";"1.83567181"
"2012-Q2";"VVP";"T3";"-1.09349795"
"2012-Q2";"VVP";"T3S";"-1.00375585"
"2012-Q2";"VVP";"T4";"-6.06486189"
"2012-Q2";"VVP";"WG1";"-2.01081798"
"2012-Q2";"VVP";"D2";"2.42208784"
"2012-Q2";"VVP";"D2S";"3.06993181"
"2012-Q2";"VVP";"T5";"-3.75065175"
"2012-Q2";"VVP";"T5S";"-3.595529"
"2012-Q2";"VVP";"BBIP";"0.22974457"
"2012-Q2";"VVP";"BBIPS";"0.08194293"
"2012-Q3";"WMF";"PHPOE";"85618.97828158"
"2012-Q3";"WMF";"S";"18872.265428"
"2012-Q3";"WMF";"T0";"104491.24370958"
"2012-Q3";"WMF";"B";"15325.96669844"
"2012-Q3";"WMF";"A";"27626.01422347"
"2012-Q3";"WMF";"T1";"42951.98092191"
"2012-Q3";"WMF";"T2";"84480.21913014"
"2012-Q3";"WMF";"WG0";"59849.64574359"
"2012-Q3";"WMF";"D0";"29543.37044467"
"2012-Q3";"WMF";"D0S";"29690.87273196"
"2012-Q3";"WMF";"T3";"114023.58957481"
"2012-Q3";"WMF";"T3S";"114171.0918621"
"2012-Q3";"WMF";"T4";"73265.61475869"
"2012-Q3";"WMF";"WG1";"47459.85855128"
"2012-Q3";"WMF";"D2";"27563.07591687"
"2012-Q3";"WMF";"D2S";"27511.18810637"
"2012-Q3";"WMF";"T5";"100828.69067556"
"2012-Q3";"WMF";"T5S";"100776.80286506"
"2012-Q3";"WMF";"BBIP";"164494.90639639"
"2012-Q3";"WMF";"BBIPS";"164044.46517974"
"2012-Q3";"VVP";"PHPOE";"0.07967083"
"2012-Q3";"VVP";"S";"0.40878654"
"2012-Q3";"VVP";"T0";"0.138953"
"2012-Q3";"VVP";"B";"1.07136244"
"2012-Q3";"VVP";"A";"1.50543035"
"2012-Q3";"VVP";"T1";"1.35012067"
"2012-Q3";"VVP";"T2";"7.54249103"
"2012-Q3";"VVP";"WG0";"-2.07396982"
"2012-Q3";"VVP";"D0";"3.46323285"
"2012-Q3";"VVP";"D0S";"3.58779131"
"2012-Q3";"VVP";"T3";"6.45499786"
"2012-Q3";"VVP";"T3S";"6.48528086"
"2012-Q3";"VVP";"T4";"12.10171567"
"2012-Q3";"VVP";"WG1";"2.89951876"
"2012-Q3";"VVP";"D2";"3.16903308"
"2012-Q3";"VVP";"D2S";"3.5542761"
"2012-Q3";"VVP";"T5";"9.50975211"
"2012-Q3";"VVP";"T5S";"9.63140401"
"2012-Q3";"VVP";"BBIP";"0.9113168"
"2012-Q3";"VVP";"BBIPS";"0.76470591"
"2012-Q4";"WMF";"PHPOE";"86096.12560276"
"2012-Q4";"WMF";"S";"18910.50042255"
"2012-Q4";"WMF";"T0";"105006.62602531"
"2012-Q4";"WMF";"B";"15485.08776438"
"2012-Q4";"WMF";"A";"27768.24662153"
"2012-Q4";"WMF";"T1";"43253.33438591"
"2012-Q4";"WMF";"T2";"80826.03344953"
"2012-Q4";"WMF";"WG0";"60869.22411841"
"2012-Q4";"WMF";"D0";"31003.80339597"
"2012-Q4";"WMF";"D0S";"29585.77351642"
"2012-Q4";"WMF";"T3";"111829.8368455"
"2012-Q4";"WMF";"T3S";"110411.80696595"
"2012-Q4";"WMF";"T4";"65486.4138845"
"2012-Q4";"WMF";"WG1";"46021.60670777"
"2012-Q4";"WMF";"D2";"28395.99593545"
"2012-Q4";"WMF";"D2S";"28309.09279446"
"2012-Q4";"WMF";"T5";"93882.40981995"
"2012-Q4";"WMF";"T5S";"93795.50667896"
"2012-Q4";"WMF";"BBIP";"164578.68709257"
"2012-Q4";"WMF";"BBIPS";"164487.8369266"
"2012-Q4";"VVP";"PHPOE";"0.55729154"
"2012-Q4";"VVP";"S";"0.20259886"
"2012-Q4";"VVP";"T0";"0.49323015"
"2012-Q4";"VVP";"B";"1.03824489"
"2012-Q4";"VVP";"A";"0.51484951"
"2012-Q4";"VVP";"T1";"0.70160551"
"2012-Q4";"VVP";"T2";"-4.32549266"
"2012-Q4";"VVP";"WG0";"1.70356627"
"2012-Q4";"VVP";"D0";"4.94335253"
"2012-Q4";"VVP";"D0S";"-0.3539782"
"2012-Q4";"VVP";"T3";"-1.92394638"
"2012-Q4";"VVP";"T3S";"-3.29267666"
"2012-Q4";"VVP";"T4";"-10.61780605"
"2012-Q4";"VVP";"WG1";"-3.03045961"
"2012-Q4";"VVP";"D2";"3.0218689"
"2012-Q4";"VVP";"D2S";"2.90029164"
"2012-Q4";"VVP";"T5";"-6.88919077"
"2012-Q4";"VVP";"T5S";"-6.9274833"
"2012-Q4";"VVP";"BBIP";"0.05093209"
"2012-Q4";"VVP";"BBIPS";"0.27027535"
"2013-Q1";"WMF";"PHPOE";"86765.61266289"
"2013-Q1";"WMF";"S";"19009.1994335"
"2013-Q1";"WMF";"T0";"105774.81209638"
"2013-Q1";"WMF";"B";"15494.43405082"
"2013-Q1";"WMF";"A";"27841.72772827"
"2013-Q1";"WMF";"T1";"43336.16177909"
"2013-Q1";"WMF";"T2";"84496.95248752"
"2013-Q1";"WMF";"WG0";"58831.28321259"
"2013-Q1";"WMF";"D0";"28407.6717678"
"2013-Q1";"WMF";"D0S";"29121.36400042"
"2013-Q1";"WMF";"T3";"112904.62425532"
"2013-Q1";"WMF";"T3S";"113618.31648794"
"2013-Q1";"WMF";"T4";"74350.66238478"
"2013-Q1";"WMF";"WG1";"46354.61011907"
"2013-Q1";"WMF";"D2";"27370.2451017"
"2013-Q1";"WMF";"D2S";"27291.9988677"
"2013-Q1";"WMF";"T5";"101720.90748647"
"2013-Q1";"WMF";"T5S";"101642.66125248"
"2013-Q1";"WMF";"BBIP";"165121.99117608"
"2013-Q1";"WMF";"BBIPS";"165295.74452241"
"2013-Q1";"VVP";"PHPOE";"0.77760417"
"2013-Q1";"VVP";"S";"0.52192702"
"2013-Q1";"VVP";"T0";"0.73155962"
"2013-Q1";"VVP";"B";"0.06035669"
"2013-Q1";"VVP";"A";"0.26462278"
"2013-Q1";"VVP";"T1";"0.19149366"
"2013-Q1";"VVP";"T2";"4.5417533"
"2013-Q1";"VVP";"WG0";"-3.34806454"
"2013-Q1";"VVP";"D0";"-8.3735908"
"2013-Q1";"VVP";"D0S";"-1.56970551"
"2013-Q1";"VVP";"T3";"0.96109182"
"2013-Q1";"VVP";"T3S";"2.90413644"
"2013-Q1";"VVP";"T4";"13.53601148"
"2013-Q1";"VVP";"WG1";"0.72358059"
"2013-Q1";"VVP";"D2";"-3.612308"
"2013-Q1";"VVP";"D2S";"-3.5928171"
"2013-Q1";"VVP";"T5";"8.3492719"
"2013-Q1";"VVP";"T5S";"8.3662372"
"2013-Q1";"VVP";"BBIP";"0.33011813"
"2013-Q1";"VVP";"BBIPS";"0.49116555"
"2013-Q2";"WMF";"PHPOE";"87176.81455084"
"2013-Q2";"WMF";"S";"19147.4635667"
"2013-Q2";"WMF";"T0";"106324.27811754"
"2013-Q2";"WMF";"B";"15760.00370962"
"2013-Q2";"WMF";"A";"27678.73611151"
"2013-Q2";"WMF";"T1";"43438.73982113"
"2013-Q2";"WMF";"T2";"103874.54125672"
"2013-Q2";"WMF";"WG0";"60974.27824423"
"2013-Q2";"WMF";"D0";"29478.83636101"
"2013-Q2";"WMF";"D0S";"30266.91577671"
"2013-Q2";"WMF";"T3";"133353.37761772"
"2013-Q2";"WMF";"T3S";"134141.45703342"
"2013-Q2";"WMF";"T4";"81442.42521593"
"2013-Q2";"WMF";"WG1";"47061.93870393"
"2013-Q2";"WMF";"D2";"28225.73488179"
"2013-Q2";"WMF";"D2S";"28345.35521847"
"2013-Q2";"WMF";"T5";"109668.16009772"
"2013-Q2";"WMF";"T5S";"109787.7804344"
"2013-Q2";"WMF";"BBIP";"166391.91358443"
"2013-Q2";"WMF";"BBIPS";"166567.03808347"
"2013-Q2";"VVP";"PHPOE";"0.47392265"
"2013-Q2";"VVP";"S";"0.72735379"
"2013-Q2";"VVP";"T0";"0.51946774"
"2013-Q2";"VVP";"B";"1.71396811"
"2013-Q2";"VVP";"A";"-0.58542206"
"2013-Q2";"VVP";"T1";"0.23670311"
"2013-Q2";"VVP";"T2";"22.93288479"
"2013-Q2";"VVP";"WG0";"3.6426114"
"2013-Q2";"VVP";"D0";"3.77068773"
"2013-Q2";"VVP";"D0S";"3.93371607"
"2013-Q2";"VVP";"T3";"18.11152864"
"2013-Q2";"VVP";"T3S";"18.06323239"
"2013-Q2";"VVP";"T4";"9.53826449"
"2013-Q2";"VVP";"WG1";"1.52590774"
"2013-Q2";"VVP";"D2";"3.12561973"
"2013-Q2";"VVP";"D2S";"3.85957934"
"2013-Q2";"VVP";"T5";"7.81280152"
"2013-Q2";"VVP";"T5S";"8.01348477"
"2013-Q2";"VVP";"BBIP";"0.76908133"
"2013-Q2";"VVP";"BBIPS";"0.76910241"
"2013-Q3";"WMF";"PHPOE";"87584.04343534"
"2013-Q3";"WMF";"S";"19352.38045811"
"2013-Q3";"WMF";"T0";"106936.42389345"
"2013-Q3";"WMF";"B";"15887.52035718"
"2013-Q3";"WMF";"A";"27652.20336965"
"2013-Q3";"WMF";"T1";"43539.72372683"
"2013-Q3";"WMF";"T2";"88404.05005242"
"2013-Q3";"WMF";"WG0";"60377.23640059"
"2013-Q3";"WMF";"D0";"30057.02283995"
"2013-Q3";"WMF";"D0S";"30102.39206653"
"2013-Q3";"WMF";"T3";"118461.07289237"
"2013-Q3";"WMF";"T3S";"118506.44211895"
"2013-Q3";"WMF";"T4";"73111.63931746"
"2013-Q3";"WMF";"WG1";"46784.54614806"
"2013-Q3";"WMF";"D2";"28785.52636365"
"2013-Q3";"WMF";"D2S";"29104.75028317"
"2013-Q3";"WMF";"T5";"101897.16568111"
"2013-Q3";"WMF";"T5S";"102216.38960062"
"2013-Q3";"WMF";"BBIP";"167369.25342993"
"2013-Q3";"WMF";"BBIPS";"167547.64837406"
"2013-Q3";"VVP";"PHPOE";"0.46712981"
"2013-Q3";"VVP";"S";"1.07020385"
"2013-Q3";"VVP";"T0";"0.57573471"
"2013-Q3";"VVP";"B";"0.80911559"
"2013-Q3";"VVP";"A";"-0.09585966"
"2013-Q3";"VVP";"T1";"0.2324743"
"2013-Q3";"VVP";"T2";"-14.89343877"
"2013-Q3";"VVP";"WG0";"-0.97917001"
"2013-Q3";"VVP";"D0";"1.96136127"
"2013-Q3";"VVP";"D0S";"-0.54357607"
"2013-Q3";"VVP";"T3";"-11.1675497"
"2013-Q3";"VVP";"T3S";"-11.65561733"
"2013-Q3";"VVP";"T4";"-10.22904939"
"2013-Q3";"VVP";"WG1";"-0.58942016"
"2013-Q3";"VVP";"D2";"1.98326628"
"2013-Q3";"VVP";"D2S";"2.67908114"
"2013-Q3";"VVP";"T5";"-7.08591665"
"2013-Q3";"VVP";"T5S";"-6.89638756"
"2013-Q3";"VVP";"BBIP";"0.5873722"
"2013-Q3";"VVP";"BBIPS";"0.58871809"
"2013-Q4";"WMF";"PHPOE";"87770.72106801"
"2013-Q4";"WMF";"S";"19489.01868544"
"2013-Q4";"WMF";"T0";"107259.73975345"
"2013-Q4";"WMF";"B";"16070.6628082"
"2013-Q4";"WMF";"A";"27861.85124349"
"2013-Q4";"WMF";"T1";"43932.51405169"
"2013-Q4";"WMF";"T2";"81378.69263441"
"2013-Q4";"WMF";"WG0";"58187.50003265"
"2013-Q4";"WMF";"D0";"30486.34187848"
"2013-Q4";"WMF";"D0S";"30514.24617096"
"2013-Q4";"WMF";"T3";"111865.03451288"
"2013-Q4";"WMF";"T3S";"111892.93880537"
"2013-Q4";"WMF";"T4";"66903.13131877"
"2013-Q4";"WMF";"WG1";"47593.81060359"
"2013-Q4";"WMF";"D2";"28287.83880186"
"2013-Q4";"WMF";"D2S";"28442.49572454"
"2013-Q4";"WMF";"T5";"95190.97012063"
"2013-Q4";"WMF";"T5S";"95345.62704331"
"2013-Q4";"WMF";"BBIP";"167701.83198405"
"2013-Q4";"WMF";"BBIPS";"167885.37485446"
"2013-Q4";"VVP";"PHPOE";"0.21314114"
"2013-Q4";"VVP";"S";"0.70605385"
"2013-Q4";"VVP";"T0";"0.302344"
"2013-Q4";"VVP";"B";"1.15274408"
"2013-Q4";"VVP";"A";"0.75815974"
"2013-Q4";"VVP";"T1";"0.90214244"
"2013-Q4";"VVP";"T2";"-7.94687281"
"2013-Q4";"VVP";"WG0";"-3.62675819"
"2013-Q4";"VVP";"D0";"1.42834851"
"2013-Q4";"VVP";"D0S";"1.36817733"
"2013-Q4";"VVP";"T3";"-5.56810623"
"2013-Q4";"VVP";"T3S";"-5.58071207"
"2013-Q4";"VVP";"T4";"-8.49181889"
"2013-Q4";"VVP";"WG1";"1.72976874"
"2013-Q4";"VVP";"D2";"-1.72895071"
"2013-Q4";"VVP";"D2S";"-2.27541742"
"2013-Q4";"VVP";"T5";"-6.5813367"
"2013-Q4";"VVP";"T5S";"-6.72178169"
"2013-Q4";"VVP";"BBIP";"0.19870947"
"2013-Q4";"VVP";"BBIPS";"0.20157041"
"2014-Q1";"WMF";"PHPOE";"87590.499791"
"2014-Q1";"WMF";"S";"19557.02618908"
"2014-Q1";"WMF";"T0";"107147.52598008"
"2014-Q1";"WMF";"B";"16238.25882467"
"2014-Q1";"WMF";"A";"27925.6752747"
"2014-Q1";"WMF";"T1";"44163.93409937"
"2014-Q1";"WMF";"T2";"82240.75887911"
"2014-Q1";"WMF";"WG0";"62350.98981779"
"2014-Q1";"WMF";"D0";"31182.11287425"
"2014-Q1";"WMF";"D0S";"30405.84841381"
"2014-Q1";"WMF";"T3";"113422.87175337"
"2014-Q1";"WMF";"T3S";"112646.60729292"
"2014-Q1";"WMF";"T4";"67290.15732169"
"2014-Q1";"WMF";"WG1";"46806.86614646"
"2014-Q1";"WMF";"D2";"29432.97894378"
"2014-Q1";"WMF";"D2S";"29491.63791833"
"2014-Q1";"WMF";"T5";"96723.13626547"
"2014-Q1";"WMF";"T5S";"96781.79524002"
"2014-Q1";"WMF";"BBIP";"168639.70937709"
"2014-Q1";"WMF";"BBIPS";"168522.67895821"
"2014-Q1";"VVP";"PHPOE";"-0.20533189"
"2014-Q1";"VVP";"S";"0.34895294"
"2014-Q1";"VVP";"T0";"-0.10461873"
"2014-Q1";"VVP";"B";"1.04286935"
"2014-Q1";"VVP";"A";"0.22907319"
"2014-Q1";"VVP";"T1";"0.52676259"
"2014-Q1";"VVP";"T2";"1.05932673"
"2014-Q1";"VVP";"WG0";"7.1552993"
"2014-Q1";"VVP";"D0";"2.28223838"
"2014-Q1";"VVP";"D0S";"-0.35523656"
"2014-Q1";"VVP";"T3";"1.39260426"
"2014-Q1";"VVP";"T3S";"0.67356215"
"2014-Q1";"VVP";"T4";"0.57848713"
"2014-Q1";"VVP";"WG1";"-1.65345966"
"2014-Q1";"VVP";"D2";"4.04817119"
"2014-Q1";"VVP";"D2S";"3.68864323"
"2014-Q1";"VVP";"T5";"1.60957089"
"2014-Q1";"VVP";"T5S";"1.50627589"
"2014-Q1";"VVP";"BBIP";"0.55925292"
"2014-Q1";"VVP";"BBIPS";"0.37960668"
"2014-Q2";"WMF";"PHPOE";"87856.74312892"
"2014-Q2";"WMF";"S";"19664.40922861"
"2014-Q2";"WMF";"T0";"107521.15235753"
"2014-Q2";"WMF";"B";"16215.97939283"
"2014-Q2";"WMF";"A";"28260.79345594"
"2014-Q2";"WMF";"T1";"44476.77284877"
"2014-Q2";"WMF";"T2";"75199.79695435"
"2014-Q2";"WMF";"WG0";"63285.65768905"
"2014-Q2";"WMF";"D0";"30114.0422472"
"2014-Q2";"WMF";"D0S";"30426.80521292"
"2014-Q2";"WMF";"T3";"105313.83920155"
"2014-Q2";"WMF";"T3S";"105626.60216728"
"2014-Q2";"WMF";"T4";"58230.11797193"
"2014-Q2";"WMF";"WG1";"46934.33682757"
"2014-Q2";"WMF";"D2";"29014.60121449"
"2014-Q2";"WMF";"D2S";"29156.78344176"
"2014-Q2";"WMF";"T5";"87244.71918642"
"2014-Q2";"WMF";"T5S";"87386.90141369"
"2014-Q2";"WMF";"BBIP";"169901.02278765"
"2014-Q2";"WMF";"BBIPS";"169389.37601472"
"2014-Q2";"VVP";"PHPOE";"0.30396372"
"2014-Q2";"VVP";"S";"0.54907652"
"2014-Q2";"VVP";"T0";"0.34870276"
"2014-Q2";"VVP";"B";"-0.13720333"
"2014-Q2";"VVP";"A";"1.20003609"
"2014-Q2";"VVP";"T1";"0.70835798"
"2014-Q2";"VVP";"T2";"-8.56140194"
"2014-Q2";"VVP";"WG0";"1.49904256"
"2014-Q2";"VVP";"D0";"-3.42526702"
"2014-Q2";"VVP";"D0S";"0.06892358"
"2014-Q2";"VVP";"T3";"-7.14938039"
"2014-Q2";"VVP";"T3S";"-6.23188332"
"2014-Q2";"VVP";"T4";"-13.46413757"
"2014-Q2";"VVP";"WG1";"0.2723333"
"2014-Q2";"VVP";"D2";"-1.421459"
"2014-Q2";"VVP";"D2S";"-1.13542177"
"2014-Q2";"VVP";"T5";"-9.79953447"
"2014-Q2";"VVP";"T5S";"-9.70729444"
"2014-Q2";"VVP";"BBIP";"0.74793381"
"2014-Q2";"VVP";"BBIPS";"0.51429105"
"2014-Q3";"WMF";"PHPOE";"88161.38389018"
"2014-Q3";"WMF";"S";"19730.99013177"
"2014-Q3";"WMF";"T0";"107892.37402195"
"2014-Q3";"WMF";"B";"16400.10124865"
"2014-Q3";"WMF";"A";"28465.61148013"
"2014-Q3";"WMF";"T1";"44865.71272878"
"2014-Q3";"WMF";"T2";"75394.79635607"
"2014-Q3";"WMF";"WG0";"62311.94781951"
"2014-Q3";"WMF";"D0";"30895.22948535"
"2014-Q3";"WMF";"D0S";"31099.68834267"
"2014-Q3";"WMF";"T3";"106290.02584142"
"2014-Q3";"WMF";"T3S";"106494.48469873"
"2014-Q3";"WMF";"T4";"60900.7728152"
"2014-Q3";"WMF";"WG1";"47586.96852973"
"2014-Q3";"WMF";"D2";"30866.71635894"
"2014-Q3";"WMF";"D2S";"30793.86614631"
"2014-Q3";"WMF";"T5";"91767.48917414"
"2014-Q3";"WMF";"T5S";"91694.63896151"
"2014-Q3";"WMF";"BBIP";"170176.40886823"
"2014-Q3";"WMF";"BBIPS";"169940.70969107"
"2014-Q3";"VVP";"PHPOE";"0.34674716"
"2014-Q3";"VVP";"S";"0.33858583"
"2014-Q3";"VVP";"T0";"0.34525454"
"2014-Q3";"VVP";"B";"1.13543469"
"2014-Q3";"VVP";"A";"0.72474265"
"2014-Q3";"VVP";"T1";"0.87447864"
"2014-Q3";"VVP";"T2";"0.25930842"
"2014-Q3";"VVP";"WG0";"-1.53859485"
"2014-Q3";"VVP";"D0";"2.59409624"
"2014-Q3";"VVP";"D0S";"2.21148137"
"2014-Q3";"VVP";"T3";"0.92693102"
"2014-Q3";"VVP";"T3S";"0.82165147"
"2014-Q3";"VVP";"T4";"4.58638062"
"2014-Q3";"VVP";"WG1";"1.39052077"
"2014-Q3";"VVP";"D2";"6.38338997"
"2014-Q3";"VVP";"D2S";"5.61475757"
"2014-Q3";"VVP";"T5";"5.18400429"
"2014-Q3";"VVP";"T5S";"4.92950028"
"2014-Q3";"VVP";"BBIP";"0.16208618"
"2014-Q3";"VVP";"BBIPS";"0.32548303"
"2014-Q4";"WMF";"PHPOE";"88336.20605687"
"2014-Q4";"WMF";"S";"19845.88721148"
"2014-Q4";"WMF";"T0";"108182.09326835"
"2014-Q4";"WMF";"B";"16405.67682417"
"2014-Q4";"WMF";"A";"28793.99513396"
"2014-Q4";"WMF";"T1";"45199.67195813"
"2014-Q4";"WMF";"T2";"83222.48435265"
"2014-Q4";"WMF";"WG0";"61722.90207483"
"2014-Q4";"WMF";"D0";"31180.75563289"
"2014-Q4";"WMF";"D0S";"31387.46262894"
"2014-Q4";"WMF";"T3";"114403.23998555"
"2014-Q4";"WMF";"T3S";"114609.94698159"
"2014-Q4";"WMF";"T4";"63459.84140344"
"2014-Q4";"WMF";"WG1";"46041.38397131"
"2014-Q4";"WMF";"D2";"31038.75274498"
"2014-Q4";"WMF";"D2S";"31154.5418775"
"2014-Q4";"WMF";"T5";"94498.59414843"
"2014-Q4";"WMF";"T5S";"94614.38328094"
"2014-Q4";"WMF";"BBIP";"170277.96495333"
"2014-Q4";"WMF";"BBIPS";"170318.78840079"
"2014-Q4";"VVP";"PHPOE";"0.19829789"
"2014-Q4";"VVP";"S";"0.58231786"
"2014-Q4";"VVP";"T0";"0.26852616"
"2014-Q4";"VVP";"B";"0.0339972"
"2014-Q4";"VVP";"A";"1.15361532"
"2014-Q4";"VVP";"T1";"0.74435289"
"2014-Q4";"VVP";"T2";"10.38226559"
"2014-Q4";"VVP";"WG0";"-0.9453175"
"2014-Q4";"VVP";"D0";"0.92417552"
"2014-Q4";"VVP";"D0S";"0.92532852"
"2014-Q4";"VVP";"T3";"7.63309076"
"2014-Q4";"VVP";"T3S";"7.62054702"
"2014-Q4";"VVP";"T4";"4.20202974"
"2014-Q4";"VVP";"WG1";"-3.24791557"
"2014-Q4";"VVP";"D2";"0.55735241"
"2014-Q4";"VVP";"D2S";"1.17125836"
"2014-Q4";"VVP";"T5";"2.97611387"
"2014-Q4";"VVP";"T5S";"3.18420395"
"2014-Q4";"VVP";"BBIP";"0.05967695"
"2014-Q4";"VVP";"BBIPS";"0.22247683"
"2015-Q1";"WMF";"PHPOE";"88322.65223392"
"2015-Q1";"WMF";"S";"19785.66219207"
"2015-Q1";"WMF";"T0";"108108.31442599"
"2015-Q1";"WMF";"B";"16447.37452361"
"2015-Q1";"WMF";"A";"28145.87541634"
"2015-Q1";"WMF";"T1";"44593.24993995"
"2015-Q1";"WMF";"T2";"77939.04201464"
"2015-Q1";"WMF";"WG0";"59921.25571333"
"2015-Q1";"WMF";"D0";"29743.05183909"
"2015-Q1";"WMF";"D0S";"30463.91943005"
"2015-Q1";"WMF";"T3";"107682.09385373"
"2015-Q1";"WMF";"T3S";"108402.96144469"
"2015-Q1";"WMF";"T4";"63439.70014447"
"2015-Q1";"WMF";"WG1";"44543.68942144"
"2015-Q1";"WMF";"D2";"29737.96631771"
"2015-Q1";"WMF";"D2S";"29899.54274464"
"2015-Q1";"WMF";"T5";"93177.66646218"
"2015-Q1";"WMF";"T5S";"93339.24288911"
"2015-Q1";"WMF";"BBIP";"169576.79977182"
"2015-Q1";"WMF";"BBIPS";"169844.25619084"
"2015-Q1";"VVP";"PHPOE";"-0.01534345"
"2015-Q1";"VVP";"S";"-0.30346348"
"2015-Q1";"VVP";"T0";"-0.06819876"
"2015-Q1";"VVP";"B";"0.25416629"
"2015-Q1";"VVP";"A";"-2.250885"
"2015-Q1";"VVP";"T1";"-1.34165137"
"2015-Q1";"VVP";"T2";"-6.3485756"
"2015-Q1";"VVP";"WG0";"-2.91892685"
"2015-Q1";"VVP";"D0";"-4.61086899"
"2015-Q1";"VVP";"D0S";"-2.94239522"
"2015-Q1";"VVP";"T3";"-5.87496135"
"2015-Q1";"VVP";"T3S";"-5.41574767"
"2015-Q1";"VVP";"T4";"-0.03173859"
"2015-Q1";"VVP";"WG1";"-3.25293121"
"2015-Q1";"VVP";"D2";"-4.19084632"
"2015-Q1";"VVP";"D2S";"-4.02830232"
"2015-Q1";"VVP";"T5";"-1.39782787"
"2015-Q1";"VVP";"T5S";"-1.34772362"
"2015-Q1";"VVP";"BBIP";"-0.41177682"
"2015-Q1";"VVP";"BBIPS";"-0.27861413"
"2015-Q2";"WMF";"PHPOE";"88570.10289939"
"2015-Q2";"WMF";"S";"19849.62900733"
"2015-Q2";"WMF";"T0";"108419.73190672"
"2015-Q2";"WMF";"B";"16494.39353946"
"2015-Q2";"WMF";"A";"28473.88852673"
"2015-Q2";"WMF";"T1";"44968.2820662"
"2015-Q2";"WMF";"T2";"72192.46916047"
"2015-Q2";"WMF";"WG0";"59234.8810377"
"2015-Q2";"WMF";"D0";"29306.01861672"
"2015-Q2";"WMF";"D0S";"30078.58104135"
"2015-Q2";"WMF";"T3";"101498.48777719"
"2015-Q2";"WMF";"T3S";"102271.05020182"
"2015-Q2";"WMF";"T4";"55165.35423622"
"2015-Q2";"WMF";"WG1";"41608.84884587"
"2015-Q2";"WMF";"D2";"30350.32818037"
"2015-Q2";"WMF";"D2S";"30556.50287638"
"2015-Q2";"WMF";"T5";"85515.6824166"
"2015-Q2";"WMF";"T5S";"85721.85711261"
"2015-Q2";"WMF";"BBIP";"169223.16712968"
"2015-Q2";"WMF";"BBIPS";"169500.00703333"
"2015-Q2";"VVP";"PHPOE";"0.28016671"
"2015-Q2";"VVP";"S";"0.32329883"
"2015-Q2";"VVP";"T0";"0.28806062"
"2015-Q2";"VVP";"B";"0.28587551"
"2015-Q2";"VVP";"A";"1.16540383"
"2015-Q2";"VVP";"T1";"0.84100649"
"2015-Q2";"VVP";"T2";"-7.37316332"
"2015-Q2";"VVP";"WG0";"-1.1454611"
"2015-Q2";"VVP";"D0";"-1.46936241"
"2015-Q2";"VVP";"D0S";"-1.26490089"
"2015-Q2";"VVP";"T3";"-5.74246456"
"2015-Q2";"VVP";"T3S";"-5.65659015"
"2015-Q2";"VVP";"T4";"-13.04285154"
"2015-Q2";"VVP";"WG1";"-6.5886787"
"2015-Q2";"VVP";"D2";"2.05919213"
"2015-Q2";"VVP";"D2S";"2.19722468"
"2015-Q2";"VVP";"T5";"-8.2229834"
"2015-Q2";"VVP";"T5S";"-8.16096804"
"2015-Q2";"VVP";"BBIP";"-0.20853834"
"2015-Q2";"VVP";"BBIPS";"-0.20268519"
"2015-Q3";"WMF";"PHPOE";"89005.28950725"
"2015-Q3";"WMF";"S";"19873.64037224"
"2015-Q3";"WMF";"T0";"108878.9298795"
"2015-Q3";"WMF";"B";"16529.88040021"
"2015-Q3";"WMF";"A";"28687.51457666"
"2015-Q3";"WMF";"T1";"45217.39497687"
"2015-Q3";"WMF";"T2";"77131.8719001"
"2015-Q3";"WMF";"WG0";"60055.01169289"
"2015-Q3";"WMF";"D0";"31492.07403773"
"2015-Q3";"WMF";"D0S";"30903.76344252"
"2015-Q3";"WMF";"T3";"108623.94593783"
"2015-Q3";"WMF";"T3S";"108035.63534262"
"2015-Q3";"WMF";"T4";"58743.05726612"
"2015-Q3";"WMF";"WG1";"42519.60013675"
"2015-Q3";"WMF";"D2";"30322.6777421"
"2015-Q3";"WMF";"D2S";"30308.99791602"
"2015-Q3";"WMF";"T5";"89065.73500822"
"2015-Q3";"WMF";"T5S";"89052.05518213"
"2015-Q3";"WMF";"BBIP";"169912.54262981"
"2015-Q3";"WMF";"BBIPS";"170198.92871095"
"2015-Q3";"VVP";"PHPOE";"0.49134707"
"2015-Q3";"VVP";"S";"0.12096632"
"2015-Q3";"VVP";"T0";"0.42353727"
"2015-Q3";"VVP";"B";"0.21514499"
"2015-Q3";"VVP";"A";"0.75025246"
"2015-Q3";"VVP";"T1";"0.55397471"
"2015-Q3";"VVP";"T2";"6.84199169"
"2015-Q3";"VVP";"WG0";"1.38454006"
"2015-Q3";"VVP";"D0";"7.45940774"
"2015-Q3";"VVP";"D0S";"2.74342197"
"2015-Q3";"VVP";"T3";"7.02026042"
"2015-Q3";"VVP";"T3S";"5.63657568"
"2015-Q3";"VVP";"T4";"6.48541658"
"2015-Q3";"VVP";"WG1";"2.18884039"
"2015-Q3";"VVP";"D2";"-0.09110425"
"2015-Q3";"VVP";"D2S";"-0.80999112"
"2015-Q3";"VVP";"T5";"4.15134685"
"2015-Q3";"VVP";"T5S";"3.88488792"
"2015-Q3";"VVP";"BBIP";"0.40737655"
"2015-Q3";"VVP";"BBIPS";"0.41234316"
"2015-Q4";"WMF";"PHPOE";"89061.15516895"
"2015-Q4";"WMF";"S";"19952.49565942"
"2015-Q4";"WMF";"T0";"109013.65082837"
"2015-Q4";"WMF";"B";"16561.78082223"
"2015-Q4";"WMF";"A";"28730.17437276"
"2015-Q4";"WMF";"T1";"45291.95519499"
"2015-Q4";"WMF";"T2";"79538.0257578"
"2015-Q4";"WMF";"WG0";"60464.02569009"
"2015-Q4";"WMF";"D0";"32572.7654125"
"2015-Q4";"WMF";"D0S";"32054.27336153"
"2015-Q4";"WMF";"T3";"112110.7911703"
"2015-Q4";"WMF";"T3S";"111592.29911933"
"2015-Q4";"WMF";"T4";"61828.81197562"
"2015-Q4";"WMF";"WG1";"44095.4196793"
"2015-Q4";"WMF";"D2";"31136.84332113"
"2015-Q4";"WMF";"D2S";"31461.71667376"
"2015-Q4";"WMF";"T5";"92965.65529675"
"2015-Q4";"WMF";"T5S";"93290.52864938"
"2015-Q4";"WMF";"BBIP";"170554.97907402"
"2015-Q4";"WMF";"BBIPS";"170851.04493982"
"2015-Q4";"VVP";"PHPOE";"0.06276668"
"2015-Q4";"VVP";"S";"0.39678331"
"2015-Q4";"VVP";"T0";"0.12373464"
"2015-Q4";"VVP";"B";"0.19298641"
"2015-Q4";"VVP";"A";"0.1487051"
"2015-Q4";"VVP";"T1";"0.16489278"
"2015-Q4";"VVP";"T2";"3.11953256"
"2015-Q4";"VVP";"WG0";"0.68106555"
"2015-Q4";"VVP";"D0";"3.43162973"
"2015-Q4";"VVP";"D0S";"3.72287965"
"2015-Q4";"VVP";"T3";"3.21001525"
"2015-Q4";"VVP";"T3S";"3.29212094"
"2015-Q4";"VVP";"T4";"5.25296921"
"2015-Q4";"VVP";"WG1";"3.70610151"
"2015-Q4";"VVP";"D2";"2.68500555"
"2015-Q4";"VVP";"D2S";"3.80322293"
"2015-Q4";"VVP";"T5";"4.37869882"
"2015-Q4";"VVP";"T5S";"4.75954593"
"2015-Q4";"VVP";"BBIP";"0.37809831"
"2015-Q4";"VVP";"BBIPS";"0.38314943"
"2016-Q1";"WMF";"PHPOE";"89083.49481278"
"2016-Q1";"WMF";"S";"20013.44315634"
"2016-Q1";"WMF";"T0";"109096.93796913"
"2016-Q1";"WMF";"B";"16444.50821789"
"2016-Q1";"WMF";"A";"29231.50455161"
"2016-Q1";"WMF";"T1";"45676.0127695"
"2016-Q1";"WMF";"T2";"74287.81881836"
"2016-Q1";"WMF";"WG0";"61167.36359681"
"2016-Q1";"WMF";"D0";"30222.55898249"
"2016-Q1";"WMF";"D0S";"30657.25252544"
"2016-Q1";"WMF";"T3";"104510.37780085"
"2016-Q1";"WMF";"T3S";"104945.0713438"
"2016-Q1";"WMF";"T4";"64538.57691128"
"2016-Q1";"WMF";"WG1";"44366.70322453"
"2016-Q1";"WMF";"D2";"31665.21846005"
"2016-Q1";"WMF";"D2S";"31072.90728826"
"2016-Q1";"WMF";"T5";"96203.79537132"
"2016-Q1";"WMF";"T5S";"95611.48419953"
"2016-Q1";"WMF";"BBIP";"171198.43559761"
"2016-Q1";"WMF";"BBIPS";"171217.24680468"
"2016-Q1";"VVP";"PHPOE";"0.02508349"
"2016-Q1";"VVP";"S";"0.30546303"
"2016-Q1";"VVP";"T0";"0.07640065"
"2016-Q1";"VVP";"B";"-0.70809175"
"2016-Q1";"VVP";"A";"1.74496045"
"2016-Q1";"VVP";"T1";"0.8479598"
"2016-Q1";"VVP";"T2";"-6.60087661"
"2016-Q1";"VVP";"WG0";"1.16323367"
"2016-Q1";"VVP";"D0";"-7.21524992"
"2016-Q1";"VVP";"D0S";"-4.35829825"
"2016-Q1";"VVP";"T3";"-6.77937716"
"2016-Q1";"VVP";"T3S";"-5.95670833"
"2016-Q1";"VVP";"T4";"4.38268964"
"2016-Q1";"VVP";"WG1";"0.61521933"
"2016-Q1";"VVP";"D2";"1.69694511"
"2016-Q1";"VVP";"D2S";"-1.23581745"
"2016-Q1";"VVP";"T5";"3.48315737"
"2016-Q1";"VVP";"T5S";"2.48787908"
"2016-Q1";"VVP";"BBIP";"0.3772722"
"2016-Q1";"VVP";"BBIPS";"0.21433984"
"2016-Q2";"WMF";"PHPOE";"89553.86795758"
"2016-Q2";"WMF";"S";"20139.23925669"
"2016-Q2";"WMF";"T0";"109693.10721427"
"2016-Q2";"WMF";"B";"16359.23753528"
"2016-Q2";"WMF";"A";"29667.0318271"
"2016-Q2";"WMF";"T1";"46026.26936238"
"2016-Q2";"WMF";"T2";"83200.64220255"
"2016-Q2";"WMF";"WG0";"63912.15547159"
"2016-Q2";"WMF";"D0";"30908.26133656"
"2016-Q2";"WMF";"D0S";"31442.2979654"
"2016-Q2";"WMF";"T3";"114108.90353911"
"2016-Q2";"WMF";"T3S";"114642.94016795"
"2016-Q2";"WMF";"T4";"64173.9067738"
"2016-Q2";"WMF";"WG1";"45756.82004842"
"2016-Q2";"WMF";"D2";"31802.58218705"
"2016-Q2";"WMF";"D2S";"31448.21891766"
"2016-Q2";"WMF";"T5";"95976.48896085"
"2016-Q2";"WMF";"T5S";"95622.12569146"
"2016-Q2";"WMF";"BBIP";"172193.3871348"
"2016-Q2";"WMF";"BBIPS";"171885.88503774"
"2016-Q2";"VVP";"PHPOE";"0.5280138"
"2016-Q2";"VVP";"S";"0.62855801"
"2016-Q2";"VVP";"T0";"0.54645827"
"2016-Q2";"VVP";"B";"-0.51853592"
"2016-Q2";"VVP";"A";"1.48992425"
"2016-Q2";"VVP";"T1";"0.7668283"
"2016-Q2";"VVP";"T2";"11.99769158"
"2016-Q2";"VVP";"WG0";"4.48734703"
"2016-Q2";"VVP";"D0";"2.2688428"
"2016-Q2";"VVP";"D0S";"2.56071688"
"2016-Q2";"VVP";"T3";"9.18428001"
"2016-Q2";"VVP";"T3S";"9.24089974"
"2016-Q2";"VVP";"T4";"-0.56504211"
"2016-Q2";"VVP";"WG1";"3.13324345"
"2016-Q2";"VVP";"D2";"0.43380003"
"2016-Q2";"VVP";"D2S";"1.20784201"
"2016-Q2";"VVP";"T5";"-0.23627593"
"2016-Q2";"VVP";"T5S";"0.01112993"
"2016-Q2";"VVP";"BBIP";"0.58116859"
"2016-Q2";"VVP";"BBIPS";"0.39052037"
"2016-Q3";"WMF";"PHPOE";"89740.84588326"
"2016-Q3";"WMF";"S";"20180.04141336"
"2016-Q3";"WMF";"T0";"109920.88729662"
"2016-Q3";"WMF";"B";"16411.50678917"
"2016-Q3";"WMF";"A";"29551.68627653"
"2016-Q3";"WMF";"T1";"45963.1930657"
"2016-Q3";"WMF";"T2";"82636.22749383"
"2016-Q3";"WMF";"WG0";"61307.10218389"
"2016-Q3";"WMF";"D0";"31329.38863085"
"2016-Q3";"WMF";"D0S";"31391.61963044"
"2016-Q3";"WMF";"T3";"113965.61612468"
"2016-Q3";"WMF";"T3S";"114027.84712427"
"2016-Q3";"WMF";"T4";"64170.52027161"
"2016-Q3";"WMF";"WG1";"45480.64176457"
"2016-Q3";"WMF";"D2";"31963.14937549"
"2016-Q3";"WMF";"D2S";"32122.09018913"
"2016-Q3";"WMF";"T5";"96133.6696471"
"2016-Q3";"WMF";"T5S";"96292.61046074"
"2016-Q3";"WMF";"BBIP";"172846.30748536"
"2016-Q3";"WMF";"BBIPS";"172213.96975163"
"2016-Q3";"VVP";"PHPOE";"0.20878822"
"2016-Q3";"VVP";"S";"0.20260029"
"2016-Q3";"VVP";"T0";"0.20765214"
"2016-Q3";"VVP";"B";"0.31950911"
"2016-Q3";"VVP";"A";"-0.38880044"
"2016-Q3";"VVP";"T1";"-0.13704412"
"2016-Q3";"VVP";"T2";"-0.67837783"
"2016-Q3";"VVP";"WG0";"-4.07599035"
"2016-Q3";"VVP";"D0";"1.36250723"
"2016-Q3";"VVP";"D0S";"-0.16117885"
"2016-Q3";"VVP";"T3";"-0.12557076"
"2016-Q3";"VVP";"T3S";"-0.53652937"
"2016-Q3";"VVP";"T4";"-0.00527707"
"2016-Q3";"VVP";"WG1";"-0.6035784"
"2016-Q3";"VVP";"D2";"0.50488727"
"2016-Q3";"VVP";"D2S";"2.1427963"
"2016-Q3";"VVP";"T5";"0.16376999"
"2016-Q3";"VVP";"T5S";"0.70118162"
"2016-Q3";"VVP";"BBIP";"0.37917853"
"2016-Q3";"VVP";"BBIPS";"0.19087356"
"2016-Q4";"WMF";"PHPOE";"90541.75154855"
"2016-Q4";"WMF";"S";"20266.89359987"
"2016-Q4";"WMF";"T0";"110808.64514842"
"2016-Q4";"WMF";"B";"16342.38355936"
"2016-Q4";"WMF";"A";"30030.21002816"
"2016-Q4";"WMF";"T1";"46372.59358753"
"2016-Q4";"WMF";"T2";"89025.2979107"
"2016-Q4";"WMF";"WG0";"63604.34523915"
"2016-Q4";"WMF";"D0";"34445.1392288"
"2016-Q4";"WMF";"D0S";"31765.45272204"
"2016-Q4";"WMF";"T3";"123470.4371395"
"2016-Q4";"WMF";"T3S";"120790.75063273"
"2016-Q4";"WMF";"T4";"68477.45122052"
"2016-Q4";"WMF";"WG1";"45533.24516975"
"2016-Q4";"WMF";"D2";"32880.19100922"
"2016-Q4";"WMF";"D2S";"32458.66990454"
"2016-Q4";"WMF";"T5";"101357.64222973"
"2016-Q4";"WMF";"T5S";"100936.12112506"
"2016-Q4";"WMF";"BBIP";"172143.28201096"
"2016-Q4";"WMF";"BBIPS";"172031.52493585"
"2016-Q4";"VVP";"PHPOE";"0.89246503"
"2016-Q4";"VVP";"S";"0.43038656"
"2016-Q4";"VVP";"T0";"0.80763345"
"2016-Q4";"VVP";"B";"-0.42118759"
"2016-Q4";"VVP";"A";"1.61927731"
"2016-Q4";"VVP";"T1";"0.89071384"
"2016-Q4";"VVP";"T2";"7.7315611"
"2016-Q4";"VVP";"WG0";"3.74710755"
"2016-Q4";"VVP";"D0";"9.94513693"
"2016-Q4";"VVP";"D0S";"1.19086908"
"2016-Q4";"VVP";"T3";"8.34007777"
"2016-Q4";"VVP";"T3S";"5.93092273"
"2016-Q4";"VVP";"T4";"6.7116971"
"2016-Q4";"VVP";"WG1";"0.11566109"
"2016-Q4";"VVP";"D2";"2.86905906"
"2016-Q4";"VVP";"D2S";"1.04781387"
"2016-Q4";"VVP";"T5";"5.43407175"
"2016-Q4";"VVP";"T5S";"4.82229181"
"2016-Q4";"VVP";"BBIP";"-0.40673445"
"2016-Q4";"VVP";"BBIPS";"-0.10594078"
"2017-Q1";"WMF";"PHPOE";"91274.06023524"
"2017-Q1";"WMF";"S";"20306.92950918"
"2017-Q1";"WMF";"T0";"111580.98974443"
"2017-Q1";"WMF";"B";"16447.94119376"
"2017-Q1";"WMF";"A";"30402.46400502"
"2017-Q1";"WMF";"T1";"46850.40519879"
"2017-Q1";"WMF";"T2";"76966.3749231"
"2017-Q1";"WMF";"WG0";"63287.25507332"
"2017-Q1";"WMF";"D0";"30486.94658649"
"2017-Q1";"WMF";"D0S";"31284.47463991"
"2017-Q1";"WMF";"T3";"107453.32150959"
"2017-Q1";"WMF";"T3S";"108250.84956301"
"2017-Q1";"WMF";"T4";"64870.59675923"
"2017-Q1";"WMF";"WG1";"45490.06535048"
"2017-Q1";"WMF";"D2";"33674.55309628"
"2017-Q1";"WMF";"D2S";"33487.30553104"
"2017-Q1";"WMF";"T5";"98545.14985551"
"2017-Q1";"WMF";"T5S";"98357.90229027"
"2017-Q1";"WMF";"BBIP";"171744.66928876"
"2017-Q1";"WMF";"BBIPS";"171966.33488657"
"2017-Q1";"VVP";"PHPOE";"0.80880773"
"2017-Q1";"VVP";"S";"0.19754339"
"2017-Q1";"VVP";"T0";"0.69700753"
"2017-Q1";"VVP";"B";"0.64591333"
"2017-Q1";"VVP";"A";"1.23959831"
"2017-Q1";"VVP";"T1";"1.030375"
"2017-Q1";"VVP";"T2";"-13.54550141"
"2017-Q1";"VVP";"WG0";"-0.49853538"
"2017-Q1";"VVP";"D0";"-11.49129523"
"2017-Q1";"VVP";"D0S";"-1.51415466"
"2017-Q1";"VVP";"T3";"-12.97242968"
"2017-Q1";"VVP";"T3S";"-10.38150769"
"2017-Q1";"VVP";"T4";"-5.26721482"
"2017-Q1";"VVP";"WG1";"-0.09483141"
"2017-Q1";"VVP";"D2";"2.41592905"
"2017-Q1";"VVP";"D2S";"3.16906278"
"2017-Q1";"VVP";"T5";"-2.77482024"
"2017-Q1";"VVP";"T5S";"-2.55430742"
"2017-Q1";"VVP";"BBIP";"-0.23155869"
"2017-Q1";"VVP";"BBIPS";"-0.03789425"
"2017-Q2";"WMF";"PHPOE";"91363.86409129"
"2017-Q2";"WMF";"S";"20412.81381357"
"2017-Q2";"WMF";"T0";"111776.67790486"
"2017-Q2";"WMF";"B";"16458.47920699"
"2017-Q2";"WMF";"A";"31145.25262509"
"2017-Q2";"WMF";"T1";"47603.73183208"
"2017-Q2";"WMF";"T2";"83113.40148167"
"2017-Q2";"WMF";"WG0";"64986.8406291"
"2017-Q2";"WMF";"D0";"30163.29467575"
"2017-Q2";"WMF";"D0S";"31108.81485429"
"2017-Q2";"WMF";"T3";"113276.69615742"
"2017-Q2";"WMF";"T3S";"114222.21633596"
"2017-Q2";"WMF";"T4";"63466.19860282"
"2017-Q2";"WMF";"WG1";"47820.36289946"
"2017-Q2";"WMF";"D2";"33770.27687422"
"2017-Q2";"WMF";"D2S";"34072.58025947"
"2017-Q2";"WMF";"T5";"97236.47547704"
"2017-Q2";"WMF";"T5S";"97538.77886229"
"2017-Q2";"WMF";"BBIP";"172787.25292802"
"2017-Q2";"WMF";"BBIPS";"173021.4522279"
"2017-Q2";"VVP";"PHPOE";"0.09838924"
"2017-Q2";"VVP";"S";"0.52141957"
"2017-Q2";"VVP";"T0";"0.17537769"
"2017-Q2";"VVP";"B";"0.06406889"
"2017-Q2";"VVP";"A";"2.44318559"
"2017-Q2";"VVP";"T1";"1.60794049"
"2017-Q2";"VVP";"T2";"7.98663905"
"2017-Q2";"VVP";"WG0";"2.68550999"
"2017-Q2";"VVP";"D0";"-1.06160815"
"2017-Q2";"VVP";"D0S";"-0.56149188"
"2017-Q2";"VVP";"T3";"5.41944592"
"2017-Q2";"VVP";"T3S";"5.51623086"
"2017-Q2";"VVP";"T4";"-2.16492252"
"2017-Q2";"VVP";"WG1";"5.12265157"
"2017-Q2";"VVP";"D2";"0.28426146"
"2017-Q2";"VVP";"D2S";"1.74775103"
"2017-Q2";"VVP";"T5";"-1.32799471"
"2017-Q2";"VVP";"T5S";"-0.8327988"
"2017-Q2";"VVP";"BBIP";"0.60705444"
"2017-Q2";"VVP";"BBIPS";"0.61356041"
"2017-Q3";"WMF";"PHPOE";"91890.63597473"
"2017-Q3";"WMF";"S";"20514.43123826"
"2017-Q3";"WMF";"T0";"112405.06721299"
"2017-Q3";"WMF";"B";"16536.99107004"
"2017-Q3";"WMF";"A";"31762.76942155"
"2017-Q3";"WMF";"T1";"48299.7604916"
"2017-Q3";"WMF";"T2";"82770.36401669"
"2017-Q3";"WMF";"WG0";"69310.81473147"
"2017-Q3";"WMF";"D0";"32556.02226324"
"2017-Q3";"WMF";"D0S";"32932.33998514"
"2017-Q3";"WMF";"T3";"115326.38627993"
"2017-Q3";"WMF";"T3S";"115702.70400182"
"2017-Q3";"WMF";"T4";"67527.83440155"
"2017-Q3";"WMF";"WG1";"49047.88043174"
"2017-Q3";"WMF";"D2";"35163.56888968"
"2017-Q3";"WMF";"D2S";"35703.74927133"
"2017-Q3";"WMF";"T5";"102691.40329123"
"2017-Q3";"WMF";"T5S";"103231.58367288"
"2017-Q3";"WMF";"BBIP";"174618.26158572"
"2017-Q3";"WMF";"BBIPS";"174862.05948325"
"2017-Q3";"VVP";"PHPOE";"0.5765648"
"2017-Q3";"VVP";"S";"0.49781194"
"2017-Q3";"VVP";"T0";"0.56218285"
"2017-Q3";"VVP";"B";"0.47702988"
"2017-Q3";"VVP";"A";"1.98269959"
"2017-Q3";"VVP";"T1";"1.46213045"
"2017-Q3";"VVP";"T2";"-0.41273424"
"2017-Q3";"VVP";"WG0";"6.65361489"
"2017-Q3";"VVP";"D0";"7.93258035"
"2017-Q3";"VVP";"D0S";"5.86176342"
"2017-Q3";"VVP";"T3";"1.80945436"
"2017-Q3";"VVP";"T3S";"1.29614686"
"2017-Q3";"VVP";"T4";"6.39968343"
"2017-Q3";"VVP";"WG1";"2.56693479"
"2017-Q3";"VVP";"D2";"4.12579388"
"2017-Q3";"VVP";"D2S";"4.78733633"
"2017-Q3";"VVP";"T5";"5.60996045"
"2017-Q3";"VVP";"T5S";"5.83645282"
"2017-Q3";"VVP";"BBIP";"1.05968966"
"2017-Q3";"VVP";"BBIPS";"1.06380292"
"2017-Q4";"WMF";"PHPOE";"92250.47768696"
"2017-Q4";"WMF";"S";"20665.04938441"
"2017-Q4";"WMF";"T0";"112915.52707137"
"2017-Q4";"WMF";"B";"16685.7015292"
"2017-Q4";"WMF";"A";"32062.2238111"
"2017-Q4";"WMF";"T1";"48747.9253403"
"2017-Q4";"WMF";"T2";"88401.44804911"
"2017-Q4";"WMF";"WG0";"70803.75082769"
"2017-Q4";"WMF";"D0";"32443.63898303"
"2017-Q4";"WMF";"D0S";"32908.42985767"
"2017-Q4";"WMF";"T3";"120845.08703214"
"2017-Q4";"WMF";"T3S";"121309.87790678"
"2017-Q4";"WMF";"T4";"64431.4120574"
"2017-Q4";"WMF";"WG1";"51036.03393765"
"2017-Q4";"WMF";"D2";"36339.71631675"
"2017-Q4";"WMF";"D2S";"36473.15006583"
"2017-Q4";"WMF";"T5";"100771.12837415"
"2017-Q4";"WMF";"T5S";"100904.56212323"
"2017-Q4";"WMF";"BBIP";"176969.8931679"
"2017-Q4";"WMF";"BBIPS";"177220.34480926"
"2017-Q4";"VVP";"PHPOE";"0.3915978"
"2017-Q4";"VVP";"S";"0.73420581"
"2017-Q4";"VVP";"T0";"0.45412531"
"2017-Q4";"VVP";"B";"0.89925948"
"2017-Q4";"VVP";"A";"0.94278426"
"2017-Q4";"VVP";"T1";"0.92788213"
"2017-Q4";"VVP";"T2";"6.80326117"
"2017-Q4";"VVP";"WG0";"2.1539728"
"2017-Q4";"VVP";"D0";"-0.34519967"
"2017-Q4";"VVP";"D0S";"-0.07260379"
"2017-Q4";"VVP";"T3";"4.78528889"
"2017-Q4";"VVP";"T3S";"4.84619089"
"2017-Q4";"VVP";"T4";"-4.58540152"
"2017-Q4";"VVP";"WG1";"4.05349525"
"2017-Q4";"VVP";"D2";"3.34478969"
"2017-Q4";"VVP";"D2S";"2.15495798"
"2017-Q4";"VVP";"T5";"-1.8699471"
"2017-Q4";"VVP";"T5S";"-2.25417597"
"2017-Q4";"VVP";"BBIP";"1.34672718"
"2017-Q4";"VVP";"BBIPS";"1.34865467"
"2018-Q1";"WMF";"PHPOE";"92639.78999637"
"2018-Q1";"WMF";"S";"20636.59632034"
"2018-Q1";"WMF";"T0";"113276.3863167"
"2018-Q1";"WMF";"B";"16608.69752678"
"2018-Q1";"WMF";"A";"33083.25422545"
"2018-Q1";"WMF";"T1";"49691.95175224"
"2018-Q1";"WMF";"T2";"88264.66482199"
"2018-Q1";"WMF";"WG0";"73001.89423595"
"2018-Q1";"WMF";"D0";"34536.30144952"
"2018-Q1";"WMF";"D0S";"32385.05863256"
"2018-Q1";"WMF";"T3";"122800.96627151"
"2018-Q1";"WMF";"T3S";"120649.72345455"
"2018-Q1";"WMF";"T4";"65594.3218631"
"2018-Q1";"WMF";"WG1";"52218.43096063"
"2018-Q1";"WMF";"D2";"35865.96817646"
"2018-Q1";"WMF";"D2S";"35833.89475884"
"2018-Q1";"WMF";"T5";"101460.29003955"
"2018-Q1";"WMF";"T5S";"101428.21662193"
"2018-Q1";"WMF";"BBIP";"178903.2978344"
"2018-Q1";"WMF";"BBIPS";"178742.55281084"
"2018-Q1";"VVP";"PHPOE";"0.42201658"
"2018-Q1";"VVP";"S";"-0.13768689"
"2018-Q1";"VVP";"T0";"0.31958337"
"2018-Q1";"VVP";"B";"-0.46149694"
"2018-Q1";"VVP";"A";"3.18452775"
"2018-Q1";"VVP";"T1";"1.93654685"
"2018-Q1";"VVP";"T2";"-0.15472962"
"2018-Q1";"VVP";"WG0";"3.10455786"
"2018-Q1";"VVP";"D0";"6.45014718"
"2018-Q1";"VVP";"D0S";"-1.5903865"
"2018-Q1";"VVP";"T3";"1.61850125"
"2018-Q1";"VVP";"T3S";"-0.54418854"
"2018-Q1";"VVP";"T4";"1.80488021"
"2018-Q1";"VVP";"WG1";"2.31678861"
"2018-Q1";"VVP";"D2";"-1.30366494"
"2018-Q1";"VVP";"D2S";"-1.7526737"
"2018-Q1";"VVP";"T5";"0.68388801"
"2018-Q1";"VVP";"T5S";"0.51896018"
"2018-Q1";"VVP";"BBIP";"1.09250485"
"2018-Q1";"VVP";"BBIPS";"0.85893524"
"2018-Q2";"WMF";"PHPOE";"92704.63062917"
"2018-Q2";"WMF";"S";"20739.41182747"
"2018-Q2";"WMF";"T0";"113444.04245664"
"2018-Q2";"WMF";"B";"16726.10780523"
"2018-Q2";"WMF";"A";"32511.96862808"
"2018-Q2";"WMF";"T1";"49238.07643331"
"2018-Q2";"WMF";"T2";"87866.87999446"
"2018-Q2";"WMF";"WG0";"73640.99060703"
"2018-Q2";"WMF";"D0";"34510.13617948"
"2018-Q2";"WMF";"D0S";"34227.46272635"
"2018-Q2";"WMF";"T3";"122377.01617394"
"2018-Q2";"WMF";"T3S";"122094.34272081"
"2018-Q2";"WMF";"T4";"67723.28369675"
"2018-Q2";"WMF";"WG1";"53088.62202026"
"2018-Q2";"WMF";"D2";"35728.97508915"
"2018-Q2";"WMF";"D2S";"35828.87108698"
"2018-Q2";"WMF";"T5";"103452.2587859"
"2018-Q2";"WMF";"T5S";"103552.15478373"
"2018-Q2";"WMF";"BBIP";"182245.94225873"
"2018-Q2";"WMF";"BBIPS";"181483.06385115"
"2018-Q2";"VVP";"PHPOE";"0.06999221"
"2018-Q2";"VVP";"S";"0.49821931"
"2018-Q2";"VVP";"T0";"0.14800626"
"2018-Q2";"VVP";"B";"0.70692044"
"2018-Q2";"VVP";"A";"-1.72681198"
"2018-Q2";"VVP";"T1";"-0.91337793"
"2018-Q2";"VVP";"T2";"-0.45067279"
"2018-Q2";"VVP";"WG0";"0.87545176"
"2018-Q2";"VVP";"D0";"-0.07576164"
"2018-Q2";"VVP";"D0S";"5.68905592"
"2018-Q2";"VVP";"T3";"-0.34523352"
"2018-Q2";"VVP";"T3S";"1.19736641"
"2018-Q2";"VVP";"T4";"3.24564958"
"2018-Q2";"VVP";"WG1";"1.66644429"
"2018-Q2";"VVP";"D2";"-0.38195843"
"2018-Q2";"VVP";"D2S";"-0.01401933"
"2018-Q2";"VVP";"T5";"1.96329889"
"2018-Q2";"VVP";"T5S";"2.09403086"
"2018-Q2";"VVP";"BBIP";"1.8684085"
"2018-Q2";"VVP";"BBIPS";"1.53321691"
"2018-Q3";"WMF";"PHPOE";"92833.54036548"
"2018-Q3";"WMF";"S";"20803.13963983"
"2018-Q3";"WMF";"T0";"113636.68000532"
"2018-Q3";"WMF";"B";"16618.19807531"
"2018-Q3";"WMF";"A";"31881.20331852"
"2018-Q3";"WMF";"T1";"48499.40139383"
"2018-Q3";"WMF";"T2";"85878.67879719"
"2018-Q3";"WMF";"WG0";"70509.32737674"
"2018-Q3";"WMF";"D0";"33961.08931255"
"2018-Q3";"WMF";"D0S";"34422.38015152"
"2018-Q3";"WMF";"T3";"119839.76810974"
"2018-Q3";"WMF";"T3S";"120301.05894871"
"2018-Q3";"WMF";"T4";"69496.25657502"
"2018-Q3";"WMF";"WG1";"51360.99000716"
"2018-Q3";"WMF";"D2";"35717.25573721"
"2018-Q3";"WMF";"D2S";"35394.60669484"
"2018-Q3";"WMF";"T5";"105213.51231224"
"2018-Q3";"WMF";"T5S";"104890.86326986"
"2018-Q3";"WMF";"BBIP";"181722.07079405"
"2018-Q3";"WMF";"BBIPS";"181360.78375335"
"2018-Q3";"VVP";"PHPOE";"0.13905426"
"2018-Q3";"VVP";"S";"0.30727878"
"2018-Q3";"VVP";"T0";"0.16980843"
"2018-Q3";"VVP";"B";"-0.64515745"
"2018-Q3";"VVP";"A";"-1.94010186"
"2018-Q3";"VVP";"T1";"-1.500211"
"2018-Q3";"VVP";"T2";"-2.26274245"
"2018-Q3";"VVP";"WG0";"-4.25260878"
"2018-Q3";"VVP";"D0";"-1.59097276"
"2018-Q3";"VVP";"D0S";"0.5694767"
"2018-Q3";"VVP";"T3";"-2.0733044"
"2018-Q3";"VVP";"T3S";"-1.46876893"
"2018-Q3";"VVP";"T4";"2.6179665"
"2018-Q3";"VVP";"WG1";"-3.25424158"
"2018-Q3";"VVP";"D2";"-0.03280069"
"2018-Q3";"VVP";"D2S";"-1.21205156"
"2018-Q3";"VVP";"T5";"1.70247953"
"2018-Q3";"VVP";"T5S";"1.2927867"
"2018-Q3";"VVP";"BBIP";"-0.28745302"
"2018-Q3";"VVP";"BBIPS";"-0.06737824"
"2018-Q4";"WMF";"PHPOE";"93051.59657311"
"2018-Q4";"WMF";"S";"20913.71907641"
"2018-Q4";"WMF";"T0";"113965.31564952"
"2018-Q4";"WMF";"B";"16536.94344436"
"2018-Q4";"WMF";"A";"31621.66663126"
"2018-Q4";"WMF";"T1";"48158.61007561"
"2018-Q4";"WMF";"T2";"84976.83275924"
"2018-Q4";"WMF";"WG0";"74452.32045017"
"2018-Q4";"WMF";"D0";"33453.28260073"
"2018-Q4";"WMF";"D0S";"33944.95274892"
"2018-Q4";"WMF";"T3";"118430.11535997"
"2018-Q4";"WMF";"T3S";"118921.78550817"
"2018-Q4";"WMF";"T4";"64644.87240358"
"2018-Q4";"WMF";"WG1";"52225.62610994"
"2018-Q4";"WMF";"D2";"36441.16465612"
"2018-Q4";"WMF";"D2S";"36723.83540734"
"2018-Q4";"WMF";"T5";"101086.03705969"
"2018-Q4";"WMF";"T5S";"101368.70781092"
"2018-Q4";"WMF";"BBIP";"181969.26879511"
"2018-Q4";"WMF";"BBIPS";"182006.64670348"
"2018-Q4";"VVP";"PHPOE";"0.23488947"
"2018-Q4";"VVP";"S";"0.53155167"
"2018-Q4";"VVP";"T0";"0.28919856"
"2018-Q4";"VVP";"B";"-0.48894971"
"2018-Q4";"VVP";"A";"-0.81407431"
"2018-Q4";"VVP";"T1";"-0.70267118"
"2018-Q4";"VVP";"T2";"-1.05013963"
"2018-Q4";"VVP";"WG0";"5.59215812"
"2018-Q4";"VVP";"D0";"-1.49526038"
"2018-Q4";"VVP";"D0S";"-1.38696801"
"2018-Q4";"VVP";"T3";"-1.17628127"
"2018-Q4";"VVP";"T3S";"-1.14651812"
"2018-Q4";"VVP";"T4";"-6.98078488"
"2018-Q4";"VVP";"WG1";"1.68344906"
"2018-Q4";"VVP";"D2";"2.02677642"
"2018-Q4";"VVP";"D2S";"3.75545552"
"2018-Q4";"VVP";"T5";"-3.92295168"
"2018-Q4";"VVP";"T5S";"-3.35792399"
"2018-Q4";"VVP";"BBIP";"0.13603081"
"2018-Q4";"VVP";"BBIPS";"0.35612051"
"2019-Q1";"WMF";"PHPOE";"93372.40626479"
"2019-Q1";"WMF";"S";"21020.77172082"
"2019-Q1";"WMF";"T0";"114393.17798561"
"2019-Q1";"WMF";"B";"16566.68980566"
"2019-Q1";"WMF";"A";"32232.07970706"
"2019-Q1";"WMF";"T1";"48798.76951273"
"2019-Q1";"WMF";"T2";"81279.49353559"
"2019-Q1";"WMF";"WG0";"72203.5328772"
"2019-Q1";"WMF";"D0";"35226.92160779"
"2019-Q1";"WMF";"D0S";"35232.4553222"
"2019-Q1";"WMF";"T3";"116506.41514338"
"2019-Q1";"WMF";"T3S";"116511.94885779"
"2019-Q1";"WMF";"T4";"62415.74017621"
"2019-Q1";"WMF";"WG1";"52751.99967078"
"2019-Q1";"WMF";"D2";"35271.22022683"
"2019-Q1";"WMF";"D2S";"35769.38228326"
"2019-Q1";"WMF";"T5";"97686.96040304"
"2019-Q1";"WMF";"T5S";"98185.12245947"
"2019-Q1";"WMF";"BBIP";"182322.56851662"
"2019-Q1";"WMF";"BBIPS";"182550.87718445"
"2019-Q1";"VVP";"PHPOE";"0.34476538"
"2019-Q1";"VVP";"S";"0.51187761"
"2019-Q1";"VVP";"T0";"0.37543206"
"2019-Q1";"VVP";"B";"0.17987823"
"2019-Q1";"VVP";"A";"1.93036339"
"2019-Q1";"VVP";"T1";"1.32927308"
"2019-Q1";"VVP";"T2";"-4.35099674"
"2019-Q1";"VVP";"WG0";"-3.02043987"
"2019-Q1";"VVP";"D0";"5.30183847"
"2019-Q1";"VVP";"D0S";"3.79291314"
"2019-Q1";"VVP";"T3";"-1.62433365"
"2019-Q1";"VVP";"T3S";"-2.0264047"
"2019-Q1";"VVP";"T4";"-3.44827385"
"2019-Q1";"VVP";"WG1";"1.00788368"
"2019-Q1";"VVP";"D2";"-3.2105023"
"2019-Q1";"VVP";"D2S";"-2.59900175"
"2019-Q1";"VVP";"T5";"-3.36255803"
"2019-Q1";"VVP";"T5S";"-3.14059972"
"2019-Q1";"VVP";"BBIP";"0.19415351"
"2019-Q1";"VVP";"BBIPS";"0.29901682"
"2019-Q2";"WMF";"PHPOE";"93889.70703444"
"2019-Q2";"WMF";"S";"21142.59138134"
"2019-Q2";"WMF";"T0";"115032.29841578"
"2019-Q2";"WMF";"B";"16539.16591072"
"2019-Q2";"WMF";"A";"32421.58238418"
"2019-Q2";"WMF";"T1";"48960.7482949"
"2019-Q2";"WMF";"T2";"87522.88938712"
"2019-Q2";"WMF";"WG0";"75133.90787624"
"2019-Q2";"WMF";"D0";"33542.6309236"
"2019-Q2";"WMF";"D0S";"33537.18279964"
"2019-Q2";"WMF";"T3";"121065.52031073"
"2019-Q2";"WMF";"T3S";"121060.07218676"
"2019-Q2";"WMF";"T4";"68507.20255113"
"2019-Q2";"WMF";"WG1";"53681.75494825"
"2019-Q2";"WMF";"D2";"36515.25327985"
"2019-Q2";"WMF";"D2S";"35990.16553352"
"2019-Q2";"WMF";"T5";"105022.45583098"
"2019-Q2";"WMF";"T5S";"104497.36808464"
"2019-Q2";"WMF";"BBIP";"183265.10487505"
"2019-Q2";"WMF";"BBIPS";"183489.48251281"
"2019-Q2";"VVP";"PHPOE";"0.55401889"
"2019-Q2";"VVP";"S";"0.5795204"
"2019-Q2";"VVP";"T0";"0.55870502"
"2019-Q2";"VVP";"B";"-0.16613998"
"2019-Q2";"VVP";"A";"0.5879319"
"2019-Q2";"VVP";"T1";"0.3319321"
"2019-Q2";"VVP";"T2";"7.68139118"
"2019-Q2";"VVP";"WG0";"4.05849254"
"2019-Q2";"VVP";"D0";"-4.78125992"
"2019-Q2";"VVP";"D0S";"-4.81167863"
"2019-Q2";"VVP";"T3";"3.91317951"
"2019-Q2";"VVP";"T3S";"3.90356815"
"2019-Q2";"VVP";"T4";"9.75949714"
"2019-Q2";"VVP";"WG1";"1.76250243"
"2019-Q2";"VVP";"D2";"3.52704853"
"2019-Q2";"VVP";"D2S";"0.61724088"
"2019-Q2";"VVP";"T5";"7.50918587"
"2019-Q2";"VVP";"T5S";"6.4289227"
"2019-Q2";"VVP";"BBIP";"0.51696088"
"2019-Q2";"VVP";"BBIPS";"0.51416095"
"2019-Q3";"WMF";"PHPOE";"93873.02637503"
"2019-Q3";"WMF";"S";"21264.51778465"
"2019-Q3";"WMF";"T0";"115137.54415968"
"2019-Q3";"WMF";"B";"16554.47375519"
"2019-Q3";"WMF";"A";"32550.59306445"
"2019-Q3";"WMF";"T1";"49105.06681964"
"2019-Q3";"WMF";"T2";"93548.98776675"
"2019-Q3";"WMF";"WG0";"74524.35266301"
"2019-Q3";"WMF";"D0";"33182.29215338"
"2019-Q3";"WMF";"D0S";"32531.77622022"
"2019-Q3";"WMF";"T3";"126731.27992013"
"2019-Q3";"WMF";"T3S";"126080.76398697"
"2019-Q3";"WMF";"T4";"72893.64336937"
"2019-Q3";"WMF";"WG1";"53778.01599426"
"2019-Q3";"WMF";"D2";"37043.2299616"
"2019-Q3";"WMF";"D2S";"36972.01847491"
"2019-Q3";"WMF";"T5";"109936.87333097"
"2019-Q3";"WMF";"T5S";"109865.66184428"
"2019-Q3";"WMF";"BBIP";"183412.81464365"
"2019-Q3";"WMF";"BBIPS";"183635.32526565"
"2019-Q3";"VVP";"PHPOE";"-0.01776623"
"2019-Q3";"VVP";"S";"0.57668618"
"2019-Q3";"VVP";"T0";"0.09149234"
"2019-Q3";"VVP";"B";"0.09255512"
"2019-Q3";"VVP";"A";"0.39791605"
"2019-Q3";"VVP";"T1";"0.29476372"
"2019-Q3";"VVP";"T2";"6.88516846"
"2019-Q3";"VVP";"WG0";"-0.81129177"
"2019-Q3";"VVP";"D0";"-1.07427104"
"2019-Q3";"VVP";"D0S";"-2.99788621"
"2019-Q3";"VVP";"T3";"4.67991183"
"2019-Q3";"VVP";"T3S";"4.14727309"
"2019-Q3";"VVP";"T4";"6.40289"
"2019-Q3";"VVP";"WG1";"0.17931799"
"2019-Q3";"VVP";"D2";"1.44590722"
"2019-Q3";"VVP";"D2S";"2.72811455"
"2019-Q3";"VVP";"T5";"4.67939686"
"2019-Q3";"VVP";"T5S";"5.1372526"
"2019-Q3";"VVP";"BBIP";"0.08059896"
"2019-Q3";"VVP";"BBIPS";"0.0794829"
"2019-Q4";"WMF";"PHPOE";"93868.46856822"
"2019-Q4";"WMF";"S";"21391.79798025"
"2019-Q4";"WMF";"T0";"115260.26654847"
"2019-Q4";"WMF";"B";"16642.91891991"
"2019-Q4";"WMF";"A";"34110.06829959"
"2019-Q4";"WMF";"T1";"50752.9872195"
"2019-Q4";"WMF";"T2";"86979.14271816"
"2019-Q4";"WMF";"WG0";"73746.50659617"
"2019-Q4";"WMF";"D0";"32769.11053484"
"2019-Q4";"WMF";"D0S";"33569.02938018"
"2019-Q4";"WMF";"T3";"119748.253253"
"2019-Q4";"WMF";"T3S";"120548.17209834"
"2019-Q4";"WMF";"T4";"66042.90378724"
"2019-Q4";"WMF";"WG1";"52257.93761687"
"2019-Q4";"WMF";"D2";"37869.26117479"
"2019-Q4";"WMF";"D2S";"38091.29585192"
"2019-Q4";"WMF";"T5";"103912.16496203"
"2019-Q4";"WMF";"T5S";"104134.19963916"
"2019-Q4";"WMF";"BBIP";"183176.17121487"
"2019-Q4";"WMF";"BBIPS";"183398.88712208"
"2019-Q4";"VVP";"PHPOE";"-0.00485529"
"2019-Q4";"VVP";"S";"0.5985567"
"2019-Q4";"VVP";"T0";"0.10658764"
"2019-Q4";"VVP";"B";"0.53426745"
"2019-Q4";"VVP";"A";"4.79092726"
"2019-Q4";"VVP";"T1";"3.35590705"
"2019-Q4";"VVP";"T2";"-7.02289272"
"2019-Q4";"VVP";"WG0";"-1.0437475"
"2019-Q4";"VVP";"D0";"-1.24518709"
"2019-Q4";"VVP";"D0S";"3.18843076"
"2019-Q4";"VVP";"T3";"-5.51010506"
"2019-Q4";"VVP";"T3S";"-4.38813322"
"2019-Q4";"VVP";"T4";"-9.39826748"
"2019-Q4";"VVP";"WG1";"-2.8265795"
"2019-Q4";"VVP";"D2";"2.22991141"
"2019-Q4";"VVP";"D2S";"3.02736346"
"2019-Q4";"VVP";"T5";"-5.48015255"
"2019-Q4";"VVP";"T5S";"-5.21679122"
"2019-Q4";"VVP";"BBIP";"-0.1290223"
"2019-Q4";"VVP";"BBIPS";"-0.12875417"
"2020-Q1";"WMF";"PHPOE";"91707.63495088"
"2020-Q1";"WMF";"S";"21709.91260841"
"2020-Q1";"WMF";"T0";"113417.54755929"
"2020-Q1";"WMF";"B";"16721.65366905"
"2020-Q1";"WMF";"A";"33395.20360278"
"2020-Q1";"WMF";"T1";"50116.85727183"
"2020-Q1";"WMF";"T2";"81445.04754777"
"2020-Q1";"WMF";"WG0";"70442.56024885"
"2020-Q1";"WMF";"D0";"30875.72344852"
"2020-Q1";"WMF";"D0S";"31112.54983131"
"2020-Q1";"WMF";"T3";"112320.77099629"
"2020-Q1";"WMF";"T3S";"112557.59737908"
"2020-Q1";"WMF";"T4";"64121.67471257"
"2020-Q1";"WMF";"WG1";"49899.30973857"
"2020-Q1";"WMF";"D2";"37859.49753943"
"2020-Q1";"WMF";"D2S";"38017.24966418"
"2020-Q1";"WMF";"T5";"101981.172252"
"2020-Q1";"WMF";"T5S";"102138.92437675"
"2020-Q1";"WMF";"BBIP";"180328.92840122"
"2020-Q1";"WMF";"BBIPS";"180654.09059055"
"2020-Q1";"VVP";"PHPOE";"-2.30198026"
"2020-Q1";"VVP";"S";"1.48708691"
"2020-Q1";"VVP";"T0";"-1.59874608"
"2020-Q1";"VVP";"B";"0.47308257"
"2020-Q1";"VVP";"A";"-2.09575862"
"2020-Q1";"VVP";"T1";"-1.25338425"
"2020-Q1";"VVP";"T2";"-6.36255428"
"2020-Q1";"VVP";"WG0";"-4.48013947"
"2020-Q1";"VVP";"D0";"-5.77796301"
"2020-Q1";"VVP";"D0S";"-7.31769609"
"2020-Q1";"VVP";"T3";"-6.20258088"
"2020-Q1";"VVP";"T3S";"-6.62853246"
"2020-Q1";"VVP";"T4";"-2.90906209"
"2020-Q1";"VVP";"WG1";"-4.51343468"
"2020-Q1";"VVP";"D2";"-0.02578248"
"2020-Q1";"VVP";"D2S";"-0.19439136"
"2020-Q1";"VVP";"T5";"-1.85829321"
"2020-Q1";"VVP";"T5S";"-1.91606146"
"2020-Q1";"VVP";"BBIP";"-1.55437402"
"2020-Q1";"VVP";"BBIPS";"-1.4966266"
"2020-Q2";"WMF";"PHPOE";"84870.52289846"
"2020-Q2";"WMF";"S";"21815.21707277"
"2020-Q2";"WMF";"T0";"106685.73997124"
"2020-Q2";"WMF";"B";"16014.54616719"
"2020-Q2";"WMF";"A";"29803.59070687"
"2020-Q2";"WMF";"T1";"45818.13687406"
"2020-Q2";"WMF";"T2";"82583.80510727"
"2020-Q2";"WMF";"WG0";"63007.74808817"
"2020-Q2";"WMF";"D0";"25534.51997701"
"2020-Q2";"WMF";"D0S";"26900.77811413"
"2020-Q2";"WMF";"T3";"108118.32508428"
"2020-Q2";"WMF";"T3S";"109484.5832214"
"2020-Q2";"WMF";"T4";"68364.97879965"
"2020-Q2";"WMF";"WG1";"43177.51320876"
"2020-Q2";"WMF";"D2";"31769.92594047"
"2020-Q2";"WMF";"D2S";"32308.54298864"
"2020-Q2";"WMF";"T5";"100134.90474012"
"2020-Q2";"WMF";"T5S";"100673.52178829"
"2020-Q2";"WMF";"BBIP";"168536.8055471"
"2020-Q2";"WMF";"BBIPS";"168865.09265297"
"2020-Q2";"VVP";"PHPOE";"-7.4553357"
"2020-Q2";"VVP";"S";"0.48505246"
"2020-Q2";"VVP";"T0";"-5.93541981"
"2020-Q2";"VVP";"B";"-4.22869362"
"2020-Q2";"VVP";"A";"-10.75487647"
"2020-Q2";"VVP";"T1";"-8.57739418"
"2020-Q2";"VVP";"T2";"1.39819129"
"2020-Q2";"VVP";"WG0";"-10.55443206"
"2020-Q2";"VVP";"D0";"-17.2990391"
"2020-Q2";"VVP";"D0S";"-13.53721164"
"2020-Q2";"VVP";"T3";"-3.74146819"
"2020-Q2";"VVP";"T3S";"-2.73017036"
"2020-Q2";"VVP";"T4";"6.61758151"
"2020-Q2";"VVP";"WG1";"-13.47072047"
"2020-Q2";"VVP";"D2";"-16.08466038"
"2020-Q2";"VVP";"D2S";"-15.01609592"
"2020-Q2";"VVP";"T5";"-1.81040036"
"2020-Q2";"VVP";"T5S";"-1.43471512"
"2020-Q2";"VVP";"BBIP";"-6.53922971"
"2020-Q2";"VVP";"BBIPS";"-6.52572986"
"2020-Q3";"WMF";"PHPOE";"92090.93878701"
"2020-Q3";"WMF";"S";"21967.64725454"
"2020-Q3";"WMF";"T0";"114058.58604155"
"2020-Q3";"WMF";"B";"16529.27879868"
"2020-Q3";"WMF";"A";"33472.20366948"
"2020-Q3";"WMF";"T1";"50001.48246816"
"2020-Q3";"WMF";"T2";"89296.04499954"
"2020-Q3";"WMF";"WG0";"70738.27368321"
"2020-Q3";"WMF";"D0";"25999.26560593"
"2020-Q3";"WMF";"D0S";"27401.5321027"
"2020-Q3";"WMF";"T3";"115295.31060547"
"2020-Q3";"WMF";"T3S";"116697.57710224"
"2020-Q3";"WMF";"T4";"73179.50109151"
"2020-Q3";"WMF";"WG1";"49482.17536933"
"2020-Q3";"WMF";"D2";"34092.47468101"
"2020-Q3";"WMF";"D2S";"35147.66959797"
"2020-Q3";"WMF";"T5";"107271.97577251"
"2020-Q3";"WMF";"T5S";"108327.17068947"
"2020-Q3";"WMF";"BBIP";"179135.32543772"
"2020-Q3";"WMF";"BBIPS";"179466.50259736"
"2020-Q3";"VVP";"PHPOE";"8.50756616"
"2020-Q3";"VVP";"S";"0.69873328"
"2020-Q3";"VVP";"T0";"6.91080745"
"2020-Q3";"VVP";"B";"3.21415684"
"2020-Q3";"VVP";"A";"12.30929856"
"2020-Q3";"VVP";"T1";"9.13032672"
"2020-Q3";"VVP";"T2";"8.12779198"
"2020-Q3";"VVP";"WG0";"12.26916662"
"2020-Q3";"VVP";"D0";"1.82006801"
"2020-Q3";"VVP";"D0S";"1.86148515"
"2020-Q3";"VVP";"T3";"6.63808426"
"2020-Q3";"VVP";"T3S";"6.58813658"
"2020-Q3";"VVP";"T4";"7.04238102"
"2020-Q3";"VVP";"WG1";"14.60172597"
"2020-Q3";"VVP";"D2";"7.31052614"
"2020-Q3";"VVP";"D2S";"8.78754146"
"2020-Q3";"VVP";"T5";"7.12745576"
"2020-Q3";"VVP";"T5S";"7.60244478"
"2020-Q3";"VVP";"BBIP";"6.28854917"
"2020-Q3";"VVP";"BBIPS";"6.27803519"
"2020-Q4";"WMF";"PHPOE";"90822.3086428"
"2020-Q4";"WMF";"S";"22315.36029546"
"2020-Q4";"WMF";"T0";"113137.66893826"
"2020-Q4";"WMF";"B";"16407.46579571"
"2020-Q4";"WMF";"A";"33695.88960024"
"2020-Q4";"WMF";"T1";"50103.35539595"
"2020-Q4";"WMF";"T2";"85896.04612357"
"2020-Q4";"WMF";"WG0";"71519.80602793"
"2020-Q4";"WMF";"D0";"29393.58741025"
"2020-Q4";"WMF";"D0S";"28521.27322807"
"2020-Q4";"WMF";"T3";"115289.63353382"
"2020-Q4";"WMF";"T3S";"114417.31935164"
"2020-Q4";"WMF";"T4";"65968.31233507"
"2020-Q4";"WMF";"WG1";"48666.21084887"
"2020-Q4";"WMF";"D2";"34617.88036626"
"2020-Q4";"WMF";"D2S";"34157.57719493"
"2020-Q4";"WMF";"T5";"100586.19270133"
"2020-Q4";"WMF";"T5S";"100125.88953"
"2020-Q4";"WMF";"BBIP";"181440.85196458"
"2020-Q4";"WMF";"BBIPS";"181775.47913612"
"2020-Q4";"VVP";"PHPOE";"-1.37758412"
"2020-Q4";"VVP";"S";"1.58284152"
"2020-Q4";"VVP";"T0";"-0.80740708"
"2020-Q4";"VVP";"B";"-0.73695292"
"2020-Q4";"VVP";"A";"0.66827369"
"2020-Q4";"VVP";"T1";"0.20373981"
"2020-Q4";"VVP";"T2";"-3.80755819"
"2020-Q4";"VVP";"WG0";"1.10482247"
"2020-Q4";"VVP";"D0";"13.05545263"
"2020-Q4";"VVP";"D0S";"4.08641795"
"2020-Q4";"VVP";"T3";"-0.00492394"
"2020-Q4";"VVP";"T3S";"-1.95398894"
"2020-Q4";"VVP";"T4";"-9.8541103"
"2020-Q4";"VVP";"WG1";"-1.64900697"
"2020-Q4";"VVP";"D2";"1.54111924"
"2020-Q4";"VVP";"D2S";"-2.81695035"
"2020-Q4";"VVP";"T5";"-6.2325533"
"2020-Q4";"VVP";"T5S";"-7.57084405"
"2020-Q4";"VVP";"BBIP";"1.28703064"
"2020-Q4";"VVP";"BBIPS";"1.286578"
"2021-Q1";"WMF";"PHPOE";"88077.49160667"
"2021-Q1";"WMF";"S";"22791.98822714"
"2021-Q1";"WMF";"T0";"110869.47983381"
"2021-Q1";"WMF";"B";"16423.04148193"
"2021-Q1";"WMF";"A";"33604.29279683"
"2021-Q1";"WMF";"T1";"50027.33427876"
"2021-Q1";"WMF";"T2";"95148.20291098"
"2021-Q1";"WMF";"WG0";"78008.98551021"
"2021-Q1";"WMF";"D0";"29015.77182927"
"2021-Q1";"WMF";"D0S";"29498.78633908"
"2021-Q1";"WMF";"T3";"124163.97474025"
"2021-Q1";"WMF";"T3S";"124646.98925006"
"2021-Q1";"WMF";"T4";"71858.22002159"
"2021-Q1";"WMF";"WG1";"49809.71402145"
"2021-Q1";"WMF";"D2";"34943.08475282"
"2021-Q1";"WMF";"D2S";"35361.37800689"
"2021-Q1";"WMF";"T5";"106801.30477441"
"2021-Q1";"WMF";"T5S";"107219.59802848"
"2021-Q1";"WMF";"BBIP";"183604.52923154"
"2021-Q1";"WMF";"BBIPS";"183722.02780363"
"2021-Q1";"VVP";"PHPOE";"-3.02218373"
"2021-Q1";"VVP";"S";"2.13587379"
"2021-Q1";"VVP";"T0";"-2.00480452"
"2021-Q1";"VVP";"B";"0.09493048"
"2021-Q1";"VVP";"A";"-0.27183376"
"2021-Q1";"VVP";"T1";"-0.1517286"
"2021-Q1";"VVP";"T2";"10.77134188"
"2021-Q1";"VVP";"WG0";"9.07326214"
"2021-Q1";"VVP";"D0";"-1.28536737"
"2021-Q1";"VVP";"D0S";"3.42731232"
"2021-Q1";"VVP";"T3";"7.69743205"
"2021-Q1";"VVP";"T3S";"8.94066559"
"2021-Q1";"VVP";"T4";"8.92838922"
"2021-Q1";"VVP";"WG1";"2.34968606"
"2021-Q1";"VVP";"D2";"0.93941161"
"2021-Q1";"VVP";"D2S";"3.52425702"
"2021-Q1";"VVP";"T5";"6.17889186"
"2021-Q1";"VVP";"T5S";"7.08478949"
"2021-Q1";"VVP";"BBIP";"1.1924973"
"2021-Q1";"VVP";"BBIPS";"1.07085327"
"2021-Q2";"WMF";"PHPOE";"91464.40944132"
"2021-Q2";"WMF";"S";"23026.56513473"
"2021-Q2";"WMF";"T0";"114490.97457605"
"2021-Q2";"WMF";"B";"16324.00464703"
"2021-Q2";"WMF";"A";"35130.35975337"
"2021-Q2";"WMF";"T1";"51454.36440039"
"2021-Q2";"WMF";"T2";"100972.33931265"
"2021-Q2";"WMF";"WG0";"82488.21057489"
"2021-Q2";"WMF";"D0";"30272.38165197"
"2021-Q2";"WMF";"D0S";"29843.96780481"
"2021-Q2";"WMF";"T3";"131244.72096463"
"2021-Q2";"WMF";"T3S";"130816.30711746"
"2021-Q2";"WMF";"T4";"71866.75898257"
"2021-Q2";"WMF";"WG1";"52470.45464031"
"2021-Q2";"WMF";"D2";"37677.63705615"
"2021-Q2";"WMF";"D2S";"37006.94241091"
"2021-Q2";"WMF";"T5";"109544.39603872"
"2021-Q2";"WMF";"T5S";"108873.70139349"
"2021-Q2";"WMF";"BBIP";"190378.72494025"
"2021-Q2";"WMF";"BBIPS";"190172.77348084"
"2021-Q2";"VVP";"PHPOE";"3.84538407"
"2021-Q2";"VVP";"S";"1.02920774"
"2021-Q2";"VVP";"T0";"3.26644875"
"2021-Q2";"VVP";"B";"-0.60303589"
"2021-Q2";"VVP";"A";"4.54128574"
"2021-Q2";"VVP";"T1";"2.85250082"
"2021-Q2";"VVP";"T2";"6.12112076"
"2021-Q2";"VVP";"WG0";"5.74193477"
"2021-Q2";"VVP";"D0";"4.330782"
"2021-Q2";"VVP";"D0S";"1.1701548"
"2021-Q2";"VVP";"T3";"5.70273804"
"2021-Q2";"VVP";"T3S";"4.94943192"
"2021-Q2";"VVP";"T4";"0.01188307"
"2021-Q2";"VVP";"WG1";"5.34181067"
"2021-Q2";"VVP";"D2";"7.8257324"
"2021-Q2";"VVP";"D2S";"4.65356413"
"2021-Q2";"VVP";"T5";"2.56840614"
"2021-Q2";"VVP";"T5S";"1.54272483"
"2021-Q2";"VVP";"BBIP";"3.68955806"
"2021-Q2";"VVP";"BBIPS";"3.51114439"
"2021-Q3";"WMF";"PHPOE";"94059.14855723"
"2021-Q3";"WMF";"S";"23190.86057175"
"2021-Q3";"WMF";"T0";"117250.00912898"
"2021-Q3";"WMF";"B";"16376.11059596"
"2021-Q3";"WMF";"A";"35188.98764545"
"2021-Q3";"WMF";"T1";"51565.09824141"
"2021-Q3";"WMF";"T2";"105801.91042705"
"2021-Q3";"WMF";"WG0";"87645.47619692"
"2021-Q3";"WMF";"D0";"32087.15550175"
"2021-Q3";"WMF";"D0S";"32270.33540365"
"2021-Q3";"WMF";"T3";"137889.0659288"
"2021-Q3";"WMF";"T3S";"138072.2458307"
"2021-Q3";"WMF";"T4";"69744.26782623"
"2021-Q3";"WMF";"WG1";"53350.8496044"
"2021-Q3";"WMF";"D2";"38468.72427908"
"2021-Q3";"WMF";"D2S";"38315.27656382"
"2021-Q3";"WMF";"T5";"108212.99210531"
"2021-Q3";"WMF";"T5S";"108059.54439005"
"2021-Q3";"WMF";"BBIP";"195567.75848114"
"2021-Q3";"WMF";"BBIPS";"195037.44663435"
"2021-Q3";"VVP";"PHPOE";"2.83688391"
"2021-Q3";"VVP";"S";"0.71350389"
"2021-Q3";"VVP";"T0";"2.40982712"
"2021-Q3";"VVP";"B";"0.31919832"
"2021-Q3";"VVP";"A";"0.16688668"
"2021-Q3";"VVP";"T1";"0.21520787"
"2021-Q3";"VVP";"T2";"4.78306351"
"2021-Q3";"VVP";"WG0";"6.2521245"
"2021-Q3";"VVP";"D0";"5.99481689"
"2021-Q3";"VVP";"D0S";"8.13017764"
"2021-Q3";"VVP";"T3";"5.06256169"
"2021-Q3";"VVP";"T3S";"5.54666224"
"2021-Q3";"VVP";"T4";"-2.9533698"
"2021-Q3";"VVP";"WG1";"1.67788705"
"2021-Q3";"VVP";"D2";"2.09962005"
"2021-Q3";"VVP";"D2S";"3.5353749"
"2021-Q3";"VVP";"T5";"-1.21540123"
"2021-Q3";"VVP";"T5S";"-0.74779951"
"2021-Q3";"VVP";"BBIP";"2.7256373"
"2021-Q3";"VVP";"BBIPS";"2.55802819"
"2021-Q4";"WMF";"PHPOE";"94859.37067027"
"2021-Q4";"WMF";"S";"23233.47920241"
"2021-Q4";"WMF";"T0";"118092.84987267"
"2021-Q4";"WMF";"B";"16317.86913317"
"2021-Q4";"WMF";"A";"36349.56598317"
"2021-Q4";"WMF";"T1";"52667.43511634"
"2021-Q4";"WMF";"T2";"108075.17252684"
"2021-Q4";"WMF";"WG0";"87789.5525965"
"2021-Q4";"WMF";"D0";"35933.05292279"
"2021-Q4";"WMF";"D0S";"34252.0992335"
"2021-Q4";"WMF";"T3";"144008.22544963"
"2021-Q4";"WMF";"T3S";"142327.27176034"
"2021-Q4";"WMF";"T4";"80855.1873195"
"2021-Q4";"WMF";"WG1";"55999.96247055"
"2021-Q4";"WMF";"D2";"40253.00631793"
"2021-Q4";"WMF";"D2S";"39928.06771402"
"2021-Q4";"WMF";"T5";"121108.19363743"
"2021-Q4";"WMF";"T5S";"120783.25503352"
"2021-Q4";"WMF";"BBIP";"198162.84832646"
"2021-Q4";"WMF";"BBIPS";"198121.37390613"
"2021-Q4";"VVP";"PHPOE";"0.85076479"
"2021-Q4";"VVP";"S";"0.18377339"
"2021-Q4";"VVP";"T0";"0.71884066"
"2021-Q4";"VVP";"B";"-0.35564893"
"2021-Q4";"VVP";"A";"3.29812937"
"2021-Q4";"VVP";"T1";"2.13775773"
"2021-Q4";"VVP";"T2";"2.14860213"
"2021-Q4";"VVP";"WG0";"0.16438544"
"2021-Q4";"VVP";"D0";"11.98578484"
"2021-Q4";"VVP";"D0S";"6.1411318"
"2021-Q4";"VVP";"T3";"4.43774093"
"2021-Q4";"VVP";"T3S";"3.08173877"
"2021-Q4";"VVP";"T4";"15.93094291"
"2021-Q4";"VVP";"WG1";"4.96545582"
"2021-Q4";"VVP";"D2";"4.63826673"
"2021-Q4";"VVP";"D2S";"4.20926402"
"2021-Q4";"VVP";"T5";"11.9165003"
"2021-Q4";"VVP";"T5S";"11.77472172"
"2021-Q4";"VVP";"BBIP";"1.32695178"
"2021-Q4";"VVP";"BBIPS";"1.58119752"
"2022-Q1";"WMF";"PHPOE";"96762.43057398"
"2022-Q1";"WMF";"S";"23212.24167144"
"2022-Q1";"WMF";"T0";"119974.67224542"
"2022-Q1";"WMF";"B";"16281.64894036"
"2022-Q1";"WMF";"A";"35977.00221819"
"2022-Q1";"WMF";"T1";"52258.65115855"
"2022-Q1";"WMF";"T2";"119284.03874711"
"2022-Q1";"WMF";"WG0";"97692.91569449"
"2022-Q1";"WMF";"D0";"34146.98863739"
"2022-Q1";"WMF";"D0S";"34270.29252915"
"2022-Q1";"WMF";"T3";"153431.0273845"
"2022-Q1";"WMF";"T3S";"153554.33127626"
"2022-Q1";"WMF";"T4";"85158.9459791"
"2022-Q1";"WMF";"WG1";"61671.75543706"
"2022-Q1";"WMF";"D2";"39160.20426776"
"2022-Q1";"WMF";"D2S";"39064.72450116"
"2022-Q1";"WMF";"T5";"124319.15024686"
"2022-Q1";"WMF";"T5S";"124223.67048026"
"2022-Q1";"WMF";"BBIP";"201215.93301774"
"2022-Q1";"WMF";"BBIPS";"201191.78057888"
"2022-Q1";"VVP";"PHPOE";"2.00619073"
"2022-Q1";"VVP";"S";"-0.09140917"
"2022-Q1";"VVP";"T0";"1.59351085"
"2022-Q1";"VVP";"B";"-0.22196644"
"2022-Q1";"VVP";"A";"-1.02494694"
"2022-Q1";"VVP";"T1";"-0.77616075"
"2022-Q1";"VVP";"T2";"10.37136093"
"2022-Q1";"VVP";"WG0";"11.28079914"
"2022-Q1";"VVP";"D0";"-4.97053309"
"2022-Q1";"VVP";"D0S";"0.05311586"
"2022-Q1";"VVP";"T3";"6.5432387"
"2022-Q1";"VVP";"T3S";"7.88819976"
"2022-Q1";"VVP";"T4";"5.32279845"
"2022-Q1";"VVP";"WG1";"10.12820851"
"2022-Q1";"VVP";"D2";"-2.71483338"
"2022-Q1";"VVP";"D2S";"-2.16224642"
"2022-Q1";"VVP";"T5";"2.65131244"
"2022-Q1";"VVP";"T5S";"2.84842087"
"2022-Q1";"VVP";"BBIP";"1.5406948"
"2022-Q1";"VVP";"BBIPS";"1.54976044"
"2022-Q2";"WMF";"PHPOE";"98628.72145467"
"2022-Q2";"WMF";"S";"23237.87152201"
"2022-Q2";"WMF";"T0";"121866.59297669"
"2022-Q2";"WMF";"B";"16507.25297424"
"2022-Q2";"WMF";"A";"37275.85439677"
"2022-Q2";"WMF";"T1";"53783.10737101"
"2022-Q2";"WMF";"T2";"102582.42138549"
"2022-Q2";"WMF";"WG0";"86958.5062754"
"2022-Q2";"WMF";"D0";"36707.00627432"
"2022-Q2";"WMF";"D0S";"36937.43998025"
"2022-Q2";"WMF";"T3";"139289.42765981"
"2022-Q2";"WMF";"T3S";"139519.86136574"
"2022-Q2";"WMF";"T4";"78975.75940082"
"2022-Q2";"WMF";"WG1";"61841.15718162"
"2022-Q2";"WMF";"D2";"41366.86159378"
"2022-Q2";"WMF";"D2S";"41415.34395734"
"2022-Q2";"WMF";"T5";"120342.6209946"
"2022-Q2";"WMF";"T5S";"120391.10335816"
"2022-Q2";"WMF";"BBIP";"204292.9327609"
"2022-Q2";"WMF";"BBIPS";"203800.5248202"
"2022-Q2";"VVP";"PHPOE";"1.92873502"
"2022-Q2";"VVP";"S";"0.11041523"
"2022-Q2";"VVP";"T0";"1.57693344"
"2022-Q2";"VVP";"B";"1.38563382"
"2022-Q2";"VVP";"A";"3.61022903"
"2022-Q2";"VVP";"T1";"2.91713655"
"2022-Q2";"VVP";"T2";"-14.00155254"
"2022-Q2";"VVP";"WG0";"-10.98790976"
"2022-Q2";"VVP";"D0";"7.49705242"
"2022-Q2";"VVP";"D0S";"7.78268073"
"2022-Q2";"VVP";"T3";"-9.21691001"
"2022-Q2";"VVP";"T3S";"-9.13974213"
"2022-Q2";"VVP";"T4";"-7.26075987"
"2022-Q2";"VVP";"WG1";"0.27468286"
"2022-Q2";"VVP";"D2";"5.63494846"
"2022-Q2";"VVP";"D2S";"6.01724314"
"2022-Q2";"VVP";"T5";"-3.19864578"
"2022-Q2";"VVP";"T5S";"-3.08521484"
"2022-Q2";"VVP";"BBIP";"1.52920283"
"2022-Q2";"VVP";"BBIPS";"1.29664554"
"2022-Q3";"WMF";"PHPOE";"100033.99583975"
"2022-Q3";"WMF";"S";"23421.69326068"
"2022-Q3";"WMF";"T0";"123455.68910043"
"2022-Q3";"WMF";"B";"16377.40047261"
"2022-Q3";"WMF";"A";"38273.41694184"
"2022-Q3";"WMF";"T1";"54650.81741445"
"2022-Q3";"WMF";"T2";"123467.12189636"
"2022-Q3";"WMF";"WG0";"96709.89869682"
"2022-Q3";"WMF";"D0";"38366.98944918"
"2022-Q3";"WMF";"D0S";"37800.82123353"
"2022-Q3";"WMF";"T3";"161834.11134554"
"2022-Q3";"WMF";"T3S";"161267.94312989"
"2022-Q3";"WMF";"T4";"87428.45133567"
"2022-Q3";"WMF";"WG1";"62914.03915786"
"2022-Q3";"WMF";"D2";"40725.25553511"
"2022-Q3";"WMF";"D2S";"40726.65686282"
"2022-Q3";"WMF";"T5";"128153.70687078"
"2022-Q3";"WMF";"T5S";"128155.10819849"
"2022-Q3";"WMF";"BBIP";"206462.53975067"
"2022-Q3";"WMF";"BBIPS";"205859.03599701"
"2022-Q3";"VVP";"PHPOE";"1.42481253"
"2022-Q3";"VVP";"S";"0.79104379"
"2022-Q3";"VVP";"T0";"1.30396369"
"2022-Q3";"VVP";"B";"-0.78663907"
"2022-Q3";"VVP";"A";"2.67616279"
"2022-Q3";"VVP";"T1";"1.61335052"
"2022-Q3";"VVP";"T2";"20.35894672"
"2022-Q3";"VVP";"WG0";"11.21384536"
"2022-Q3";"VVP";"D0";"4.52225159"
"2022-Q3";"VVP";"D0S";"2.33741497"
"2022-Q3";"VVP";"T3";"16.18549524"
"2022-Q3";"VVP";"T3S";"15.58780345"
"2022-Q3";"VVP";"T4";"10.70289415"
"2022-Q3";"VVP";"WG1";"1.73489958"
"2022-Q3";"VVP";"D2";"-1.55101459"
"2022-Q3";"VVP";"D2S";"-1.66287909"
"2022-Q3";"VVP";"T5";"6.49070613"
"2022-Q3";"VVP";"T5S";"6.44898553"
"2022-Q3";"VVP";"BBIP";"1.06200785"
"2022-Q3";"VVP";"BBIPS";"1.01006176"
"2022-Q4";"WMF";"PHPOE";"99934.12469998"
"2022-Q4";"WMF";"S";"23694.28448691"
"2022-Q4";"WMF";"T0";"123628.4091869"
"2022-Q4";"WMF";"B";"16546.90491946"
"2022-Q4";"WMF";"A";"38070.20337633"
"2022-Q4";"WMF";"T1";"54617.10829579"
"2022-Q4";"WMF";"T2";"120369.92802196"
"2022-Q4";"WMF";"WG0";"96136.62828821"
"2022-Q4";"WMF";"D0";"39783.11634443"
"2022-Q4";"WMF";"D0S";"38550.52595839"
"2022-Q4";"WMF";"T3";"160153.04436638"
"2022-Q4";"WMF";"T3S";"158920.45398034"
"2022-Q4";"WMF";"T4";"87866.69766327"
"2022-Q4";"WMF";"WG1";"61768.4489242"
"2022-Q4";"WMF";"D2";"41124.16667312"
"2022-Q4";"WMF";"D2S";"41371.65955824"
"2022-Q4";"WMF";"T5";"128990.86433639"
"2022-Q4";"WMF";"T5S";"129238.35722152"
"2022-Q4";"WMF";"BBIP";"207649.61220594"
"2022-Q4";"WMF";"BBIPS";"207057.09043989"
"2022-Q4";"VVP";"PHPOE";"-0.0998372"
"2022-Q4";"VVP";"S";"1.16384082"
"2022-Q4";"VVP";"T0";"0.13990452"
"2022-Q4";"VVP";"B";"1.03498994"
"2022-Q4";"VVP";"A";"-0.53095224"
"2022-Q4";"VVP";"T1";"-0.0616809"
"2022-Q4";"VVP";"T2";"-2.50851711"
"2022-Q4";"VVP";"WG0";"-0.59277325"
"2022-Q4";"VVP";"D0";"3.69100343"
"2022-Q4";"VVP";"D0S";"1.98330274"
"2022-Q4";"VVP";"T3";"-1.03875936"
"2022-Q4";"VVP";"T3S";"-1.45564525"
"2022-Q4";"VVP";"T4";"0.50126283"
"2022-Q4";"VVP";"WG1";"-1.82088171"
"2022-Q4";"VVP";"D2";"0.97951783"
"2022-Q4";"VVP";"D2S";"1.58373592"
"2022-Q4";"VVP";"T5";"0.65324483"
"2022-Q4";"VVP";"T5S";"0.84526402"
"2022-Q4";"VVP";"BBIP";"0.57495779"
"2022-Q4";"VVP";"BBIPS";"0.58197807"
"2023-Q1";"WMF";"PHPOE";"100812.91765569"
"2023-Q1";"WMF";"S";"24039.87516781"
"2023-Q1";"WMF";"T0";"124852.7928235"
"2023-Q1";"WMF";"B";"16704.76436979"
"2023-Q1";"WMF";"A";"39417.00562003"
"2023-Q1";"WMF";"T1";"56121.76998982"
"2023-Q1";"WMF";"T2";"115250.39836451"
"2023-Q1";"WMF";"WG0";"88717.64620286"
"2023-Q1";"WMF";"D0";"39330.78667702"
"2023-Q1";"WMF";"D0S";"39036.7917918"
"2023-Q1";"WMF";"T3";"154581.18504153"
"2023-Q1";"WMF";"T3S";"154287.19015631"
"2023-Q1";"WMF";"T4";"90860.20931324"
"2023-Q1";"WMF";"WG1";"63172.51404205"
"2023-Q1";"WMF";"D2";"40947.22054401"
"2023-Q1";"WMF";"D2S";"41593.7839363"
"2023-Q1";"WMF";"T5";"131807.42985725"
"2023-Q1";"WMF";"T5S";"132453.99324954"
"2023-Q1";"WMF";"BBIP";"208791.43708349"
"2023-Q1";"WMF";"BBIPS";"209103.54125173"
"2023-Q1";"VVP";"PHPOE";"0.87937224"
"2023-Q1";"VVP";"S";"1.45854027"
"2023-Q1";"VVP";"T0";"0.99037401"
"2023-Q1";"VVP";"B";"0.95401195"
"2023-Q1";"VVP";"A";"3.53768072"
"2023-Q1";"VVP";"T1";"2.75492742"
"2023-Q1";"VVP";"T2";"-4.25316335"
"2023-Q1";"VVP";"WG0";"-7.71712324"
"2023-Q1";"VVP";"D0";"-1.13698903"
"2023-Q1";"VVP";"D0S";"1.26137276"
"2023-Q1";"VVP";"T3";"-3.47908424"
"2023-Q1";"VVP";"T3S";"-2.91546098"
"2023-Q1";"VVP";"T4";"3.40687852"
"2023-Q1";"VVP";"WG1";"2.27311053"
"2023-Q1";"VVP";"D2";"-0.43027286"
"2023-Q1";"VVP";"D2S";"0.53689985"
"2023-Q1";"VVP";"T5";"2.18353876"
"2023-Q1";"VVP";"T5S";"2.48814369"
"2023-Q1";"VVP";"BBIP";"0.54988057"
"2023-Q1";"VVP";"BBIPS";"0.98835099"
"2023-Q2";"WMF";"PHPOE";"101507.52069057"
"2023-Q2";"WMF";"S";"24293.03535717"
"2023-Q2";"WMF";"T0";"125800.55604774"
"2023-Q2";"WMF";"B";"16618.80831965"
"2023-Q2";"WMF";"A";"39413.75459375"
"2023-Q2";"WMF";"T1";"56032.56291339"
"2023-Q2";"WMF";"T2";"109339.73856363"
"2023-Q2";"WMF";"WG0";"86854.57360567"
"2023-Q2";"WMF";"D0";"38045.88755017"
"2023-Q2";"WMF";"D0S";"39049.34881261"
"2023-Q2";"WMF";"T3";"147385.6261138"
"2023-Q2";"WMF";"T3S";"148389.08737624"
"2023-Q2";"WMF";"T4";"81023.46117733"
"2023-Q2";"WMF";"WG1";"58246.80068747"
"2023-Q2";"WMF";"D2";"42397.18094813"
"2023-Q2";"WMF";"D2S";"41943.90464604"
"2023-Q2";"WMF";"T5";"123420.64212546"
"2023-Q2";"WMF";"T5S";"122967.36582338"
"2023-Q2";"WMF";"BBIP";"207880.28032567"
"2023-Q2";"WMF";"BBIPS";"208208.55079489"
"2023-Q2";"VVP";"PHPOE";"0.68900202"
"2023-Q2";"VVP";"S";"1.05308446"
"2023-Q2";"VVP";"T0";"0.75910454"
"2023-Q2";"VVP";"B";"-0.51456009"
"2023-Q2";"VVP";"A";"-0.00824778"
"2023-Q2";"VVP";"T1";"-0.15895271"
"2023-Q2";"VVP";"T2";"-5.12853741"
"2023-Q2";"VVP";"WG0";"-2.10000228"
"2023-Q2";"VVP";"D0";"-3.26690421"
"2023-Q2";"VVP";"D0S";"0.03216714"
"2023-Q2";"VVP";"T3";"-4.6548737"
"2023-Q2";"VVP";"T3S";"-3.82280783"
"2023-Q2";"VVP";"T4";"-10.82624419"
"2023-Q2";"VVP";"WG1";"-7.7972413"
"2023-Q2";"VVP";"D2";"3.54104719"
"2023-Q2";"VVP";"D2S";"0.8417621"
"2023-Q2";"VVP";"T5";"-6.36290969"
"2023-Q2";"VVP";"T5S";"-7.16220568"
"2023-Q2";"VVP";"BBIP";"-0.43639565"
"2023-Q2";"VVP";"BBIPS";"-0.42801306"
"2023-Q3";"WMF";"PHPOE";"102091.00583723"
"2023-Q3";"WMF";"S";"24643.85701583"
"2023-Q3";"WMF";"T0";"126734.86285306"
"2023-Q3";"WMF";"B";"16661.29605461"
"2023-Q3";"WMF";"A";"39706.03130324"
"2023-Q3";"WMF";"T1";"56367.32735785"
"2023-Q3";"WMF";"T2";"102176.38682858"
"2023-Q3";"WMF";"WG0";"82912.38969063"
"2023-Q3";"WMF";"D0";"38909.85569227"
"2023-Q3";"WMF";"D0S";"38841.76270199"
"2023-Q3";"WMF";"T3";"141086.24252085"
"2023-Q3";"WMF";"T3S";"141018.14953057"
"2023-Q3";"WMF";"T4";"75224.74955749"
"2023-Q3";"WMF";"WG1";"57707.8853239"
"2023-Q3";"WMF";"D2";"42465.66955314"
"2023-Q3";"WMF";"D2S";"42613.25008196"
"2023-Q3";"WMF";"T5";"117690.41911063"
"2023-Q3";"WMF";"T5S";"117837.99963945"
"2023-Q3";"WMF";"BBIP";"208483.4243952"
"2023-Q3";"WMF";"BBIPS";"208829.43655823"
"2023-Q3";"VVP";"PHPOE";"0.57481962"
"2023-Q3";"VVP";"S";"1.44412443"
"2023-Q3";"VVP";"T0";"0.74268893"
"2023-Q3";"VVP";"B";"0.25566054"
"2023-Q3";"VVP";"A";"0.74156018"
"2023-Q3";"VVP";"T1";"0.59744625"
"2023-Q3";"VVP";"T2";"-6.55146229"
"2023-Q3";"VVP";"WG0";"-4.53883285"
"2023-Q3";"VVP";"D0";"2.27085816"
"2023-Q3";"VVP";"D0S";"-0.53159942"
"2023-Q3";"VVP";"T3";"-4.27408273"
"2023-Q3";"VVP";"T3S";"-4.96730452"
"2023-Q3";"VVP";"T4";"-7.1568303"
"2023-Q3";"VVP";"WG1";"-0.92522741"
"2023-Q3";"VVP";"D2";"0.16154047"
"2023-Q3";"VVP";"D2S";"1.59581098"
"2023-Q3";"VVP";"T5";"-4.64284006"
"2023-Q3";"VVP";"T5S";"-4.17132314"
"2023-Q3";"VVP";"BBIP";"0.29014011"
"2023-Q3";"VVP";"BBIPS";"0.29820378"
"2023-Q4";"WMF";"PHPOE";"102705.66683322"
"2023-Q4";"WMF";"S";"24969.72819315"
"2023-Q4";"WMF";"T0";"127675.39502637"
"2023-Q4";"WMF";"B";"16649.96574083"
"2023-Q4";"WMF";"A";"39201.24290365"
"2023-Q4";"WMF";"T1";"55851.20864448"
"2023-Q4";"WMF";"T2";"106137.52186607"
"2023-Q4";"WMF";"WG0";"84725.77523663"
"2023-Q4";"WMF";"D0";"37534.48496202"
"2023-Q4";"WMF";"D0S";"38911.97747015"
"2023-Q4";"WMF";"T3";"143672.00682809"
"2023-Q4";"WMF";"T3S";"145049.49933622"
"2023-Q4";"WMF";"T4";"80279.27045366"
"2023-Q4";"WMF";"WG1";"59810.77260172"
"2023-Q4";"WMF";"D2";"42554.26031936"
"2023-Q4";"WMF";"D2S";"42736.01662121"
"2023-Q4";"WMF";"T5";"122833.53077303"
"2023-Q4";"WMF";"T5S";"123015.28707487"
"2023-Q4";"WMF";"BBIP";"209332.13945844"
"2023-Q4";"WMF";"BBIPS";"209697.49009552"
"2023-Q4";"VVP";"PHPOE";"0.60207164"
"2023-Q4";"VVP";"S";"1.32232214"
"2023-Q4";"VVP";"T0";"0.74212585"
"2023-Q4";"VVP";"B";"-0.0680038"
"2023-Q4";"VVP";"A";"-1.27131416"
"2023-Q4";"VVP";"T1";"-0.91563453"
"2023-Q4";"VVP";"T2";"3.87676171"
"2023-Q4";"VVP";"WG0";"2.18711046"
"2023-Q4";"VVP";"D0";"-3.53476184"
"2023-Q4";"VVP";"D0S";"0.18077132"
"2023-Q4";"VVP";"T3";"1.83275439"
"2023-Q4";"VVP";"T3S";"2.85874536"
"2023-Q4";"VVP";"T4";"6.71922595"
"2023-Q4";"VVP";"WG1";"3.64402068"
"2023-Q4";"VVP";"D2";"0.20861738"
"2023-Q4";"VVP";"D2S";"0.28809476"
"2023-Q4";"VVP";"T5";"4.37003428"
"2023-Q4";"VVP";"T5S";"4.39356358"
"2023-Q4";"VVP";"BBIP";"0.40708995"
"2023-Q4";"VVP";"BBIPS";"0.41567585"
"2024-Q1";"WMF";"PHPOE";"103844.62561021"
"2024-Q1";"WMF";"S";"25146.79994024"
"2024-Q1";"WMF";"T0";"128991.42555046"
"2024-Q1";"WMF";"B";"16548.66464701"
"2024-Q1";"WMF";"A";"39798.54076215"
"2024-Q1";"WMF";"T1";"56347.20540916"
"2024-Q1";"WMF";"T2";"111463.03114775"
"2024-Q1";"WMF";"WG0";"81988.86006209"
"2024-Q1";"WMF";"D0";"40579.07940178"
"2024-Q1";"WMF";"D0S";"40211.76000199"
"2024-Q1";"WMF";"T3";"152042.11054952"
"2024-Q1";"WMF";"T3S";"151674.79114974"
"2024-Q1";"WMF";"T4";"86317.20223416"
"2024-Q1";"WMF";"WG1";"58771.2140077"
"2024-Q1";"WMF";"D2";"43459.00749604"
"2024-Q1";"WMF";"D2S";"43561.52539768"
"2024-Q1";"WMF";"T5";"129776.20973019"
"2024-Q1";"WMF";"T5S";"129878.72763183"
"2024-Q1";"WMF";"BBIP";"210611.51686103"
"2024-Q1";"WMF";"BBIPS";"210788.87335244"
"2024-Q1";"VVP";"PHPOE";"1.10895417"
"2024-Q1";"VVP";"S";"0.70914567"
"2024-Q1";"VVP";"T0";"1.03076284"
"2024-Q1";"VVP";"B";"-0.60841623"
"2024-Q1";"VVP";"A";"1.52367072"
"2024-Q1";"VVP";"T1";"0.8880681"
"2024-Q1";"VVP";"T2";"5.0175557"
"2024-Q1";"VVP";"WG0";"-3.23032178"
"2024-Q1";"VVP";"D0";"8.11145922"
"2024-Q1";"VVP";"D0S";"3.34031477"
"2024-Q1";"VVP";"T3";"5.82584173"
"2024-Q1";"VVP";"T3S";"4.5676075"
"2024-Q1";"VVP";"T4";"7.52115926"
"2024-Q1";"VVP";"WG1";"-1.73807919"
"2024-Q1";"VVP";"D2";"2.12610246"
"2024-Q1";"VVP";"D2S";"1.93164652"
"2024-Q1";"VVP";"T5";"5.65210404"
"2024-Q1";"VVP";"T5S";"5.57933954"
"2024-Q1";"VVP";"BBIP";"0.61117103"
"2024-Q1";"VVP";"BBIPS";"0.52045604"
"2024-Q2";"WMF";"PHPOE";"105002.40662874"
"2024-Q2";"WMF";"S";"25292.89767951"
"2024-Q2";"WMF";"T0";"130295.30430825"
"2024-Q2";"WMF";"B";"16559.37706287"
"2024-Q2";"WMF";"A";"40133.28961521"
"2024-Q2";"WMF";"T1";"56692.66667808"
"2024-Q2";"WMF";"T2";"111390.84918093"
"2024-Q2";"WMF";"WG0";"91479.45019114"
"2024-Q2";"WMF";"D0";"41932.93053806"
"2024-Q2";"WMF";"D0S";"41073.5286384"
"2024-Q2";"WMF";"T3";"153323.77971899"
"2024-Q2";"WMF";"T3S";"152464.37781933"
"2024-Q2";"WMF";"T4";"78196.92879135"
"2024-Q2";"WMF";"WG1";"60327.71744608"
"2024-Q2";"WMF";"D2";"45271.75925625"
"2024-Q2";"WMF";"D2S";"44861.9906465"
"2024-Q2";"WMF";"T5";"123468.6880476"
"2024-Q2";"WMF";"T5S";"123058.91943785"
"2024-Q2";"WMF";"BBIP";"213198.01470756"
"2024-Q2";"WMF";"BBIPS";"213016.60568131"
"2024-Q2";"VVP";"PHPOE";"1.11491665"
"2024-Q2";"VVP";"S";"0.58097945"
"2024-Q2";"VVP";"T0";"1.01082592"
"2024-Q2";"VVP";"B";"0.06473281"
"2024-Q2";"VVP";"A";"0.84110836"
"2024-Q2";"VVP";"T1";"0.61309388"
"2024-Q2";"VVP";"T2";"-0.06475866"
"2024-Q2";"VVP";"WG0";"11.57546296"
"2024-Q2";"VVP";"D0";"3.33632787"
"2024-Q2";"VVP";"D0S";"2.14307615"
"2024-Q2";"VVP";"T3";"0.84296986"
"2024-Q2";"VVP";"T3S";"0.52057871"
"2024-Q2";"VVP";"T4";"-9.40747989"
"2024-Q2";"VVP";"WG1";"2.64841124"
"2024-Q2";"VVP";"D2";"4.17117616"
"2024-Q2";"VVP";"D2S";"2.98535287"
"2024-Q2";"VVP";"T5";"-4.8603066"
"2024-Q2";"VVP";"T5S";"-5.25090468"
"2024-Q2";"VVP";"BBIP";"1.22808946"
"2024-Q2";"VVP";"BBIPS";"1.0568548"
"2024-Q3";"WMF";"PHPOE";"105931.87900309"
"2024-Q3";"WMF";"S";"25520.97139059"
"2024-Q3";"WMF";"T0";"131452.85039368"
"2024-Q3";"WMF";"B";"16570.1872673"
"2024-Q3";"WMF";"A";"39765.37135375"
"2024-Q3";"WMF";"T1";"56335.55862105"
"2024-Q3";"WMF";"T2";"103498.70517541"
"2024-Q3";"WMF";"WG0";"83746.74320242"
"2024-Q3";"WMF";"D0";"41156.75385252"
"2024-Q3";"WMF";"D0S";"40904.54249135"
"2024-Q3";"WMF";"T3";"144655.45902793"
"2024-Q3";"WMF";"T3S";"144403.24766676"
"2024-Q3";"WMF";"T4";"77139.89799835"
"2024-Q3";"WMF";"WG1";"58137.98242296"
"2024-Q3";"WMF";"D2";"45041.44767559"
"2024-Q3";"WMF";"D2S";"44471.20793167"
"2024-Q3";"WMF";"T5";"122181.34567394"
"2024-Q3";"WMF";"T5S";"121611.10593002"
"2024-Q3";"WMF";"BBIP";"214857.77148769"
"2024-Q3";"WMF";"BBIPS";"214315.62090795"
"2024-Q3";"VVP";"PHPOE";"0.8851915"
"2024-Q3";"VVP";"S";"0.90173026"
"2024-Q3";"VVP";"T0";"0.888402"
"2024-Q3";"VVP";"B";"0.06528147"
"2024-Q3";"VVP";"A";"-0.91674085"
"2024-Q3";"VVP";"T1";"-0.62990168"
"2024-Q3";"VVP";"T2";"-7.08509188"
"2024-Q3";"VVP";"WG0";"-8.45294432"
"2024-Q3";"VVP";"D0";"-1.85099557"
"2024-Q3";"VVP";"D0S";"-0.4114235"
"2024-Q3";"VVP";"T3";"-5.65360488"
"2024-Q3";"VVP";"T3S";"-5.28722202"
"2024-Q3";"VVP";"T4";"-1.35175487"
"2024-Q3";"VVP";"WG1";"-3.62973293"
"2024-Q3";"VVP";"D2";"-0.50873124"
"2024-Q3";"VVP";"D2S";"-0.87107752"
"2024-Q3";"VVP";"T5";"-1.04264684"
"2024-Q3";"VVP";"T5S";"-1.17652058"
"2024-Q3";"VVP";"BBIP";"0.7785048"
"2024-Q3";"VVP";"BBIPS";"0.60981876"
"2024-Q4";"WMF";"PHPOE";"106307.50982544"
"2024-Q4";"WMF";"S";"25784.55033126"
"2024-Q4";"WMF";"T0";"132092.0601567"
"2024-Q4";"WMF";"B";"16536.13709201"
"2024-Q4";"WMF";"A";"39892.03838085"
"2024-Q4";"WMF";"T1";"56428.17547286"
"2024-Q4";"WMF";"T2";"115629.18749572"
"2024-Q4";"WMF";"WG0";"89016.46573316"
"2024-Q4";"WMF";"D0";"42229.3649881"
"2024-Q4";"WMF";"D0S";"40627.02875904"
"2024-Q4";"WMF";"T3";"157858.55248382"
"2024-Q4";"WMF";"T3S";"156256.21625476"
"2024-Q4";"WMF";"T4";"85103.17102535"
"2024-Q4";"WMF";"WG1";"59969.49966487"
"2024-Q4";"WMF";"D2";"44916.15199729"
"2024-Q4";"WMF";"D2S";"44144.60248029"
"2024-Q4";"WMF";"T5";"130019.32302264"
"2024-Q4";"WMF";"T5S";"129247.77350564"
"2024-Q4";"WMF";"BBIP";"215491.53738568"
"2024-Q4";"WMF";"BBIPS";"215532.03000481"
"2024-Q4";"VVP";"PHPOE";"0.35459658"
"2024-Q4";"VVP";"S";"1.03279353"
"2024-Q4";"VVP";"T0";"0.48626543"
"2024-Q4";"VVP";"B";"-0.20549059"
"2024-Q4";"VVP";"A";"0.31853601"
"2024-Q4";"VVP";"T1";"0.16440212"
"2024-Q4";"VVP";"T2";"11.7204194"
"2024-Q4";"VVP";"WG0";"6.2924507"
"2024-Q4";"VVP";"D0";"2.60616068"
"2024-Q4";"VVP";"D0S";"-0.67844233"
"2024-Q4";"VVP";"T3";"9.12726941"
"2024-Q4";"VVP";"T3S";"8.20824239"
"2024-Q4";"VVP";"T4";"10.32315732"
"2024-Q4";"VVP";"WG1";"3.15029378"
"2024-Q4";"VVP";"D2";"-0.27817862"
"2024-Q4";"VVP";"D2S";"-0.73442001"
"2024-Q4";"VVP";"T5";"6.41503603"
"2024-Q4";"VVP";"T5S";"6.27958073"
"2024-Q4";"VVP";"BBIP";"0.29496997"
"2024-Q4";"VVP";"BBIPS";"0.56757836"
"2025-Q1";"WMF";"PHPOE";"106559.9966175"
"2025-Q1";"WMF";"S";"25917.95093494"
"2025-Q1";"WMF";"T0";"132477.94755244"
"2025-Q1";"WMF";"B";"16627.72107373"
"2025-Q1";"WMF";"A";"39896.26037995"
"2025-Q1";"WMF";"T1";"56523.98145368"
"2025-Q1";"WMF";"T2";"143812.57563684"
"2025-Q1";"WMF";"WG0";"95884.32825653"
"2025-Q1";"WMF";"D0";"41105.66501252"
"2025-Q1";"WMF";"D0S";"40576.91903953"
"2025-Q1";"WMF";"T3";"184918.24064935"
"2025-Q1";"WMF";"T3S";"184389.49467637"
"2025-Q1";"WMF";"T4";"109101.41746415"
"2025-Q1";"WMF";"WG1";"66424.43299191"
"2025-Q1";"WMF";"D2";"44483.02916796"
"2025-Q1";"WMF";"D2S";"44303.66910681"
"2025-Q1";"WMF";"T5";"153584.44663211"
"2025-Q1";"WMF";"T5S";"153405.08657095"
"2025-Q1";"WMF";"BBIP";"217578.08387295"
"2025-Q1";"WMF";"BBIPS";"217770.17228502"
"2025-Q1";"VVP";"PHPOE";"0.23750607"
"2025-Q1";"VVP";"S";"0.51736642"
"2025-Q1";"VVP";"T0";"0.29213519"
"2025-Q1";"VVP";"B";"0.55384145"
"2025-Q1";"VVP";"A";"0.01058356"
"2025-Q1";"VVP";"T1";"0.16978394"
"2025-Q1";"VVP";"T2";"24.37393945"
"2025-Q1";"VVP";"WG0";"7.71527208"
"2025-Q1";"VVP";"D0";"-2.66094452"
"2025-Q1";"VVP";"D0S";"-0.12334084"
"2025-Q1";"VVP";"T3";"17.14173083"
"2025-Q1";"VVP";"T3S";"18.00458189"
"2025-Q1";"VVP";"T4";"28.19900381"
"2025-Q1";"VVP";"WG1";"10.76369382"
"2025-Q1";"VVP";"D2";"-0.96429193"
"2025-Q1";"VVP";"D2S";"0.36033086"
"2025-Q1";"VVP";"T5";"18.12432419"
"2025-Q1";"VVP";"T5S";"18.69069958"
"2025-Q1";"VVP";"BBIP";"0.96827305"
"2025-Q1";"VVP";"BBIPS";"1.03842676"
"2025-Q2";"WMF";"PHPOE";"106931.05397123"
"2025-Q2";"WMF";"S";"26198.17228423"
"2025-Q2";"WMF";"T0";"133129.22625547"
"2025-Q2";"WMF";"B";"16602.96297868"
"2025-Q2";"WMF";"A";"39542.41139203"
"2025-Q2";"WMF";"T1";"56145.37437071"
"2025-Q2";"WMF";"T2";"118714.41917585"
"2025-Q2";"WMF";"WG0";"90082.90344538"
"2025-Q2";"WMF";"D0";"40517.04079747"
"2025-Q2";"WMF";"D0S";"41201.20305702"
"2025-Q2";"WMF";"T3";"159231.45997333"
"2025-Q2";"WMF";"T3S";"159915.62223288"
"2025-Q2";"WMF";"T4";"99139.02726543"
"2025-Q2";"WMF";"WG1";"61857.64685232"
"2025-Q2";"WMF";"D2";"42301.73963504"
"2025-Q2";"WMF";"D2S";"43247.93655762"
"2025-Q2";"WMF";"T5";"141440.76690048"
"2025-Q2";"WMF";"T5S";"142386.96382306"
"2025-Q2";"WMF";"BBIP";"217694.90445152"
"2025-Q2";"WMF";"BBIPS";"217903.2162187"
"2025-Q2";"VVP";"PHPOE";"0.34821449"
"2025-Q2";"VVP";"S";"1.08118636"
"2025-Q2";"VVP";"T0";"0.49161292"
"2025-Q2";"VVP";"B";"-0.1488965"
"2025-Q2";"VVP";"A";"-0.8869227"
"2025-Q2";"VVP";"T1";"-0.66981673"
"2025-Q2";"VVP";"T2";"-17.4519901"
"2025-Q2";"VVP";"WG0";"-6.05044111"
"2025-Q2";"VVP";"D0";"-1.43197833"
"2025-Q2";"VVP";"D0S";"1.53852001"
"2025-Q2";"VVP";"T3";"-13.89088528"
"2025-Q2";"VVP";"T3S";"-13.27292126"
"2025-Q2";"VVP";"T4";"-9.13131143"
"2025-Q2";"VVP";"WG1";"-6.87516014"
"2025-Q2";"VVP";"D2";"-4.90364432"
"2025-Q2";"VVP";"D2S";"-2.38294609"
"2025-Q2";"VVP";"T5";"-7.90684213"
"2025-Q2";"VVP";"T5S";"-7.18237119"
"2025-Q2";"VVP";"BBIP";"0.05369134"
"2025-Q2";"VVP";"BBIPS";"0.06109374"
